provider_record_id,revision,instrument_id,interval_start,interval_end,open,high,low,close,volume,adjustment_basis,final,available_at
bar-0001-20240102,1,inst_syn_0001,2024-01-02T14:30:00Z,2024-01-02T21:00:00Z,41.92,42.26,41.58,42.15,708208,RAW,true,2024-01-02T21:15:00Z
bar-0002-20240102,1,inst_syn_0002,2024-01-02T14:30:00Z,2024-01-02T21:00:00Z,119.91,120.52,119.14,119.67,481431,RAW,true,2024-01-02T21:15:00Z
bar-0003-20240102,1,inst_syn_0003,2024-01-02T14:30:00Z,2024-01-02T21:00:00Z,26.70,27.94,26.68,27.70,2503905,RAW,true,2024-01-02T21:15:00Z
bar-0004-20240102,1,inst_syn_0004,2024-01-02T14:30:00Z,2024-01-02T21:00:00Z,64.97,65.25,64.23,64.70,1300388,RAW,true,2024-01-02T21:15:00Z
bar-0005-20240102,1,inst_syn_0005,2024-01-02T14:30:00Z,2024-01-02T21:00:00Z,87.96,88.91,87.37,88.09,658171,RAW,true,2024-01-02T21:15:00Z
bar-0006-20240102,1,inst_syn_0006,2024-01-02T14:30:00Z,2024-01-02T21:00:00Z,181.01,182.75,179.19,182.23,334829,RAW,true,2024-01-02T21:15:00Z
bar-0007-20240102,1,inst_syn_0007,2024-01-02T14:30:00Z,2024-01-02T21:00:00Z,15.64,16.72,15.59,16.50,2955688,RAW,true,2024-01-02T21:15:00Z
bar-0008-20240102,1,inst_syn_0008,2024-01-02T14:30:00Z,2024-01-02T21:00:00Z,52.84,54.59,52.70,54.11,352171,RAW,true,2024-01-02T21:15:00Z
bar-0009-20240102,1,inst_syn_0009,2024-01-02T14:30:00Z,2024-01-02T21:00:00Z,21.73,22.27,21.51,22.02,2047120,RAW,true,2024-01-02T21:15:00Z
bar-0011-20240102,1,inst_syn_0011,2024-01-02T14:30:00Z,2024-01-02T21:00:00Z,237.84,239.41,237.61,238.72,5456280,RAW,true,2024-01-02T21:15:00Z
bar-0012-20240102,1,inst_syn_0012,2024-01-02T14:30:00Z,2024-01-02T21:00:00Z,71.58,72.62,70.92,71.89,2239239,RAW,true,2024-01-02T21:15:00Z
bar-0001-20240103,1,inst_syn_0001,2024-01-03T14:30:00Z,2024-01-03T21:00:00Z,42.31,42.57,41.94,42.08,1174835,RAW,true,2024-01-03T21:15:00Z
bar-0002-20240103,1,inst_syn_0002,2024-01-03T14:30:00Z,2024-01-03T21:00:00Z,120.49,122.15,117.84,118.02,599526,RAW,true,2024-01-03T21:15:00Z
bar-0003-20240103,1,inst_syn_0003,2024-01-03T14:30:00Z,2024-01-03T21:00:00Z,27.93,28.99,27.04,28.17,673142,RAW,true,2024-01-03T21:15:00Z
bar-0004-20240103,1,inst_syn_0004,2024-01-03T14:30:00Z,2024-01-03T21:00:00Z,64.68,65.21,63.22,65.00,971804,RAW,true,2024-01-03T21:15:00Z
bar-0005-20240103,1,inst_syn_0005,2024-01-03T14:30:00Z,2024-01-03T21:00:00Z,87.65,89.74,87.27,89.00,748686,RAW,true,2024-01-03T21:15:00Z
bar-0006-20240103,1,inst_syn_0006,2024-01-03T14:30:00Z,2024-01-03T21:00:00Z,183.30,188.02,182.70,186.16,282347,RAW,true,2024-01-03T21:15:00Z
bar-0007-20240103,1,inst_syn_0007,2024-01-03T14:30:00Z,2024-01-03T21:00:00Z,16.33,17.52,16.25,17.32,6243843,RAW,true,2024-01-03T21:15:00Z
bar-0008-20240103,1,inst_syn_0008,2024-01-03T14:30:00Z,2024-01-03T21:00:00Z,54.35,54.44,53.92,54.01,392859,RAW,true,2024-01-03T21:15:00Z
bar-0009-20240103,1,inst_syn_0009,2024-01-03T14:30:00Z,2024-01-03T21:00:00Z,22.18,22.31,21.59,21.69,2666297,RAW,true,2024-01-03T21:15:00Z
bar-0011-20240103,1,inst_syn_0011,2024-01-03T14:30:00Z,2024-01-03T21:00:00Z,236.88,239.02,235.66,237.94,5933578,RAW,true,2024-01-03T21:15:00Z
bar-0012-20240103,1,inst_syn_0012,2024-01-03T14:30:00Z,2024-01-03T21:00:00Z,72.06,72.45,71.91,72.37,1573569,RAW,true,2024-01-03T21:15:00Z
bar-0001-20240104,1,inst_syn_0001,2024-01-04T14:30:00Z,2024-01-04T21:00:00Z,41.59,43.26,40.80,42.97,672820,RAW,true,2024-01-04T21:15:00Z
bar-0002-20240104,1,inst_syn_0002,2024-01-04T14:30:00Z,2024-01-04T21:00:00Z,117.35,119.34,117.19,118.93,404679,RAW,true,2024-01-04T21:15:00Z
bar-0003-20240104,1,inst_syn_0003,2024-01-04T14:30:00Z,2024-01-04T21:00:00Z,28.07,28.75,27.96,28.55,2617916,RAW,true,2024-01-04T21:15:00Z
bar-0004-20240104,1,inst_syn_0004,2024-01-04T14:30:00Z,2024-01-04T21:00:00Z,65.18,65.28,64.55,64.84,1170778,RAW,true,2024-01-04T21:15:00Z
bar-0005-20240104,1,inst_syn_0005,2024-01-04T14:30:00Z,2024-01-04T21:00:00Z,87.86,90.46,87.62,90.35,1127448,RAW,true,2024-01-04T21:15:00Z
bar-0006-20240104,1,inst_syn_0006,2024-01-04T14:30:00Z,2024-01-04T21:00:00Z,184.05,191.74,183.69,189.76,406822,RAW,true,2024-01-04T21:15:00Z
bar-0007-20240104,1,inst_syn_0007,2024-01-04T14:30:00Z,2024-01-04T21:00:00Z,17.31,18.12,17.21,17.65,2008918,RAW,true,2024-01-04T21:15:00Z
bar-0008-20240104,1,inst_syn_0008,2024-01-04T14:30:00Z,2024-01-04T21:00:00Z,54.69,54.81,53.58,53.67,415513,RAW,true,2024-01-04T21:15:00Z
bar-0009-20240104,1,inst_syn_0009,2024-01-04T14:30:00Z,2024-01-04T21:00:00Z,21.91,22.47,21.60,21.92,1646603,RAW,true,2024-01-04T21:15:00Z
bar-0011-20240104,1,inst_syn_0011,2024-01-04T14:30:00Z,2024-01-04T21:00:00Z,238.10,241.48,237.14,239.93,4375775,RAW,true,2024-01-04T21:15:00Z
bar-0012-20240104,1,inst_syn_0012,2024-01-04T14:30:00Z,2024-01-04T21:00:00Z,72.39,73.51,71.55,73.37,1540878,RAW,true,2024-01-04T21:15:00Z
bar-0001-20240105,1,inst_syn_0001,2024-01-05T14:30:00Z,2024-01-05T21:00:00Z,43.17,43.49,42.62,43.25,1070562,RAW,true,2024-01-05T21:15:00Z
bar-0002-20240105,1,inst_syn_0002,2024-01-05T14:30:00Z,2024-01-05T21:00:00Z,118.92,120.99,118.41,119.60,493461,RAW,true,2024-01-05T21:15:00Z
bar-0003-20240105,1,inst_syn_0003,2024-01-05T14:30:00Z,2024-01-05T21:00:00Z,28.88,29.40,27.88,28.16,2189718,RAW,true,2024-01-05T21:15:00Z
bar-0004-20240105,1,inst_syn_0004,2024-01-05T14:30:00Z,2024-01-05T21:00:00Z,64.50,65.22,63.30,63.94,1013697,RAW,true,2024-01-05T21:15:00Z
bar-0005-20240105,1,inst_syn_0005,2024-01-05T14:30:00Z,2024-01-05T21:00:00Z,90.32,91.69,89.67,91.09,549982,RAW,true,2024-01-05T21:15:00Z
bar-0006-20240105,1,inst_syn_0006,2024-01-05T14:30:00Z,2024-01-05T21:00:00Z,185.45,192.24,183.48,191.97,224141,RAW,true,2024-01-05T21:15:00Z
bar-0007-20240105,1,inst_syn_0007,2024-01-05T14:30:00Z,2024-01-05T21:00:00Z,17.62,17.87,17.56,17.65,2961177,RAW,true,2024-01-05T21:15:00Z
bar-0008-20240105,1,inst_syn_0008,2024-01-05T14:30:00Z,2024-01-05T21:00:00Z,54.07,54.32,53.18,53.44,362691,RAW,true,2024-01-05T21:15:00Z
bar-0009-20240105,1,inst_syn_0009,2024-01-05T14:30:00Z,2024-01-05T21:00:00Z,21.82,22.18,21.55,22.07,2178809,RAW,true,2024-01-05T21:15:00Z
bar-0011-20240105,1,inst_syn_0011,2024-01-05T14:30:00Z,2024-01-05T21:00:00Z,240.42,242.84,240.39,242.66,6276347,RAW,true,2024-01-05T21:15:00Z
bar-0012-20240105,1,inst_syn_0012,2024-01-05T14:30:00Z,2024-01-05T21:00:00Z,72.89,74.38,72.65,74.13,1321022,RAW,true,2024-01-05T21:15:00Z
bar-0001-20240108,1,inst_syn_0001,2024-01-08T14:30:00Z,2024-01-08T21:00:00Z,43.28,43.54,42.73,43.35,997104,RAW,true,2024-01-08T21:15:00Z
bar-0002-20240108,1,inst_syn_0002,2024-01-08T14:30:00Z,2024-01-08T21:00:00Z,119.63,123.76,118.32,121.65,568706,RAW,true,2024-01-08T21:15:00Z
bar-0003-20240108,1,inst_syn_0003,2024-01-08T14:30:00Z,2024-01-08T21:00:00Z,28.34,28.46,27.91,28.07,2637375,RAW,true,2024-01-08T21:15:00Z
bar-0004-20240108,1,inst_syn_0004,2024-01-08T14:30:00Z,2024-01-08T21:00:00Z,64.57,64.80,63.59,63.95,1550211,RAW,true,2024-01-08T21:15:00Z
bar-0005-20240108,1,inst_syn_0005,2024-01-08T14:30:00Z,2024-01-08T21:00:00Z,91.90,92.86,88.34,88.92,644739,RAW,true,2024-01-08T21:15:00Z
bar-0006-20240108,1,inst_syn_0006,2024-01-08T14:30:00Z,2024-01-08T21:00:00Z,192.11,193.70,187.87,189.07,227791,RAW,true,2024-01-08T21:15:00Z
bar-0007-20240108,1,inst_syn_0007,2024-01-08T14:30:00Z,2024-01-08T21:00:00Z,17.80,18.35,17.48,17.56,3177270,RAW,true,2024-01-08T21:15:00Z
bar-0008-20240108,1,inst_syn_0008,2024-01-08T14:30:00Z,2024-01-08T21:00:00Z,53.24,53.66,53.11,53.49,600508,RAW,true,2024-01-08T21:15:00Z
bar-0009-20240108,1,inst_syn_0009,2024-01-08T14:30:00Z,2024-01-08T21:00:00Z,22.47,22.49,21.88,21.95,1068784,RAW,true,2024-01-08T21:15:00Z
bar-0011-20240108,1,inst_syn_0011,2024-01-08T14:30:00Z,2024-01-08T21:00:00Z,243.06,243.09,240.82,241.34,5117005,RAW,true,2024-01-08T21:15:00Z
bar-0012-20240108,1,inst_syn_0012,2024-01-08T14:30:00Z,2024-01-08T21:00:00Z,74.16,74.55,73.11,73.23,2254720,RAW,true,2024-01-08T21:15:00Z
bar-0001-20240109,1,inst_syn_0001,2024-01-09T14:30:00Z,2024-01-09T21:00:00Z,43.25,44.35,42.96,44.18,838576,RAW,true,2024-01-09T21:15:00Z
bar-0002-20240109,1,inst_syn_0002,2024-01-09T14:30:00Z,2024-01-09T21:00:00Z,122.28,124.51,120.98,122.72,367324,RAW,true,2024-01-09T21:15:00Z
bar-0003-20240109,1,inst_syn_0003,2024-01-09T14:30:00Z,2024-01-09T21:00:00Z,28.28,29.40,28.04,28.62,2919864,RAW,true,2024-01-09T21:15:00Z
bar-0004-20240109,1,inst_syn_0004,2024-01-09T14:30:00Z,2024-01-09T21:00:00Z,63.43,65.21,62.19,64.75,1073871,RAW,true,2024-01-09T21:15:00Z
bar-0005-20240109,1,inst_syn_0005,2024-01-09T14:30:00Z,2024-01-09T21:00:00Z,89.07,89.78,88.70,89.55,709749,RAW,true,2024-01-09T21:15:00Z
bar-0006-20240109,1,inst_syn_0006,2024-01-09T14:30:00Z,2024-01-09T21:00:00Z,189.19,192.08,187.24,189.90,320987,RAW,true,2024-01-09T21:15:00Z
bar-0007-20240109,1,inst_syn_0007,2024-01-09T14:30:00Z,2024-01-09T21:00:00Z,17.45,18.14,17.31,17.99,4686399,RAW,true,2024-01-09T21:15:00Z
bar-0008-20240109,1,inst_syn_0008,2024-01-09T14:30:00Z,2024-01-09T21:00:00Z,53.04,55.13,52.91,54.27,595256,RAW,true,2024-01-09T21:15:00Z
bar-0009-20240109,1,inst_syn_0009,2024-01-09T14:30:00Z,2024-01-09T21:00:00Z,21.84,22.95,21.80,22.94,1749319,RAW,true,2024-01-09T21:15:00Z
bar-0011-20240109,1,inst_syn_0011,2024-01-09T14:30:00Z,2024-01-09T21:00:00Z,241.46,245.08,240.77,244.41,6314371,RAW,true,2024-01-09T21:15:00Z
bar-0012-20240109,1,inst_syn_0012,2024-01-09T14:30:00Z,2024-01-09T21:00:00Z,73.07,74.33,72.88,73.80,1680388,RAW,true,2024-01-09T21:15:00Z
bar-0001-20240110,1,inst_syn_0001,2024-01-10T14:30:00Z,2024-01-10T21:00:00Z,44.34,44.52,43.82,43.96,691653,RAW,true,2024-01-10T21:15:00Z
bar-0002-20240110,1,inst_syn_0002,2024-01-10T14:30:00Z,2024-01-10T21:00:00Z,121.89,122.28,121.80,122.04,606951,RAW,true,2024-01-10T21:15:00Z
bar-0003-20240110,1,inst_syn_0003,2024-01-10T14:30:00Z,2024-01-10T21:00:00Z,28.48,28.86,28.19,28.39,2693949,RAW,true,2024-01-10T21:15:00Z
bar-0004-20240110,1,inst_syn_0004,2024-01-10T14:30:00Z,2024-01-10T21:00:00Z,65.53,66.44,63.39,63.45,1638794,RAW,true,2024-01-10T21:15:00Z
bar-0005-20240110,1,inst_syn_0005,2024-01-10T14:30:00Z,2024-01-10T21:00:00Z,90.12,90.49,88.64,89.29,463121,RAW,true,2024-01-10T21:15:00Z
bar-0006-20240110,1,inst_syn_0006,2024-01-10T14:30:00Z,2024-01-10T21:00:00Z,190.68,190.71,184.21,187.26,163106,RAW,true,2024-01-10T21:15:00Z
bar-0007-20240110,1,inst_syn_0007,2024-01-10T14:30:00Z,2024-01-10T21:00:00Z,18.00,18.08,17.93,17.99,3902044,RAW,true,2024-01-10T21:15:00Z
bar-0008-20240110,1,inst_syn_0008,2024-01-10T14:30:00Z,2024-01-10T21:00:00Z,54.96,55.89,54.76,55.57,487206,RAW,true,2024-01-10T21:15:00Z
bar-0009-20240110,1,inst_syn_0009,2024-01-10T14:30:00Z,2024-01-10T21:00:00Z,22.83,23.73,22.70,23.34,2780418,RAW,true,2024-01-10T21:15:00Z
bar-0011-20240110,1,inst_syn_0011,2024-01-10T14:30:00Z,2024-01-10T21:00:00Z,244.05,244.77,242.38,243.09,4553608,RAW,true,2024-01-10T21:15:00Z
bar-0012-20240110,1,inst_syn_0012,2024-01-10T14:30:00Z,2024-01-10T21:00:00Z,73.89,74.26,72.39,72.91,2092111,RAW,true,2024-01-10T21:15:00Z
bar-0001-20240111,1,inst_syn_0001,2024-01-11T14:30:00Z,2024-01-11T21:00:00Z,43.41,45.32,43.29,44.19,862473,RAW,true,2024-01-11T21:15:00Z
bar-0002-20240111,1,inst_syn_0002,2024-01-11T14:30:00Z,2024-01-11T21:00:00Z,121.74,124.66,121.66,124.34,514631,RAW,true,2024-01-11T21:15:00Z
bar-0003-20240111,1,inst_syn_0003,2024-01-11T14:30:00Z,2024-01-11T21:00:00Z,28.74,29.06,28.58,28.79,2339455,RAW,true,2024-01-11T21:15:00Z
bar-0004-20240111,1,inst_syn_0004,2024-01-11T14:30:00Z,2024-01-11T21:00:00Z,63.80,64.68,63.00,64.24,725782,RAW,true,2024-01-11T21:15:00Z
bar-0005-20240111,1,inst_syn_0005,2024-01-11T14:30:00Z,2024-01-11T21:00:00Z,89.89,90.75,89.00,89.38,600141,RAW,true,2024-01-11T21:15:00Z
bar-0006-20240111,1,inst_syn_0006,2024-01-11T14:30:00Z,2024-01-11T21:00:00Z,185.91,189.70,185.70,188.93,382342,RAW,true,2024-01-11T21:15:00Z
bar-0007-20240111,1,inst_syn_0007,2024-01-11T14:30:00Z,2024-01-11T21:00:00Z,18.01,18.01,17.60,17.77,4658774,RAW,true,2024-01-11T21:15:00Z
bar-0008-20240111,1,inst_syn_0008,2024-01-11T14:30:00Z,2024-01-11T21:00:00Z,55.66,56.91,55.59,56.29,631743,RAW,true,2024-01-11T21:15:00Z
bar-0009-20240111,1,inst_syn_0009,2024-01-11T14:30:00Z,2024-01-11T21:00:00Z,23.42,24.12,22.97,23.25,1496301,RAW,true,2024-01-11T21:15:00Z
bar-0011-20240111,1,inst_syn_0011,2024-01-11T14:30:00Z,2024-01-11T21:00:00Z,242.70,244.31,242.46,243.68,6003850,RAW,true,2024-01-11T21:15:00Z
bar-0012-20240111,1,inst_syn_0012,2024-01-11T14:30:00Z,2024-01-11T21:00:00Z,73.23,74.02,72.40,72.82,2037503,RAW,true,2024-01-11T21:15:00Z
bar-0001-20240112,1,inst_syn_0001,2024-01-12T14:30:00Z,2024-01-12T21:00:00Z,43.63,45.07,43.61,44.95,956503,RAW,true,2024-01-12T21:15:00Z
bar-0002-20240112,1,inst_syn_0002,2024-01-12T14:30:00Z,2024-01-12T21:00:00Z,123.14,123.83,123.07,123.20,376909,RAW,true,2024-01-12T21:15:00Z
bar-0003-20240112,1,inst_syn_0003,2024-01-12T14:30:00Z,2024-01-12T21:00:00Z,29.05,29.42,28.34,28.38,2171467,RAW,true,2024-01-12T21:15:00Z
bar-0004-20240112,1,inst_syn_0004,2024-01-12T14:30:00Z,2024-01-12T21:00:00Z,64.13,65.60,63.42,65.30,1327547,RAW,true,2024-01-12T21:15:00Z
bar-0005-20240112,1,inst_syn_0005,2024-01-12T14:30:00Z,2024-01-12T21:00:00Z,88.88,91.78,88.63,91.03,626595,RAW,true,2024-01-12T21:15:00Z
bar-0006-20240112,1,inst_syn_0006,2024-01-12T14:30:00Z,2024-01-12T21:00:00Z,186.77,187.48,184.29,184.30,449846,RAW,true,2024-01-12T21:15:00Z
bar-0007-20240112,1,inst_syn_0007,2024-01-12T14:30:00Z,2024-01-12T21:00:00Z,17.56,17.98,16.75,16.80,4060278,RAW,true,2024-01-12T21:15:00Z
bar-0008-20240112,1,inst_syn_0008,2024-01-12T14:30:00Z,2024-01-12T21:00:00Z,56.21,56.24,55.44,55.79,290620,RAW,true,2024-01-12T21:15:00Z
bar-0009-20240112,1,inst_syn_0009,2024-01-12T14:30:00Z,2024-01-12T21:00:00Z,23.21,23.26,22.87,23.03,1786706,RAW,true,2024-01-12T21:15:00Z
bar-0011-20240112,1,inst_syn_0011,2024-01-12T14:30:00Z,2024-01-12T21:00:00Z,244.85,245.17,241.87,242.99,5127822,RAW,true,2024-01-12T21:15:00Z
bar-0012-20240112,1,inst_syn_0012,2024-01-12T14:30:00Z,2024-01-12T21:00:00Z,72.53,73.03,72.45,72.56,1534371,RAW,true,2024-01-12T21:15:00Z
bar-0001-20240116,1,inst_syn_0001,2024-01-16T14:30:00Z,2024-01-16T21:00:00Z,44.66,45.49,43.85,45.26,1001572,RAW,true,2024-01-16T21:15:00Z
bar-0002-20240116,1,inst_syn_0002,2024-01-16T14:30:00Z,2024-01-16T21:00:00Z,124.22,124.68,123.13,123.35,401049,RAW,true,2024-01-16T21:15:00Z
bar-0003-20240116,1,inst_syn_0003,2024-01-16T14:30:00Z,2024-01-16T21:00:00Z,28.66,28.97,28.27,28.50,2653773,RAW,true,2024-01-16T21:15:00Z
bar-0004-20240116,1,inst_syn_0004,2024-01-16T14:30:00Z,2024-01-16T21:00:00Z,64.58,67.17,64.18,66.86,1363571,RAW,true,2024-01-16T21:15:00Z
bar-0005-20240116,1,inst_syn_0005,2024-01-16T14:30:00Z,2024-01-16T21:00:00Z,91.10,92.59,91.01,92.28,540907,RAW,true,2024-01-16T21:15:00Z
bar-0006-20240116,1,inst_syn_0006,2024-01-16T14:30:00Z,2024-01-16T21:00:00Z,186.26,186.74,183.58,185.22,214346,RAW,true,2024-01-16T21:15:00Z
bar-0007-20240116,1,inst_syn_0007,2024-01-16T14:30:00Z,2024-01-16T21:00:00Z,16.90,17.04,16.72,17.00,1593235,RAW,true,2024-01-16T21:15:00Z
bar-0008-20240116,1,inst_syn_0008,2024-01-16T14:30:00Z,2024-01-16T21:00:00Z,55.78,56.09,55.20,55.97,446963,RAW,true,2024-01-16T21:15:00Z
bar-0009-20240116,1,inst_syn_0009,2024-01-16T14:30:00Z,2024-01-16T21:00:00Z,23.02,24.45,22.99,23.87,1995410,RAW,true,2024-01-16T21:15:00Z
bar-0011-20240116,1,inst_syn_0011,2024-01-16T14:30:00Z,2024-01-16T21:00:00Z,243.20,246.31,242.23,244.47,5326143,RAW,true,2024-01-16T21:15:00Z
bar-0012-20240116,1,inst_syn_0012,2024-01-16T14:30:00Z,2024-01-16T21:00:00Z,72.45,74.03,72.39,73.76,1576113,RAW,true,2024-01-16T21:15:00Z
bar-0001-20240117,1,inst_syn_0001,2024-01-17T14:30:00Z,2024-01-17T21:00:00Z,45.24,45.52,44.73,45.30,1133540,RAW,true,2024-01-17T21:15:00Z
bar-0002-20240117,1,inst_syn_0002,2024-01-17T14:30:00Z,2024-01-17T21:00:00Z,122.96,125.92,122.31,124.48,324941,RAW,true,2024-01-17T21:15:00Z
bar-0003-20240117,1,inst_syn_0003,2024-01-17T14:30:00Z,2024-01-17T21:00:00Z,28.26,28.92,27.93,28.51,3228789,RAW,true,2024-01-17T21:15:00Z
bar-0004-20240117,1,inst_syn_0004,2024-01-17T14:30:00Z,2024-01-17T21:00:00Z,67.39,67.50,64.97,65.45,1743783,RAW,true,2024-01-17T21:15:00Z
bar-0005-20240117,1,inst_syn_0005,2024-01-17T14:30:00Z,2024-01-17T21:00:00Z,92.01,92.79,90.66,92.67,585185,RAW,true,2024-01-17T21:15:00Z
bar-0006-20240117,1,inst_syn_0006,2024-01-17T14:30:00Z,2024-01-17T21:00:00Z,185.18,186.05,182.20,182.76,334930,RAW,true,2024-01-17T21:15:00Z
bar-0007-20240117,1,inst_syn_0007,2024-01-17T14:30:00Z,2024-01-17T21:00:00Z,17.00,17.15,16.81,16.82,3083483,RAW,true,2024-01-17T21:15:00Z
bar-0008-20240117,1,inst_syn_0008,2024-01-17T14:30:00Z,2024-01-17T21:00:00Z,56.20,56.64,55.84,56.36,654224,RAW,true,2024-01-17T21:15:00Z
bar-0009-20240117,1,inst_syn_0009,2024-01-17T14:30:00Z,2024-01-17T21:00:00Z,23.77,24.00,23.03,23.74,1897974,RAW,true,2024-01-17T21:15:00Z
bar-0011-20240117,1,inst_syn_0011,2024-01-17T14:30:00Z,2024-01-17T21:00:00Z,244.29,244.46,243.02,243.80,8918153,RAW,true,2024-01-17T21:15:00Z
bar-0012-20240117,1,inst_syn_0012,2024-01-17T14:30:00Z,2024-01-17T21:00:00Z,74.03,74.28,72.84,73.01,2277330,RAW,true,2024-01-17T21:15:00Z
bar-0001-20240118,1,inst_syn_0001,2024-01-18T14:30:00Z,2024-01-18T21:00:00Z,45.20,45.99,45.13,45.48,1085237,RAW,true,2024-01-18T21:15:00Z
bar-0002-20240118,1,inst_syn_0002,2024-01-18T14:30:00Z,2024-01-18T21:00:00Z,125.01,126.06,124.46,125.98,433575,RAW,true,2024-01-18T21:15:00Z
bar-0003-20240118,1,inst_syn_0003,2024-01-18T14:30:00Z,2024-01-18T21:00:00Z,28.14,28.45,27.96,28.43,2530986,RAW,true,2024-01-18T21:15:00Z
bar-0004-20240118,1,inst_syn_0004,2024-01-18T14:30:00Z,2024-01-18T21:00:00Z,65.92,66.59,64.77,65.87,1160920,RAW,true,2024-01-18T21:15:00Z
bar-0005-20240118,1,inst_syn_0005,2024-01-18T14:30:00Z,2024-01-18T21:00:00Z,93.66,94.89,93.30,93.84,510141,RAW,true,2024-01-18T21:15:00Z
bar-0006-20240118,1,inst_syn_0006,2024-01-18T14:30:00Z,2024-01-18T21:00:00Z,182.07,185.27,181.99,183.34,272767,RAW,true,2024-01-18T21:15:00Z
bar-0007-20240118,1,inst_syn_0007,2024-01-18T14:30:00Z,2024-01-18T21:00:00Z,17.09,17.27,16.47,16.68,2475127,RAW,true,2024-01-18T21:15:00Z
bar-0008-20240118,1,inst_syn_0008,2024-01-18T14:30:00Z,2024-01-18T21:00:00Z,56.94,57.07,55.18,55.98,433815,RAW,true,2024-01-18T21:15:00Z
bar-0009-20240118,1,inst_syn_0009,2024-01-18T14:30:00Z,2024-01-18T21:00:00Z,23.80,24.47,23.67,24.25,1285977,RAW,true,2024-01-18T21:15:00Z
bar-0011-20240118,1,inst_syn_0011,2024-01-18T14:30:00Z,2024-01-18T21:00:00Z,242.50,245.52,241.95,244.68,6936312,RAW,true,2024-01-18T21:15:00Z
bar-0012-20240118,1,inst_syn_0012,2024-01-18T14:30:00Z,2024-01-18T21:00:00Z,72.93,73.66,72.45,73.53,1633559,RAW,true,2024-01-18T21:15:00Z
bar-0001-20240119,1,inst_syn_0001,2024-01-19T14:30:00Z,2024-01-19T21:00:00Z,45.70,46.17,45.38,45.79,538150,RAW,true,2024-01-19T21:15:00Z
bar-0002-20240119,1,inst_syn_0002,2024-01-19T14:30:00Z,2024-01-19T21:00:00Z,125.89,126.94,125.35,126.50,385694,RAW,true,2024-01-19T21:15:00Z
bar-0003-20240119,1,inst_syn_0003,2024-01-19T14:30:00Z,2024-01-19T21:00:00Z,28.29,28.40,27.49,27.80,2463853,RAW,true,2024-01-19T21:15:00Z
bar-0004-20240119,1,inst_syn_0004,2024-01-19T14:30:00Z,2024-01-19T21:00:00Z,65.56,67.76,65.04,66.25,1470290,RAW,true,2024-01-19T21:15:00Z
bar-0005-20240119,1,inst_syn_0005,2024-01-19T14:30:00Z,2024-01-19T21:00:00Z,94.70,95.19,91.34,92.27,546344,RAW,true,2024-01-19T21:15:00Z
bar-0006-20240119,1,inst_syn_0006,2024-01-19T14:30:00Z,2024-01-19T21:00:00Z,181.54,182.82,178.72,181.47,456637,RAW,true,2024-01-19T21:15:00Z
bar-0007-20240119,1,inst_syn_0007,2024-01-19T14:30:00Z,2024-01-19T21:00:00Z,16.67,16.69,16.61,16.63,4267568,RAW,true,2024-01-19T21:15:00Z
bar-0008-20240119,1,inst_syn_0008,2024-01-19T14:30:00Z,2024-01-19T21:00:00Z,56.16,56.73,55.73,56.60,689046,RAW,true,2024-01-19T21:15:00Z
bar-0009-20240119,1,inst_syn_0009,2024-01-19T14:30:00Z,2024-01-19T21:00:00Z,24.42,25.02,24.37,24.68,2728651,RAW,true,2024-01-19T21:15:00Z
bar-0011-20240119,1,inst_syn_0011,2024-01-19T14:30:00Z,2024-01-19T21:00:00Z,244.56,245.81,243.86,244.35,6241409,RAW,true,2024-01-19T21:15:00Z
bar-0012-20240119,1,inst_syn_0012,2024-01-19T14:30:00Z,2024-01-19T21:00:00Z,73.51,74.23,73.41,73.63,1406202,RAW,true,2024-01-19T21:15:00Z
bar-0001-20240122,1,inst_syn_0001,2024-01-22T14:30:00Z,2024-01-22T21:00:00Z,45.82,46.89,45.19,45.51,832335,RAW,true,2024-01-22T21:15:00Z
bar-0002-20240122,1,inst_syn_0002,2024-01-22T14:30:00Z,2024-01-22T21:00:00Z,127.94,130.24,125.96,127.66,606342,RAW,true,2024-01-22T21:15:00Z
bar-0003-20240122,1,inst_syn_0003,2024-01-22T14:30:00Z,2024-01-22T21:00:00Z,27.82,28.18,27.79,27.99,2262036,RAW,true,2024-01-22T21:15:00Z
bar-0004-20240122,1,inst_syn_0004,2024-01-22T14:30:00Z,2024-01-22T21:00:00Z,66.95,67.49,66.38,66.92,1274768,RAW,true,2024-01-22T21:15:00Z
bar-0005-20240122,1,inst_syn_0005,2024-01-22T14:30:00Z,2024-01-22T21:00:00Z,92.27,93.96,91.52,92.93,545562,RAW,true,2024-01-22T21:15:00Z
bar-0006-20240122,1,inst_syn_0006,2024-01-22T14:30:00Z,2024-01-22T21:00:00Z,180.14,187.45,177.28,184.59,281868,RAW,true,2024-01-22T21:15:00Z
bar-0007-20240122,1,inst_syn_0007,2024-01-22T14:30:00Z,2024-01-22T21:00:00Z,16.77,16.96,16.10,16.46,3472119,RAW,true,2024-01-22T21:15:00Z
bar-0008-20240122,1,inst_syn_0008,2024-01-22T14:30:00Z,2024-01-22T21:00:00Z,56.65,56.93,55.10,56.00,424899,RAW,true,2024-01-22T21:15:00Z
bar-0009-20240122,1,inst_syn_0009,2024-01-22T14:30:00Z,2024-01-22T21:00:00Z,24.83,24.95,24.21,24.54,1526917,RAW,true,2024-01-22T21:15:00Z
bar-0011-20240122,1,inst_syn_0011,2024-01-22T14:30:00Z,2024-01-22T21:00:00Z,244.57,246.68,244.38,244.81,6523448,RAW,true,2024-01-22T21:15:00Z
bar-0012-20240122,1,inst_syn_0012,2024-01-22T14:30:00Z,2024-01-22T21:00:00Z,73.48,73.91,73.17,73.62,2661367,RAW,true,2024-01-22T21:15:00Z
bar-0001-20240123,1,inst_syn_0001,2024-01-23T14:30:00Z,2024-01-23T21:00:00Z,45.33,46.54,44.93,45.94,995109,RAW,true,2024-01-23T21:15:00Z
bar-0002-20240123,1,inst_syn_0002,2024-01-23T14:30:00Z,2024-01-23T21:00:00Z,126.79,130.37,126.32,128.39,287317,RAW,true,2024-01-23T21:15:00Z
bar-0003-20240123,1,inst_syn_0003,2024-01-23T14:30:00Z,2024-01-23T21:00:00Z,28.32,28.50,27.62,27.84,2728421,RAW,true,2024-01-23T21:15:00Z
bar-0004-20240123,1,inst_syn_0004,2024-01-23T14:30:00Z,2024-01-23T21:00:00Z,67.10,67.38,65.75,67.04,1407060,RAW,true,2024-01-23T21:15:00Z
bar-0005-20240123,1,inst_syn_0005,2024-01-23T14:30:00Z,2024-01-23T21:00:00Z,92.02,94.14,91.76,93.94,595751,RAW,true,2024-01-23T21:15:00Z
bar-0006-20240123,1,inst_syn_0006,2024-01-23T14:30:00Z,2024-01-23T21:00:00Z,181.38,181.57,178.73,178.96,515082,RAW,true,2024-01-23T21:15:00Z
bar-0007-20240123,1,inst_syn_0007,2024-01-23T14:30:00Z,2024-01-23T21:00:00Z,16.54,17.73,16.19,17.23,6680812,RAW,true,2024-01-23T21:15:00Z
bar-0008-20240123,1,inst_syn_0008,2024-01-23T14:30:00Z,2024-01-23T21:00:00Z,55.56,56.75,54.89,56.26,546028,RAW,true,2024-01-23T21:15:00Z
bar-0009-20240123,1,inst_syn_0009,2024-01-23T14:30:00Z,2024-01-23T21:00:00Z,24.88,26.49,24.38,26.15,3337806,RAW,true,2024-01-23T21:15:00Z
bar-0011-20240123,1,inst_syn_0011,2024-01-23T14:30:00Z,2024-01-23T21:00:00Z,246.48,248.61,245.35,248.57,6172641,RAW,true,2024-01-23T21:15:00Z
bar-0012-20240123,1,inst_syn_0012,2024-01-23T14:30:00Z,2024-01-23T21:00:00Z,73.84,74.91,73.33,74.64,1534319,RAW,true,2024-01-23T21:15:00Z
bar-0001-20240124,1,inst_syn_0001,2024-01-24T14:30:00Z,2024-01-24T21:00:00Z,46.30,47.14,45.56,46.19,891693,RAW,true,2024-01-24T21:15:00Z
bar-0002-20240124,1,inst_syn_0002,2024-01-24T14:30:00Z,2024-01-24T21:00:00Z,128.83,130.83,126.72,129.15,654073,RAW,true,2024-01-24T21:15:00Z
bar-0003-20240124,1,inst_syn_0003,2024-01-24T14:30:00Z,2024-01-24T21:00:00Z,27.86,28.15,27.29,28.12,2531499,RAW,true,2024-01-24T21:15:00Z
bar-0004-20240124,1,inst_syn_0004,2024-01-24T14:30:00Z,2024-01-24T21:00:00Z,67.42,67.57,67.13,67.25,1798179,RAW,true,2024-01-24T21:15:00Z
bar-0005-20240124,1,inst_syn_0005,2024-01-24T14:30:00Z,2024-01-24T21:00:00Z,94.65,95.24,93.43,94.26,709648,RAW,true,2024-01-24T21:15:00Z
bar-0006-20240124,1,inst_syn_0006,2024-01-24T14:30:00Z,2024-01-24T21:00:00Z,179.98,180.46,179.09,180.05,253709,RAW,true,2024-01-24T21:15:00Z
bar-0007-20240124,1,inst_syn_0007,2024-01-24T14:30:00Z,2024-01-24T21:00:00Z,17.27,17.36,16.55,16.86,3156646,RAW,true,2024-01-24T21:15:00Z
bar-0008-20240124,1,inst_syn_0008,2024-01-24T14:30:00Z,2024-01-24T21:00:00Z,56.06,56.12,54.71,54.75,865819,RAW,true,2024-01-24T21:15:00Z
bar-0009-20240124,1,inst_syn_0009,2024-01-24T14:30:00Z,2024-01-24T21:00:00Z,26.35,26.90,25.65,26.32,2122610,RAW,true,2024-01-24T21:15:00Z
bar-0011-20240124,1,inst_syn_0011,2024-01-24T14:30:00Z,2024-01-24T21:00:00Z,250.20,252.22,246.63,248.17,5554415,RAW,true,2024-01-24T21:15:00Z
bar-0012-20240124,1,inst_syn_0012,2024-01-24T14:30:00Z,2024-01-24T21:00:00Z,74.56,74.70,74.16,74.58,1929296,RAW,true,2024-01-24T21:15:00Z
bar-0001-20240125,1,inst_syn_0001,2024-01-25T14:30:00Z,2024-01-25T21:00:00Z,46.50,46.71,46.03,46.51,914590,RAW,true,2024-01-25T21:15:00Z
bar-0002-20240125,1,inst_syn_0002,2024-01-25T14:30:00Z,2024-01-25T21:00:00Z,129.37,132.49,129.27,130.64,633789,RAW,true,2024-01-25T21:15:00Z
bar-0003-20240125,1,inst_syn_0003,2024-01-25T14:30:00Z,2024-01-25T21:00:00Z,27.95,28.52,27.64,27.78,2326908,RAW,true,2024-01-25T21:15:00Z
bar-0004-20240125,1,inst_syn_0004,2024-01-25T14:30:00Z,2024-01-25T21:00:00Z,67.42,68.58,65.82,66.16,1343387,RAW,true,2024-01-25T21:15:00Z
bar-0005-20240125,1,inst_syn_0005,2024-01-25T14:30:00Z,2024-01-25T21:00:00Z,94.25,94.64,91.85,92.33,598938,RAW,true,2024-01-25T21:15:00Z
bar-0006-20240125,1,inst_syn_0006,2024-01-25T14:30:00Z,2024-01-25T21:00:00Z,179.23,179.94,178.61,179.29,327163,RAW,true,2024-01-25T21:15:00Z
bar-0007-20240125,1,inst_syn_0007,2024-01-25T14:30:00Z,2024-01-25T21:00:00Z,16.93,17.74,16.31,17.22,3668747,RAW,true,2024-01-25T21:15:00Z
bar-0008-20240125,1,inst_syn_0008,2024-01-25T14:30:00Z,2024-01-25T21:00:00Z,54.46,55.03,54.00,54.94,462219,RAW,true,2024-01-25T21:15:00Z
bar-0009-20240125,1,inst_syn_0009,2024-01-25T14:30:00Z,2024-01-25T21:00:00Z,26.36,27.52,26.16,26.62,1774100,RAW,true,2024-01-25T21:15:00Z
bar-0011-20240125,1,inst_syn_0011,2024-01-25T14:30:00Z,2024-01-25T21:00:00Z,249.04,249.72,247.44,247.79,6165772,RAW,true,2024-01-25T21:15:00Z
bar-0012-20240125,1,inst_syn_0012,2024-01-25T14:30:00Z,2024-01-25T21:00:00Z,74.43,74.77,73.92,74.58,1818210,RAW,true,2024-01-25T21:15:00Z
bar-0001-20240126,1,inst_syn_0001,2024-01-26T14:30:00Z,2024-01-26T21:00:00Z,46.62,46.75,45.52,46.74,841958,RAW,true,2024-01-26T21:15:00Z
bar-0002-20240126,1,inst_syn_0002,2024-01-26T14:30:00Z,2024-01-26T21:00:00Z,130.23,133.58,129.87,131.47,318342,RAW,true,2024-01-26T21:15:00Z
bar-0003-20240126,1,inst_syn_0003,2024-01-26T14:30:00Z,2024-01-26T21:00:00Z,27.91,28.33,27.44,27.52,2191811,RAW,true,2024-01-26T21:15:00Z
bar-0004-20240126,1,inst_syn_0004,2024-01-26T14:30:00Z,2024-01-26T21:00:00Z,66.38,67.21,65.76,66.42,1360641,RAW,true,2024-01-26T21:15:00Z
bar-0005-20240126,1,inst_syn_0005,2024-01-26T14:30:00Z,2024-01-26T21:00:00Z,91.99,92.26,91.09,91.82,444032,RAW,true,2024-01-26T21:15:00Z
bar-0006-20240126,1,inst_syn_0006,2024-01-26T14:30:00Z,2024-01-26T21:00:00Z,179.17,181.05,178.30,180.49,375492,RAW,true,2024-01-26T21:15:00Z
bar-0007-20240126,1,inst_syn_0007,2024-01-26T14:30:00Z,2024-01-26T21:00:00Z,17.63,17.90,17.48,17.53,5500172,RAW,true,2024-01-26T21:15:00Z
bar-0008-20240126,1,inst_syn_0008,2024-01-26T14:30:00Z,2024-01-26T21:00:00Z,55.19,56.61,54.95,56.27,721457,RAW,true,2024-01-26T21:15:00Z
bar-0009-20240126,1,inst_syn_0009,2024-01-26T14:30:00Z,2024-01-26T21:00:00Z,26.35,26.79,25.87,26.59,1288404,RAW,true,2024-01-26T21:15:00Z
bar-0011-20240126,1,inst_syn_0011,2024-01-26T14:30:00Z,2024-01-26T21:00:00Z,248.05,253.45,246.91,250.93,3510773,RAW,true,2024-01-26T21:15:00Z
bar-0012-20240126,1,inst_syn_0012,2024-01-26T14:30:00Z,2024-01-26T21:00:00Z,74.64,76.68,74.49,75.68,1977713,RAW,true,2024-01-26T21:15:00Z
bar-0001-20240129,1,inst_syn_0001,2024-01-29T14:30:00Z,2024-01-29T21:00:00Z,46.88,47.72,46.03,47.25,623558,RAW,true,2024-01-29T21:15:00Z
bar-0002-20240129,1,inst_syn_0002,2024-01-29T14:30:00Z,2024-01-29T21:00:00Z,130.79,134.98,129.06,134.39,304397,RAW,true,2024-01-29T21:15:00Z
bar-0003-20240129,1,inst_syn_0003,2024-01-29T14:30:00Z,2024-01-29T21:00:00Z,27.24,28.10,26.87,27.77,2125074,RAW,true,2024-01-29T21:15:00Z
bar-0004-20240129,1,inst_syn_0004,2024-01-29T14:30:00Z,2024-01-29T21:00:00Z,65.39,67.07,65.13,66.48,1031715,RAW,true,2024-01-29T21:15:00Z
bar-0005-20240129,1,inst_syn_0005,2024-01-29T14:30:00Z,2024-01-29T21:00:00Z,91.44,94.24,91.43,93.94,1216655,RAW,true,2024-01-29T21:15:00Z
bar-0006-20240129,1,inst_syn_0006,2024-01-29T14:30:00Z,2024-01-29T21:00:00Z,182.21,183.76,181.80,183.40,429932,RAW,true,2024-01-29T21:15:00Z
bar-0007-20240129,1,inst_syn_0007,2024-01-29T14:30:00Z,2024-01-29T21:00:00Z,17.92,18.43,17.82,18.32,4400529,RAW,true,2024-01-29T21:15:00Z
bar-0008-20240129,1,inst_syn_0008,2024-01-29T14:30:00Z,2024-01-29T21:00:00Z,56.41,58.05,55.94,57.50,643652,RAW,true,2024-01-29T21:15:00Z
bar-0009-20240129,1,inst_syn_0009,2024-01-29T14:30:00Z,2024-01-29T21:00:00Z,26.15,27.54,25.96,27.23,1844152,RAW,true,2024-01-29T21:15:00Z
bar-0011-20240129,1,inst_syn_0011,2024-01-29T14:30:00Z,2024-01-29T21:00:00Z,249.76,255.30,249.39,254.48,4173354,RAW,true,2024-01-29T21:15:00Z
bar-0012-20240129,1,inst_syn_0012,2024-01-29T14:30:00Z,2024-01-29T21:00:00Z,75.38,77.97,75.29,77.00,1781146,RAW,true,2024-01-29T21:15:00Z
bar-0001-20240130,1,inst_syn_0001,2024-01-30T14:30:00Z,2024-01-30T21:00:00Z,46.97,47.12,46.87,47.11,514238,RAW,true,2024-01-30T21:15:00Z
bar-0002-20240130,1,inst_syn_0002,2024-01-30T14:30:00Z,2024-01-30T21:00:00Z,133.88,135.58,133.39,134.80,379134,RAW,true,2024-01-30T21:15:00Z
bar-0003-20240130,1,inst_syn_0003,2024-01-30T14:30:00Z,2024-01-30T21:00:00Z,27.51,28.84,27.27,28.49,3244078,RAW,true,2024-01-30T21:15:00Z
bar-0004-20240130,1,inst_syn_0004,2024-01-30T14:30:00Z,2024-01-30T21:00:00Z,68.05,68.64,65.13,65.49,952035,RAW,true,2024-01-30T21:15:00Z
bar-0005-20240130,1,inst_syn_0005,2024-01-30T14:30:00Z,2024-01-30T21:00:00Z,93.77,93.88,92.27,92.53,597658,RAW,true,2024-01-30T21:15:00Z
bar-0006-20240130,1,inst_syn_0006,2024-01-30T14:30:00Z,2024-01-30T21:00:00Z,182.51,187.68,181.76,186.48,190850,RAW,true,2024-01-30T21:15:00Z
bar-0007-20240130,1,inst_syn_0007,2024-01-30T14:30:00Z,2024-01-30T21:00:00Z,18.52,18.55,17.87,18.25,3979230,RAW,true,2024-01-30T21:15:00Z
bar-0008-20240130,1,inst_syn_0008,2024-01-30T14:30:00Z,2024-01-30T21:00:00Z,57.58,57.87,57.14,57.17,601948,RAW,true,2024-01-30T21:15:00Z
bar-0009-20240130,1,inst_syn_0009,2024-01-30T14:30:00Z,2024-01-30T21:00:00Z,26.90,27.12,26.15,26.18,2780242,RAW,true,2024-01-30T21:15:00Z
bar-0011-20240130,1,inst_syn_0011,2024-01-30T14:30:00Z,2024-01-30T21:00:00Z,254.15,254.88,253.36,253.54,3713850,RAW,true,2024-01-30T21:15:00Z
bar-0012-20240130,1,inst_syn_0012,2024-01-30T14:30:00Z,2024-01-30T21:00:00Z,77.41,77.74,76.58,76.96,2155832,RAW,true,2024-01-30T21:15:00Z
bar-0001-20240131,1,inst_syn_0001,2024-01-31T14:30:00Z,2024-01-31T21:00:00Z,46.99,47.89,46.72,47.78,510606,RAW,true,2024-01-31T21:15:00Z
bar-0002-20240131,1,inst_syn_0002,2024-01-31T14:30:00Z,2024-01-31T21:00:00Z,134.74,136.03,133.32,133.48,475372,RAW,true,2024-01-31T21:15:00Z
bar-0003-20240131,1,inst_syn_0003,2024-01-31T14:30:00Z,2024-01-31T21:00:00Z,28.78,29.65,28.59,29.22,3053922,RAW,true,2024-01-31T21:15:00Z
bar-0004-20240131,1,inst_syn_0004,2024-01-31T14:30:00Z,2024-01-31T21:00:00Z,65.54,65.74,64.02,65.05,1212662,RAW,true,2024-01-31T21:15:00Z
bar-0005-20240131,1,inst_syn_0005,2024-01-31T14:30:00Z,2024-01-31T21:00:00Z,91.96,93.99,91.61,92.84,856614,RAW,true,2024-01-31T21:15:00Z
bar-0006-20240131,1,inst_syn_0006,2024-01-31T14:30:00Z,2024-01-31T21:00:00Z,186.70,189.94,182.31,182.57,299434,RAW,true,2024-01-31T21:15:00Z
bar-0007-20240131,1,inst_syn_0007,2024-01-31T14:30:00Z,2024-01-31T21:00:00Z,18.07,18.44,17.85,18.23,4704106,RAW,true,2024-01-31T21:15:00Z
bar-0008-20240131,1,inst_syn_0008,2024-01-31T14:30:00Z,2024-01-31T21:00:00Z,57.37,57.43,55.34,55.67,442454,RAW,true,2024-01-31T21:15:00Z
bar-0009-20240131,1,inst_syn_0009,2024-01-31T14:30:00Z,2024-01-31T21:00:00Z,26.26,26.57,25.86,26.56,1620700,RAW,true,2024-01-31T21:15:00Z
bar-0011-20240131,1,inst_syn_0011,2024-01-31T14:30:00Z,2024-01-31T21:00:00Z,253.82,255.69,251.54,253.31,5004873,RAW,true,2024-01-31T21:15:00Z
bar-0012-20240131,1,inst_syn_0012,2024-01-31T14:30:00Z,2024-01-31T21:00:00Z,76.93,77.88,76.71,76.96,2428358,RAW,true,2024-01-31T21:15:00Z
bar-0001-20240201,1,inst_syn_0001,2024-02-01T14:30:00Z,2024-02-01T21:00:00Z,48.09,48.55,47.37,48.30,895270,RAW,true,2024-02-01T21:15:00Z
bar-0002-20240201,1,inst_syn_0002,2024-02-01T14:30:00Z,2024-02-01T21:00:00Z,133.54,135.46,132.51,134.43,430025,RAW,true,2024-02-01T21:15:00Z
bar-0003-20240201,1,inst_syn_0003,2024-02-01T14:30:00Z,2024-02-01T21:00:00Z,29.10,29.74,28.64,28.87,2653436,RAW,true,2024-02-01T21:15:00Z
bar-0004-20240201,1,inst_syn_0004,2024-02-01T14:30:00Z,2024-02-01T21:00:00Z,64.36,65.28,63.43,63.94,1165263,RAW,true,2024-02-01T21:15:00Z
bar-0005-20240201,1,inst_syn_0005,2024-02-01T14:30:00Z,2024-02-01T21:00:00Z,92.47,92.72,91.14,91.75,797023,RAW,true,2024-02-01T21:15:00Z
bar-0006-20240201,1,inst_syn_0006,2024-02-01T14:30:00Z,2024-02-01T21:00:00Z,182.59,185.24,177.11,179.41,309142,RAW,true,2024-02-01T21:15:00Z
bar-0007-20240201,1,inst_syn_0007,2024-02-01T14:30:00Z,2024-02-01T21:00:00Z,18.17,18.50,17.93,18.42,4265073,RAW,true,2024-02-01T21:15:00Z
bar-0008-20240201,1,inst_syn_0008,2024-02-01T14:30:00Z,2024-02-01T21:00:00Z,56.22,56.58,54.38,54.67,380367,RAW,true,2024-02-01T21:15:00Z
bar-0009-20240201,1,inst_syn_0009,2024-02-01T14:30:00Z,2024-02-01T21:00:00Z,26.24,26.48,25.60,25.72,2337224,RAW,true,2024-02-01T21:15:00Z
bar-0011-20240201,1,inst_syn_0011,2024-02-01T14:30:00Z,2024-02-01T21:00:00Z,252.70,254.16,250.37,252.31,6680772,RAW,true,2024-02-01T21:15:00Z
bar-0012-20240201,1,inst_syn_0012,2024-02-01T14:30:00Z,2024-02-01T21:00:00Z,77.09,77.54,75.91,76.03,623630,RAW,true,2024-02-01T21:15:00Z
bar-0001-20240202,1,inst_syn_0001,2024-02-02T14:30:00Z,2024-02-02T21:00:00Z,48.42,48.70,48.08,48.45,557766,RAW,true,2024-02-02T21:15:00Z
bar-0002-20240202,1,inst_syn_0002,2024-02-02T14:30:00Z,2024-02-02T21:00:00Z,134.88,135.00,133.47,133.65,289850,RAW,true,2024-02-02T21:15:00Z
bar-0003-20240202,1,inst_syn_0003,2024-02-02T14:30:00Z,2024-02-02T21:00:00Z,28.56,29.32,28.26,28.48,2696844,RAW,true,2024-02-02T21:15:00Z
bar-0004-20240202,1,inst_syn_0004,2024-02-02T14:30:00Z,2024-02-02T21:00:00Z,63.70,65.09,63.68,65.02,1090353,RAW,true,2024-02-02T21:15:00Z
bar-0005-20240202,1,inst_syn_0005,2024-02-02T14:30:00Z,2024-02-02T21:00:00Z,90.49,92.78,90.21,91.02,635700,RAW,true,2024-02-02T21:15:00Z
bar-0006-20240202,1,inst_syn_0006,2024-02-02T14:30:00Z,2024-02-02T21:00:00Z,182.08,184.83,174.19,176.66,244718,RAW,true,2024-02-02T21:15:00Z
bar-0007-20240202,1,inst_syn_0007,2024-02-02T14:30:00Z,2024-02-02T21:00:00Z,18.50,19.25,18.42,18.85,3771235,RAW,true,2024-02-02T21:15:00Z
bar-0008-20240202,1,inst_syn_0008,2024-02-02T14:30:00Z,2024-02-02T21:00:00Z,54.45,54.64,53.65,54.04,480498,RAW,true,2024-02-02T21:15:00Z
bar-0009-20240202,1,inst_syn_0009,2024-02-02T14:30:00Z,2024-02-02T21:00:00Z,25.92,27.12,25.80,26.78,2956729,RAW,true,2024-02-02T21:15:00Z
bar-0011-20240202,1,inst_syn_0011,2024-02-02T14:30:00Z,2024-02-02T21:00:00Z,253.82,254.07,252.29,252.55,6798510,RAW,true,2024-02-02T21:15:00Z
bar-0012-20240202,1,inst_syn_0012,2024-02-02T14:30:00Z,2024-02-02T21:00:00Z,76.23,76.29,75.53,75.81,2476744,RAW,true,2024-02-02T21:15:00Z
bar-0001-20240205,1,inst_syn_0001,2024-02-05T14:30:00Z,2024-02-05T21:00:00Z,48.46,48.47,47.68,48.41,763598,RAW,true,2024-02-05T21:15:00Z
bar-0002-20240205,1,inst_syn_0002,2024-02-05T14:30:00Z,2024-02-05T21:00:00Z,133.73,134.82,131.35,132.62,459882,RAW,true,2024-02-05T21:15:00Z
bar-0003-20240205,1,inst_syn_0003,2024-02-05T14:30:00Z,2024-02-05T21:00:00Z,28.58,29.06,27.95,28.01,2136435,RAW,true,2024-02-05T21:15:00Z
bar-0004-20240205,1,inst_syn_0004,2024-02-05T14:30:00Z,2024-02-05T21:00:00Z,64.29,64.70,63.20,63.36,766538,RAW,true,2024-02-05T21:15:00Z
bar-0005-20240205,1,inst_syn_0005,2024-02-05T14:30:00Z,2024-02-05T21:00:00Z,91.54,92.23,89.86,89.91,786898,RAW,true,2024-02-05T21:15:00Z
bar-0006-20240205,1,inst_syn_0006,2024-02-05T14:30:00Z,2024-02-05T21:00:00Z,177.72,177.75,171.60,174.48,417592,RAW,true,2024-02-05T21:15:00Z
bar-0007-20240205,1,inst_syn_0007,2024-02-05T14:30:00Z,2024-02-05T21:00:00Z,19.36,19.56,18.85,18.99,4878049,RAW,true,2024-02-05T21:15:00Z
bar-0008-20240205,1,inst_syn_0008,2024-02-05T14:30:00Z,2024-02-05T21:00:00Z,54.25,55.15,53.57,54.12,568327,RAW,true,2024-02-05T21:15:00Z
bar-0009-20240205,1,inst_syn_0009,2024-02-05T14:30:00Z,2024-02-05T21:00:00Z,26.80,27.23,26.15,26.56,2152672,RAW,true,2024-02-05T21:15:00Z
bar-0011-20240205,1,inst_syn_0011,2024-02-05T14:30:00Z,2024-02-05T21:00:00Z,253.06,256.13,250.28,251.53,7295679,RAW,true,2024-02-05T21:15:00Z
bar-0012-20240205,1,inst_syn_0012,2024-02-05T14:30:00Z,2024-02-05T21:00:00Z,76.12,76.55,74.60,74.78,1310470,RAW,true,2024-02-05T21:15:00Z
bar-0001-20240206,1,inst_syn_0001,2024-02-06T14:30:00Z,2024-02-06T21:00:00Z,48.06,48.17,47.54,47.92,743481,RAW,true,2024-02-06T21:15:00Z
bar-0002-20240206,1,inst_syn_0002,2024-02-06T14:30:00Z,2024-02-06T21:00:00Z,132.67,133.20,129.65,130.04,533578,RAW,true,2024-02-06T21:15:00Z
bar-0003-20240206,1,inst_syn_0003,2024-02-06T14:30:00Z,2024-02-06T21:00:00Z,27.99,28.78,27.57,28.43,1603695,RAW,true,2024-02-06T21:15:00Z
bar-0004-20240206,1,inst_syn_0004,2024-02-06T14:30:00Z,2024-02-06T21:00:00Z,62.41,62.44,61.51,61.60,1219099,RAW,true,2024-02-06T21:15:00Z
bar-0005-20240206,1,inst_syn_0005,2024-02-06T14:30:00Z,2024-02-06T21:00:00Z,90.54,90.62,89.07,89.52,712096,RAW,true,2024-02-06T21:15:00Z
bar-0006-20240206,1,inst_syn_0006,2024-02-06T14:30:00Z,2024-02-06T21:00:00Z,174.95,177.62,172.26,174.80,503886,RAW,true,2024-02-06T21:15:00Z
bar-0007-20240206,1,inst_syn_0007,2024-02-06T14:30:00Z,2024-02-06T21:00:00Z,18.81,19.12,17.77,18.05,5342694,RAW,true,2024-02-06T21:15:00Z
bar-0008-20240206,1,inst_syn_0008,2024-02-06T14:30:00Z,2024-02-06T21:00:00Z,54.11,54.21,53.65,53.73,375812,RAW,true,2024-02-06T21:15:00Z
bar-0009-20240206,1,inst_syn_0009,2024-02-06T14:30:00Z,2024-02-06T21:00:00Z,26.84,28.05,26.27,27.26,2257879,RAW,true,2024-02-06T21:15:00Z
bar-0011-20240206,1,inst_syn_0011,2024-02-06T14:30:00Z,2024-02-06T21:00:00Z,252.37,252.79,250.43,250.69,7263301,RAW,true,2024-02-06T21:15:00Z
bar-0012-20240206,1,inst_syn_0012,2024-02-06T14:30:00Z,2024-02-06T21:00:00Z,74.25,74.56,73.89,74.08,2198135,RAW,true,2024-02-06T21:15:00Z
bar-0001-20240207,1,inst_syn_0001,2024-02-07T14:30:00Z,2024-02-07T21:00:00Z,47.62,48.61,47.02,48.43,737654,RAW,true,2024-02-07T21:15:00Z
bar-0002-20240207,1,inst_syn_0002,2024-02-07T14:30:00Z,2024-02-07T21:00:00Z,130.10,130.61,129.80,129.82,300973,RAW,true,2024-02-07T21:15:00Z
bar-0003-20240207,1,inst_syn_0003,2024-02-07T14:30:00Z,2024-02-07T21:00:00Z,28.32,28.44,27.82,28.38,2348698,RAW,true,2024-02-07T21:15:00Z
bar-0004-20240207,1,inst_syn_0004,2024-02-07T14:30:00Z,2024-02-07T21:00:00Z,61.98,62.00,59.18,59.75,1175503,RAW,true,2024-02-07T21:15:00Z
bar-0005-20240207,1,inst_syn_0005,2024-02-07T14:30:00Z,2024-02-07T21:00:00Z,89.03,91.98,88.52,91.36,880689,RAW,true,2024-02-07T21:15:00Z
bar-0006-20240207,1,inst_syn_0006,2024-02-07T14:30:00Z,2024-02-07T21:00:00Z,173.93,174.88,173.60,174.23,391066,RAW,true,2024-02-07T21:15:00Z
bar-0007-20240207,1,inst_syn_0007,2024-02-07T14:30:00Z,2024-02-07T21:00:00Z,17.95,18.13,17.62,18.02,4106596,RAW,true,2024-02-07T21:15:00Z
bar-0008-20240207,1,inst_syn_0008,2024-02-07T14:30:00Z,2024-02-07T21:00:00Z,53.71,54.65,53.46,54.14,523696,RAW,true,2024-02-07T21:15:00Z
bar-0009-20240207,1,inst_syn_0009,2024-02-07T14:30:00Z,2024-02-07T21:00:00Z,26.97,27.56,25.59,26.44,2839346,RAW,true,2024-02-07T21:15:00Z
bar-0011-20240207,1,inst_syn_0011,2024-02-07T14:30:00Z,2024-02-07T21:00:00Z,251.65,252.45,250.71,251.18,4769451,RAW,true,2024-02-07T21:15:00Z
bar-0012-20240207,1,inst_syn_0012,2024-02-07T14:30:00Z,2024-02-07T21:00:00Z,74.41,74.69,73.40,73.78,1591390,RAW,true,2024-02-07T21:15:00Z
bar-0001-20240208,1,inst_syn_0001,2024-02-08T14:30:00Z,2024-02-08T21:00:00Z,49.23,49.44,47.77,47.99,958113,RAW,true,2024-02-08T21:15:00Z
bar-0002-20240208,1,inst_syn_0002,2024-02-08T14:30:00Z,2024-02-08T21:00:00Z,129.56,130.60,126.21,127.51,382075,RAW,true,2024-02-08T21:15:00Z
bar-0003-20240208,1,inst_syn_0003,2024-02-08T14:30:00Z,2024-02-08T21:00:00Z,28.55,28.70,27.31,27.62,4317091,RAW,true,2024-02-08T21:15:00Z
bar-0004-20240208,1,inst_syn_0004,2024-02-08T14:30:00Z,2024-02-08T21:00:00Z,59.70,59.77,58.42,58.68,1349419,RAW,true,2024-02-08T21:15:00Z
bar-0005-20240208,1,inst_syn_0005,2024-02-08T14:30:00Z,2024-02-08T21:00:00Z,92.23,92.44,91.06,92.34,592766,RAW,true,2024-02-08T21:15:00Z
bar-0006-20240208,1,inst_syn_0006,2024-02-08T14:30:00Z,2024-02-08T21:00:00Z,173.23,176.79,172.89,175.31,210715,RAW,true,2024-02-08T21:15:00Z
bar-0007-20240208,1,inst_syn_0007,2024-02-08T14:30:00Z,2024-02-08T21:00:00Z,17.88,17.92,17.33,17.71,3814409,RAW,true,2024-02-08T21:15:00Z
bar-0008-20240208,1,inst_syn_0008,2024-02-08T14:30:00Z,2024-02-08T21:00:00Z,54.96,55.35,54.59,55.04,737969,RAW,true,2024-02-08T21:15:00Z
bar-0009-20240208,1,inst_syn_0009,2024-02-08T14:30:00Z,2024-02-08T21:00:00Z,26.23,26.80,25.58,25.97,2630920,RAW,true,2024-02-08T21:15:00Z
bar-0011-20240208,1,inst_syn_0011,2024-02-08T14:30:00Z,2024-02-08T21:00:00Z,250.97,251.07,250.45,250.66,4245245,RAW,true,2024-02-08T21:15:00Z
bar-0012-20240208,1,inst_syn_0012,2024-02-08T14:30:00Z,2024-02-08T21:00:00Z,74.61,75.03,72.65,73.22,2273478,RAW,true,2024-02-08T21:15:00Z
bar-0001-20240209,1,inst_syn_0001,2024-02-09T14:30:00Z,2024-02-09T21:00:00Z,47.77,49.86,47.60,49.08,991243,RAW,true,2024-02-09T21:15:00Z
bar-0002-20240209,1,inst_syn_0002,2024-02-09T14:30:00Z,2024-02-09T21:00:00Z,127.55,128.35,126.88,126.91,353899,RAW,true,2024-02-09T21:15:00Z
bar-0003-20240209,1,inst_syn_0003,2024-02-09T14:30:00Z,2024-02-09T21:00:00Z,27.79,28.11,27.72,28.04,1845466,RAW,true,2024-02-09T21:15:00Z
bar-0004-20240209,1,inst_syn_0004,2024-02-09T14:30:00Z,2024-02-09T21:00:00Z,59.09,59.14,58.21,58.50,1115989,RAW,true,2024-02-09T21:15:00Z
bar-0005-20240209,1,inst_syn_0005,2024-02-09T14:30:00Z,2024-02-09T21:00:00Z,92.56,92.66,91.50,92.57,750819,RAW,true,2024-02-09T21:15:00Z
bar-0006-20240209,1,inst_syn_0006,2024-02-09T14:30:00Z,2024-02-09T21:00:00Z,175.01,177.36,173.98,174.05,291899,RAW,true,2024-02-09T21:15:00Z
bar-0007-20240209,1,inst_syn_0007,2024-02-09T14:30:00Z,2024-02-09T21:00:00Z,17.52,17.95,17.26,17.84,4421936,RAW,true,2024-02-09T21:15:00Z
bar-0008-20240209,1,inst_syn_0008,2024-02-09T14:30:00Z,2024-02-09T21:00:00Z,55.43,56.14,54.47,55.00,390572,RAW,true,2024-02-09T21:15:00Z
bar-0009-20240209,1,inst_syn_0009,2024-02-09T14:30:00Z,2024-02-09T21:00:00Z,25.29,25.92,25.14,25.81,2264313,RAW,true,2024-02-09T21:15:00Z
bar-0011-20240209,1,inst_syn_0011,2024-02-09T14:30:00Z,2024-02-09T21:00:00Z,251.49,254.20,250.39,252.95,5056180,RAW,true,2024-02-09T21:15:00Z
bar-0012-20240209,1,inst_syn_0012,2024-02-09T14:30:00Z,2024-02-09T21:00:00Z,72.98,74.27,72.57,74.08,2543887,RAW,true,2024-02-09T21:15:00Z
bar-0001-20240212,1,inst_syn_0001,2024-02-12T14:30:00Z,2024-02-12T21:00:00Z,49.07,49.25,48.27,48.65,586862,RAW,true,2024-02-12T21:15:00Z
bar-0002-20240212,1,inst_syn_0002,2024-02-12T14:30:00Z,2024-02-12T21:00:00Z,125.72,126.30,123.28,124.77,697787,RAW,true,2024-02-12T21:15:00Z
bar-0003-20240212,1,inst_syn_0003,2024-02-12T14:30:00Z,2024-02-12T21:00:00Z,28.18,28.29,28.05,28.11,2420616,RAW,true,2024-02-12T21:15:00Z
bar-0004-20240212,1,inst_syn_0004,2024-02-12T14:30:00Z,2024-02-12T21:00:00Z,58.21,58.69,57.81,58.34,1718247,RAW,true,2024-02-12T21:15:00Z
bar-0005-20240212,1,inst_syn_0005,2024-02-12T14:30:00Z,2024-02-12T21:00:00Z,92.24,93.65,91.99,92.61,532964,RAW,true,2024-02-12T21:15:00Z
bar-0006-20240212,1,inst_syn_0006,2024-02-12T14:30:00Z,2024-02-12T21:00:00Z,174.95,175.78,169.17,171.34,259962,RAW,true,2024-02-12T21:15:00Z
bar-0007-20240212,1,inst_syn_0007,2024-02-12T14:30:00Z,2024-02-12T21:00:00Z,18.05,18.12,17.10,17.78,5544682,RAW,true,2024-02-12T21:15:00Z
bar-0008-20240212,1,inst_syn_0008,2024-02-12T14:30:00Z,2024-02-12T21:00:00Z,54.22,54.69,53.70,54.05,628199,RAW,true,2024-02-12T21:15:00Z
bar-0009-20240212,1,inst_syn_0009,2024-02-12T14:30:00Z,2024-02-12T21:00:00Z,25.95,26.60,25.40,26.12,1723111,RAW,true,2024-02-12T21:15:00Z
bar-0011-20240212,1,inst_syn_0011,2024-02-12T14:30:00Z,2024-02-12T21:00:00Z,253.03,253.87,250.72,251.37,5666493,RAW,true,2024-02-12T21:15:00Z
bar-0012-20240212,1,inst_syn_0012,2024-02-12T14:30:00Z,2024-02-12T21:00:00Z,73.72,73.74,73.23,73.31,2946386,RAW,true,2024-02-12T21:15:00Z
bar-0001-20240213,1,inst_syn_0001,2024-02-13T14:30:00Z,2024-02-13T21:00:00Z,48.79,49.20,48.72,48.78,1130410,RAW,true,2024-02-13T21:15:00Z
bar-0002-20240213,1,inst_syn_0002,2024-02-13T14:30:00Z,2024-02-13T21:00:00Z,125.74,126.25,123.55,124.19,524497,RAW,true,2024-02-13T21:15:00Z
bar-0003-20240213,1,inst_syn_0003,2024-02-13T14:30:00Z,2024-02-13T21:00:00Z,27.81,28.54,27.13,28.45,1860469,RAW,true,2024-02-13T21:15:00Z
bar-0004-20240213,1,inst_syn_0004,2024-02-13T14:30:00Z,2024-02-13T21:00:00Z,58.28,59.37,57.07,58.53,724339,RAW,true,2024-02-13T21:15:00Z
bar-0005-20240213,1,inst_syn_0005,2024-02-13T14:30:00Z,2024-02-13T21:00:00Z,93.22,94.46,92.80,93.53,697367,RAW,true,2024-02-13T21:15:00Z
bar-0006-20240213,1,inst_syn_0006,2024-02-13T14:30:00Z,2024-02-13T21:00:00Z,171.24,174.24,170.61,172.60,264702,RAW,true,2024-02-13T21:15:00Z
bar-0007-20240213,1,inst_syn_0007,2024-02-13T14:30:00Z,2024-02-13T21:00:00Z,17.53,18.30,17.05,17.75,3065686,RAW,true,2024-02-13T21:15:00Z
bar-0008-20240213,1,inst_syn_0008,2024-02-13T14:30:00Z,2024-02-13T21:00:00Z,54.05,54.63,53.76,54.43,633636,RAW,true,2024-02-13T21:15:00Z
bar-0009-20240213,1,inst_syn_0009,2024-02-13T14:30:00Z,2024-02-13T21:00:00Z,25.87,26.65,25.53,26.42,1786801,RAW,true,2024-02-13T21:15:00Z
bar-0011-20240213,1,inst_syn_0011,2024-02-13T14:30:00Z,2024-02-13T21:00:00Z,251.09,253.47,249.68,252.31,7956575,RAW,true,2024-02-13T21:15:00Z
bar-0012-20240213,1,inst_syn_0012,2024-02-13T14:30:00Z,2024-02-13T21:00:00Z,73.23,73.81,73.10,73.62,2056958,RAW,true,2024-02-13T21:15:00Z
bar-0001-20240214,1,inst_syn_0001,2024-02-14T14:30:00Z,2024-02-14T21:00:00Z,48.78,48.86,47.46,47.87,646428,RAW,true,2024-02-14T21:15:00Z
bar-0002-20240214,1,inst_syn_0002,2024-02-14T14:30:00Z,2024-02-14T21:00:00Z,124.35,125.14,121.80,122.73,363584,RAW,true,2024-02-14T21:15:00Z
bar-0003-20240214,1,inst_syn_0003,2024-02-14T14:30:00Z,2024-02-14T21:00:00Z,28.22,28.96,28.04,28.68,1276715,RAW,true,2024-02-14T21:15:00Z
bar-0004-20240214,1,inst_syn_0004,2024-02-14T14:30:00Z,2024-02-14T21:00:00Z,58.84,59.68,57.85,58.31,555936,RAW,true,2024-02-14T21:15:00Z
bar-0005-20240214,1,inst_syn_0005,2024-02-14T14:30:00Z,2024-02-14T21:00:00Z,94.18,94.85,91.00,91.88,764422,RAW,true,2024-02-14T21:15:00Z
bar-0006-20240214,1,inst_syn_0006,2024-02-14T14:30:00Z,2024-02-14T21:00:00Z,174.09,175.06,171.41,171.90,350514,RAW,true,2024-02-14T21:15:00Z
bar-0007-20240214,1,inst_syn_0007,2024-02-14T14:30:00Z,2024-02-14T21:00:00Z,17.49,17.83,17.30,17.77,3998667,RAW,true,2024-02-14T21:15:00Z
bar-0008-20240214,1,inst_syn_0008,2024-02-14T14:30:00Z,2024-02-14T21:00:00Z,54.15,54.22,53.20,53.23,656701,RAW,true,2024-02-14T21:15:00Z
bar-0009-20240214,1,inst_syn_0009,2024-02-14T14:30:00Z,2024-02-14T21:00:00Z,26.69,27.44,26.13,27.20,2005243,RAW,true,2024-02-14T21:15:00Z
bar-0011-20240214,1,inst_syn_0011,2024-02-14T14:30:00Z,2024-02-14T21:00:00Z,253.21,253.42,252.39,253.24,4901161,RAW,true,2024-02-14T21:15:00Z
bar-0012-20240214,1,inst_syn_0012,2024-02-14T14:30:00Z,2024-02-14T21:00:00Z,73.60,74.68,73.10,73.91,1777683,RAW,true,2024-02-14T21:15:00Z
bar-0001-20240215,1,inst_syn_0001,2024-02-15T14:30:00Z,2024-02-15T21:00:00Z,47.79,48.00,47.56,47.71,924992,RAW,true,2024-02-15T21:15:00Z
bar-0002-20240215,1,inst_syn_0002,2024-02-15T14:30:00Z,2024-02-15T21:00:00Z,122.08,122.16,119.88,120.08,405363,RAW,true,2024-02-15T21:15:00Z
bar-0003-20240215,1,inst_syn_0003,2024-02-15T14:30:00Z,2024-02-15T21:00:00Z,28.54,28.62,27.50,28.34,2016613,RAW,true,2024-02-15T21:15:00Z
bar-0004-20240215,1,inst_syn_0004,2024-02-15T14:30:00Z,2024-02-15T21:00:00Z,58.55,59.32,58.41,58.64,1793324,RAW,true,2024-02-15T21:15:00Z
bar-0005-20240215,1,inst_syn_0005,2024-02-15T14:30:00Z,2024-02-15T21:00:00Z,92.71,93.16,90.43,91.83,581046,RAW,true,2024-02-15T21:15:00Z
bar-0006-20240215,1,inst_syn_0006,2024-02-15T14:30:00Z,2024-02-15T21:00:00Z,170.92,172.04,169.11,171.35,237519,RAW,true,2024-02-15T21:15:00Z
bar-0007-20240215,1,inst_syn_0007,2024-02-15T14:30:00Z,2024-02-15T21:00:00Z,17.76,18.03,17.44,17.94,5603580,RAW,true,2024-02-15T21:15:00Z
bar-0008-20240215,1,inst_syn_0008,2024-02-15T14:30:00Z,2024-02-15T21:00:00Z,53.17,53.97,53.16,53.43,455307,RAW,true,2024-02-15T21:15:00Z
bar-0009-20240215,1,inst_syn_0009,2024-02-15T14:30:00Z,2024-02-15T21:00:00Z,27.20,27.31,26.42,26.85,1449602,RAW,true,2024-02-15T21:15:00Z
bar-0011-20240215,1,inst_syn_0011,2024-02-15T14:30:00Z,2024-02-15T21:00:00Z,253.06,253.20,251.38,251.45,4732684,RAW,true,2024-02-15T21:15:00Z
bar-0012-20240215,1,inst_syn_0012,2024-02-15T14:30:00Z,2024-02-15T21:00:00Z,73.79,74.20,72.86,72.99,1972645,RAW,true,2024-02-15T21:15:00Z
bar-0001-20240216,1,inst_syn_0001,2024-02-16T14:30:00Z,2024-02-16T21:00:00Z,47.38,48.12,46.78,46.84,753117,RAW,true,2024-02-16T21:15:00Z
bar-0002-20240216,1,inst_syn_0002,2024-02-16T14:30:00Z,2024-02-16T21:00:00Z,121.02,122.46,119.97,121.91,290361,RAW,true,2024-02-16T21:15:00Z
bar-0003-20240216,1,inst_syn_0003,2024-02-16T14:30:00Z,2024-02-16T21:00:00Z,28.63,28.99,28.01,28.59,3368346,RAW,true,2024-02-16T21:15:00Z
bar-0004-20240216,1,inst_syn_0004,2024-02-16T14:30:00Z,2024-02-16T21:00:00Z,58.93,61.31,58.52,60.06,1436276,RAW,true,2024-02-16T21:15:00Z
bar-0005-20240216,1,inst_syn_0005,2024-02-16T14:30:00Z,2024-02-16T21:00:00Z,92.34,94.21,92.22,93.58,599286,RAW,true,2024-02-16T21:15:00Z
bar-0006-20240216,1,inst_syn_0006,2024-02-16T14:30:00Z,2024-02-16T21:00:00Z,173.67,174.55,170.09,171.69,409661,RAW,true,2024-02-16T21:15:00Z
bar-0007-20240216,1,inst_syn_0007,2024-02-16T14:30:00Z,2024-02-16T21:00:00Z,17.90,17.98,17.01,17.44,4805835,RAW,true,2024-02-16T21:15:00Z
bar-0008-20240216,1,inst_syn_0008,2024-02-16T14:30:00Z,2024-02-16T21:00:00Z,53.85,54.42,53.41,53.78,416208,RAW,true,2024-02-16T21:15:00Z
bar-0009-20240216,1,inst_syn_0009,2024-02-16T14:30:00Z,2024-02-16T21:00:00Z,26.67,26.72,26.10,26.36,2679670,RAW,true,2024-02-16T21:15:00Z
bar-0011-20240216,1,inst_syn_0011,2024-02-16T14:30:00Z,2024-02-16T21:00:00Z,253.06,253.93,251.46,252.33,6576996,RAW,true,2024-02-16T21:15:00Z
bar-0012-20240216,1,inst_syn_0012,2024-02-16T14:30:00Z,2024-02-16T21:00:00Z,73.06,74.00,72.37,73.75,2698556,RAW,true,2024-02-16T21:15:00Z
bar-0001-20240220,1,inst_syn_0001,2024-02-20T14:30:00Z,2024-02-20T21:00:00Z,46.76,47.11,46.32,46.94,907770,RAW,true,2024-02-20T21:15:00Z
bar-0002-20240220,1,inst_syn_0002,2024-02-20T14:30:00Z,2024-02-20T21:00:00Z,122.44,123.20,122.00,122.85,452917,RAW,true,2024-02-20T21:15:00Z
bar-0003-20240220,1,inst_syn_0003,2024-02-20T14:30:00Z,2024-02-20T21:00:00Z,28.92,29.00,28.23,28.26,3232463,RAW,true,2024-02-20T21:15:00Z
bar-0004-20240220,1,inst_syn_0004,2024-02-20T14:30:00Z,2024-02-20T21:00:00Z,59.61,60.12,58.88,59.33,1336889,RAW,true,2024-02-20T21:15:00Z
bar-0005-20240220,1,inst_syn_0005,2024-02-20T14:30:00Z,2024-02-20T21:00:00Z,92.92,93.24,92.60,92.94,555796,RAW,true,2024-02-20T21:15:00Z
bar-0006-20240220,1,inst_syn_0006,2024-02-20T14:30:00Z,2024-02-20T21:00:00Z,171.35,173.67,170.76,173.64,316307,RAW,true,2024-02-20T21:15:00Z
bar-0007-20240220,1,inst_syn_0007,2024-02-20T14:30:00Z,2024-02-20T21:00:00Z,17.73,18.84,17.59,18.54,3918994,RAW,true,2024-02-20T21:15:00Z
bar-0008-20240220,1,inst_syn_0008,2024-02-20T14:30:00Z,2024-02-20T21:00:00Z,53.67,54.07,52.92,53.33,416464,RAW,true,2024-02-20T21:15:00Z
bar-0009-20240220,1,inst_syn_0009,2024-02-20T14:30:00Z,2024-02-20T21:00:00Z,25.79,26.90,25.38,26.80,1747257,RAW,true,2024-02-20T21:15:00Z
bar-0011-20240220,1,inst_syn_0011,2024-02-20T14:30:00Z,2024-02-20T21:00:00Z,251.60,253.58,251.21,252.40,6081696,RAW,true,2024-02-20T21:15:00Z
bar-0012-20240220,1,inst_syn_0012,2024-02-20T14:30:00Z,2024-02-20T21:00:00Z,73.15,74.31,72.93,74.03,1750629,RAW,true,2024-02-20T21:15:00Z
bar-0001-20240221,1,inst_syn_0001,2024-02-21T14:30:00Z,2024-02-21T21:00:00Z,46.76,47.03,45.71,45.78,1258934,RAW,true,2024-02-21T21:15:00Z
bar-0002-20240221,1,inst_syn_0002,2024-02-21T14:30:00Z,2024-02-21T21:00:00Z,123.60,124.43,123.17,123.71,439537,RAW,true,2024-02-21T21:15:00Z
bar-0003-20240221,1,inst_syn_0003,2024-02-21T14:30:00Z,2024-02-21T21:00:00Z,28.30,29.59,27.58,29.06,3012832,RAW,true,2024-02-21T21:15:00Z
bar-0004-20240221,1,inst_syn_0004,2024-02-21T14:30:00Z,2024-02-21T21:00:00Z,60.19,60.71,58.00,58.01,912386,RAW,true,2024-02-21T21:15:00Z
bar-0005-20240221,1,inst_syn_0005,2024-02-21T14:30:00Z,2024-02-21T21:00:00Z,93.27,93.52,91.68,92.77,515191,RAW,true,2024-02-21T21:15:00Z
bar-0006-20240221,1,inst_syn_0006,2024-02-21T14:30:00Z,2024-02-21T21:00:00Z,174.49,175.65,174.03,175.20,364494,RAW,true,2024-02-21T21:15:00Z
bar-0007-20240221,1,inst_syn_0007,2024-02-21T14:30:00Z,2024-02-21T21:00:00Z,18.48,18.69,17.91,18.24,3950572,RAW,true,2024-02-21T21:15:00Z
bar-0008-20240221,1,inst_syn_0008,2024-02-21T14:30:00Z,2024-02-21T21:00:00Z,53.51,53.77,52.39,52.63,428505,RAW,true,2024-02-21T21:15:00Z
bar-0009-20240221,1,inst_syn_0009,2024-02-21T14:30:00Z,2024-02-21T21:00:00Z,26.90,27.29,26.28,26.40,1820172,RAW,true,2024-02-21T21:15:00Z
bar-0011-20240221,1,inst_syn_0011,2024-02-21T14:30:00Z,2024-02-21T21:00:00Z,252.38,252.70,248.73,249.63,3560474,RAW,true,2024-02-21T21:15:00Z
bar-0012-20240221,1,inst_syn_0012,2024-02-21T14:30:00Z,2024-02-21T21:00:00Z,74.42,75.17,72.82,73.97,3073768,RAW,true,2024-02-21T21:15:00Z
bar-0001-20240222,1,inst_syn_0001,2024-02-22T14:30:00Z,2024-02-22T21:00:00Z,45.83,46.41,45.73,46.28,738538,RAW,true,2024-02-22T21:15:00Z
bar-0002-20240222,1,inst_syn_0002,2024-02-22T14:30:00Z,2024-02-22T21:00:00Z,125.65,125.97,124.19,124.20,309686,RAW,true,2024-02-22T21:15:00Z
bar-0003-20240222,1,inst_syn_0003,2024-02-22T14:30:00Z,2024-02-22T21:00:00Z,29.27,29.75,28.64,29.72,2974491,RAW,true,2024-02-22T21:15:00Z
bar-0004-20240222,1,inst_syn_0004,2024-02-22T14:30:00Z,2024-02-22T21:00:00Z,58.09,59.66,57.65,59.56,1172755,RAW,true,2024-02-22T21:15:00Z
bar-0005-20240222,1,inst_syn_0005,2024-02-22T14:30:00Z,2024-02-22T21:00:00Z,93.52,93.85,92.35,92.67,771147,RAW,true,2024-02-22T21:15:00Z
bar-0006-20240222,1,inst_syn_0006,2024-02-22T14:30:00Z,2024-02-22T21:00:00Z,175.87,178.41,170.59,174.89,260415,RAW,true,2024-02-22T21:15:00Z
bar-0007-20240222,1,inst_syn_0007,2024-02-22T14:30:00Z,2024-02-22T21:00:00Z,18.13,18.33,17.71,17.89,4264989,RAW,true,2024-02-22T21:15:00Z
bar-0008-20240222,1,inst_syn_0008,2024-02-22T14:30:00Z,2024-02-22T21:00:00Z,52.61,54.05,52.53,53.65,883083,RAW,true,2024-02-22T21:15:00Z
bar-0009-20240222,1,inst_syn_0009,2024-02-22T14:30:00Z,2024-02-22T21:00:00Z,26.88,27.41,25.98,26.11,1679217,RAW,true,2024-02-22T21:15:00Z
bar-0011-20240222,1,inst_syn_0011,2024-02-22T14:30:00Z,2024-02-22T21:00:00Z,250.21,253.58,248.65,252.55,6469831,RAW,true,2024-02-22T21:15:00Z
bar-0012-20240222,1,inst_syn_0012,2024-02-22T14:30:00Z,2024-02-22T21:00:00Z,74.27,75.52,74.08,75.47,3053243,RAW,true,2024-02-22T21:15:00Z
bar-0001-20240223,1,inst_syn_0001,2024-02-23T14:30:00Z,2024-02-23T21:00:00Z,46.66,47.29,45.21,45.56,676915,RAW,true,2024-02-23T21:15:00Z
bar-0002-20240223,1,inst_syn_0002,2024-02-23T14:30:00Z,2024-02-23T21:00:00Z,124.05,125.38,123.01,125.11,444496,RAW,true,2024-02-23T21:15:00Z
bar-0003-20240223,1,inst_syn_0003,2024-02-23T14:30:00Z,2024-02-23T21:00:00Z,29.70,30.23,28.73,29.30,2832005,RAW,true,2024-02-23T21:15:00Z
bar-0004-20240223,1,inst_syn_0004,2024-02-23T14:30:00Z,2024-02-23T21:00:00Z,60.24,61.69,60.22,60.51,963511,RAW,true,2024-02-23T21:15:00Z
bar-0005-20240223,1,inst_syn_0005,2024-02-23T14:30:00Z,2024-02-23T21:00:00Z,92.15,93.33,90.05,90.56,698006,RAW,true,2024-02-23T21:15:00Z
bar-0006-20240223,1,inst_syn_0006,2024-02-23T14:30:00Z,2024-02-23T21:00:00Z,173.50,178.38,172.99,177.23,363933,RAW,true,2024-02-23T21:15:00Z
bar-0007-20240223,1,inst_syn_0007,2024-02-23T14:30:00Z,2024-02-23T21:00:00Z,17.83,18.43,17.57,18.01,3655504,RAW,true,2024-02-23T21:15:00Z
bar-0008-20240223,1,inst_syn_0008,2024-02-23T14:30:00Z,2024-02-23T21:00:00Z,52.68,54.97,52.44,54.67,322820,RAW,true,2024-02-23T21:15:00Z
bar-0009-20240223,1,inst_syn_0009,2024-02-23T14:30:00Z,2024-02-23T21:00:00Z,26.18,26.52,24.12,24.76,2543624,RAW,true,2024-02-23T21:15:00Z
bar-0011-20240223,1,inst_syn_0011,2024-02-23T14:30:00Z,2024-02-23T21:00:00Z,251.18,254.45,250.60,253.05,6363198,RAW,true,2024-02-23T21:15:00Z
bar-0012-20240223,1,inst_syn_0012,2024-02-23T14:30:00Z,2024-02-23T21:00:00Z,75.30,75.39,74.85,74.89,2754020,RAW,true,2024-02-23T21:15:00Z
bar-0001-20240226,1,inst_syn_0001,2024-02-26T14:30:00Z,2024-02-26T21:00:00Z,45.10,45.52,44.76,45.19,1000356,RAW,true,2024-02-26T21:15:00Z
bar-0002-20240226,1,inst_syn_0002,2024-02-26T14:30:00Z,2024-02-26T21:00:00Z,126.31,127.39,124.55,125.43,480409,RAW,true,2024-02-26T21:15:00Z
bar-0003-20240226,1,inst_syn_0003,2024-02-26T14:30:00Z,2024-02-26T21:00:00Z,29.29,29.39,28.60,29.13,2019017,RAW,true,2024-02-26T21:15:00Z
bar-0004-20240226,1,inst_syn_0004,2024-02-26T14:30:00Z,2024-02-26T21:00:00Z,61.07,62.11,60.12,60.85,1203573,RAW,true,2024-02-26T21:15:00Z
bar-0005-20240226,1,inst_syn_0005,2024-02-26T14:30:00Z,2024-02-26T21:00:00Z,90.93,91.17,89.38,90.67,602704,RAW,true,2024-02-26T21:15:00Z
bar-0006-20240226,1,inst_syn_0006,2024-02-26T14:30:00Z,2024-02-26T21:00:00Z,177.46,179.97,174.30,175.64,447884,RAW,true,2024-02-26T21:15:00Z
bar-0007-20240226,1,inst_syn_0007,2024-02-26T14:30:00Z,2024-02-26T21:00:00Z,18.16,18.48,17.81,18.06,4358841,RAW,true,2024-02-26T21:15:00Z
bar-0008-20240226,1,inst_syn_0008,2024-02-26T14:30:00Z,2024-02-26T21:00:00Z,54.41,55.09,53.38,53.67,347482,RAW,true,2024-02-26T21:15:00Z
bar-0009-20240226,1,inst_syn_0009,2024-02-26T14:30:00Z,2024-02-26T21:00:00Z,24.58,25.44,24.16,24.97,1758055,RAW,true,2024-02-26T21:15:00Z
bar-0011-20240226,1,inst_syn_0011,2024-02-26T14:30:00Z,2024-02-26T21:00:00Z,252.01,252.91,250.00,251.44,8767939,RAW,true,2024-02-26T21:15:00Z
bar-0012-20240226,1,inst_syn_0012,2024-02-26T14:30:00Z,2024-02-26T21:00:00Z,75.07,75.21,73.88,74.03,1486099,RAW,true,2024-02-26T21:15:00Z
bar-0001-20240227,1,inst_syn_0001,2024-02-27T14:30:00Z,2024-02-27T21:00:00Z,44.70,45.76,44.62,45.56,603065,RAW,true,2024-02-27T21:15:00Z
bar-0002-20240227,1,inst_syn_0002,2024-02-27T14:30:00Z,2024-02-27T21:00:00Z,126.36,127.09,125.39,127.09,384133,RAW,true,2024-02-27T21:15:00Z
bar-0003-20240227,1,inst_syn_0003,2024-02-27T14:30:00Z,2024-02-27T21:00:00Z,29.75,30.28,29.59,29.96,3586606,RAW,true,2024-02-27T21:15:00Z
bar-0004-20240227,1,inst_syn_0004,2024-02-27T14:30:00Z,2024-02-27T21:00:00Z,61.28,63.31,60.32,63.15,1900705,RAW,true,2024-02-27T21:15:00Z
bar-0005-20240227,1,inst_syn_0005,2024-02-27T14:30:00Z,2024-02-27T21:00:00Z,90.78,92.19,90.60,91.62,591497,RAW,true,2024-02-27T21:15:00Z
bar-0006-20240227,1,inst_syn_0006,2024-02-27T14:30:00Z,2024-02-27T21:00:00Z,177.40,179.42,176.76,179.16,426090,RAW,true,2024-02-27T21:15:00Z
bar-0007-20240227,1,inst_syn_0007,2024-02-27T14:30:00Z,2024-02-27T21:00:00Z,18.56,18.62,18.11,18.29,2668518,RAW,true,2024-02-27T21:15:00Z
bar-0008-20240227,1,inst_syn_0008,2024-02-27T14:30:00Z,2024-02-27T21:00:00Z,53.68,54.45,53.60,54.32,533491,RAW,true,2024-02-27T21:15:00Z
bar-0009-20240227,1,inst_syn_0009,2024-02-27T14:30:00Z,2024-02-27T21:00:00Z,25.21,26.57,25.11,25.86,2479141,RAW,true,2024-02-27T21:15:00Z
bar-0011-20240227,1,inst_syn_0011,2024-02-27T14:30:00Z,2024-02-27T21:00:00Z,250.37,254.04,249.65,253.38,5720067,RAW,true,2024-02-27T21:15:00Z
bar-0012-20240227,1,inst_syn_0012,2024-02-27T14:30:00Z,2024-02-27T21:00:00Z,74.20,75.25,73.95,75.08,2783590,RAW,true,2024-02-27T21:15:00Z
bar-0001-20240228,1,inst_syn_0001,2024-02-28T14:30:00Z,2024-02-28T21:00:00Z,45.26,46.55,44.88,46.14,1129614,RAW,true,2024-02-28T21:15:00Z
bar-0002-20240228,1,inst_syn_0002,2024-02-28T14:30:00Z,2024-02-28T21:00:00Z,126.26,128.91,125.97,127.89,658385,RAW,true,2024-02-28T21:15:00Z
bar-0003-20240228,1,inst_syn_0003,2024-02-28T14:30:00Z,2024-02-28T21:00:00Z,30.00,31.77,29.05,30.89,2475511,RAW,true,2024-02-28T21:15:00Z
bar-0004-20240228,1,inst_syn_0004,2024-02-28T14:30:00Z,2024-02-28T21:00:00Z,62.43,63.83,62.36,63.23,1272463,RAW,true,2024-02-28T21:15:00Z
bar-0005-20240228,1,inst_syn_0005,2024-02-28T14:30:00Z,2024-02-28T21:00:00Z,91.98,94.97,90.44,94.25,556103,RAW,true,2024-02-28T21:15:00Z
bar-0006-20240228,1,inst_syn_0006,2024-02-28T14:30:00Z,2024-02-28T21:00:00Z,180.11,181.25,178.96,180.66,402415,RAW,true,2024-02-28T21:15:00Z
bar-0007-20240228,1,inst_syn_0007,2024-02-28T14:30:00Z,2024-02-28T21:00:00Z,18.63,18.91,18.53,18.74,3536967,RAW,true,2024-02-28T21:15:00Z
bar-0008-20240228,1,inst_syn_0008,2024-02-28T14:30:00Z,2024-02-28T21:00:00Z,54.03,54.74,53.55,54.53,554567,RAW,true,2024-02-28T21:15:00Z
bar-0009-20240228,1,inst_syn_0009,2024-02-28T14:30:00Z,2024-02-28T21:00:00Z,25.73,27.66,25.70,26.77,1812630,RAW,true,2024-02-28T21:15:00Z
bar-0011-20240228,1,inst_syn_0011,2024-02-28T14:30:00Z,2024-02-28T21:00:00Z,253.16,258.29,252.51,256.87,6306877,RAW,true,2024-02-28T21:15:00Z
bar-0012-20240228,1,inst_syn_0012,2024-02-28T14:30:00Z,2024-02-28T21:00:00Z,75.06,76.08,74.88,75.88,1233243,RAW,true,2024-02-28T21:15:00Z
bar-0001-20240229,1,inst_syn_0001,2024-02-29T14:30:00Z,2024-02-29T21:00:00Z,46.15,46.44,45.70,45.92,472532,RAW,true,2024-02-29T21:15:00Z
bar-0002-20240229,1,inst_syn_0002,2024-02-29T14:30:00Z,2024-02-29T21:00:00Z,127.60,127.73,126.70,127.62,388406,RAW,true,2024-02-29T21:15:00Z
bar-0003-20240229,1,inst_syn_0003,2024-02-29T14:30:00Z,2024-02-29T21:00:00Z,30.85,31.05,30.54,30.95,2846683,RAW,true,2024-02-29T21:15:00Z
bar-0004-20240229,1,inst_syn_0004,2024-02-29T14:30:00Z,2024-02-29T21:00:00Z,63.86,64.01,63.46,63.87,929104,RAW,true,2024-02-29T21:15:00Z
bar-0005-20240229,1,inst_syn_0005,2024-02-29T14:30:00Z,2024-02-29T21:00:00Z,93.86,94.76,93.40,94.41,829448,RAW,true,2024-02-29T21:15:00Z
bar-0006-20240229,1,inst_syn_0006,2024-02-29T14:30:00Z,2024-02-29T21:00:00Z,182.14,184.96,179.21,182.88,342441,RAW,true,2024-02-29T21:15:00Z
bar-0007-20240229,1,inst_syn_0007,2024-02-29T14:30:00Z,2024-02-29T21:00:00Z,18.65,18.68,18.29,18.36,2955236,RAW,true,2024-02-29T21:15:00Z
bar-0008-20240229,1,inst_syn_0008,2024-02-29T14:30:00Z,2024-02-29T21:00:00Z,54.74,54.84,54.57,54.72,556028,RAW,true,2024-02-29T21:15:00Z
bar-0009-20240229,1,inst_syn_0009,2024-02-29T14:30:00Z,2024-02-29T21:00:00Z,26.81,26.82,26.29,26.39,2066999,RAW,true,2024-02-29T21:15:00Z
bar-0011-20240229,1,inst_syn_0011,2024-02-29T14:30:00Z,2024-02-29T21:00:00Z,258.19,259.58,256.94,257.27,5076709,RAW,true,2024-02-29T21:15:00Z
bar-0012-20240229,1,inst_syn_0012,2024-02-29T14:30:00Z,2024-02-29T21:00:00Z,75.63,75.75,75.20,75.46,2216183,RAW,true,2024-02-29T21:15:00Z
bar-0001-20240301,1,inst_syn_0001,2024-03-01T14:30:00Z,2024-03-01T21:00:00Z,45.62,45.79,44.65,44.87,897287,RAW,true,2024-03-01T21:15:00Z
bar-0002-20240301,1,inst_syn_0002,2024-03-01T14:30:00Z,2024-03-01T21:00:00Z,128.12,129.75,127.44,128.36,168325,RAW,true,2024-03-01T21:15:00Z
bar-0003-20240301,1,inst_syn_0003,2024-03-01T14:30:00Z,2024-03-01T21:00:00Z,31.05,32.31,30.48,31.77,3060731,RAW,true,2024-03-01T21:15:00Z
bar-0004-20240301,1,inst_syn_0004,2024-03-01T14:30:00Z,2024-03-01T21:00:00Z,63.13,63.51,63.11,63.43,931891,RAW,true,2024-03-01T21:15:00Z
bar-0005-20240301,1,inst_syn_0005,2024-03-01T14:30:00Z,2024-03-01T21:00:00Z,94.67,95.43,92.90,93.79,770774,RAW,true,2024-03-01T21:15:00Z
bar-0006-20240301,1,inst_syn_0006,2024-03-01T14:30:00Z,2024-03-01T21:00:00Z,185.50,186.40,177.99,179.69,451543,RAW,true,2024-03-01T21:15:00Z
bar-0007-20240301,1,inst_syn_0007,2024-03-01T14:30:00Z,2024-03-01T21:00:00Z,17.83,18.72,17.65,18.52,3730917,RAW,true,2024-03-01T21:15:00Z
bar-0008-20240301,1,inst_syn_0008,2024-03-01T14:30:00Z,2024-03-01T21:00:00Z,54.86,55.41,54.70,55.31,513784,RAW,true,2024-03-01T21:15:00Z
bar-0009-20240301,1,inst_syn_0009,2024-03-01T14:30:00Z,2024-03-01T21:00:00Z,26.35,26.93,25.43,25.58,1678226,RAW,true,2024-03-01T21:15:00Z
bar-0011-20240301,1,inst_syn_0011,2024-03-01T14:30:00Z,2024-03-01T21:00:00Z,258.81,259.60,255.06,256.22,4699280,RAW,true,2024-03-01T21:15:00Z
bar-0012-20240301,1,inst_syn_0012,2024-03-01T14:30:00Z,2024-03-01T21:00:00Z,75.48,76.39,74.40,74.72,2139808,RAW,true,2024-03-01T21:15:00Z
bar-0001-20240304,1,inst_syn_0001,2024-03-04T14:30:00Z,2024-03-04T21:00:00Z,44.51,44.86,44.13,44.56,662963,RAW,true,2024-03-04T21:15:00Z
bar-0002-20240304,1,inst_syn_0002,2024-03-04T14:30:00Z,2024-03-04T21:00:00Z,127.92,129.66,127.56,127.95,444973,RAW,true,2024-03-04T21:15:00Z
bar-0003-20240304,1,inst_syn_0003,2024-03-04T14:30:00Z,2024-03-04T21:00:00Z,31.21,31.38,29.85,29.88,4584468,RAW,true,2024-03-04T21:15:00Z
bar-0004-20240304,1,inst_syn_0004,2024-03-04T14:30:00Z,2024-03-04T21:00:00Z,63.54,64.15,62.12,62.44,1611591,RAW,true,2024-03-04T21:15:00Z
bar-0005-20240304,1,inst_syn_0005,2024-03-04T14:30:00Z,2024-03-04T21:00:00Z,93.78,94.09,92.26,92.75,693603,RAW,true,2024-03-04T21:15:00Z
bar-0006-20240304,1,inst_syn_0006,2024-03-04T14:30:00Z,2024-03-04T21:00:00Z,178.85,179.77,174.80,176.36,422036,RAW,true,2024-03-04T21:15:00Z
bar-0007-20240304,1,inst_syn_0007,2024-03-04T14:30:00Z,2024-03-04T21:00:00Z,18.60,18.79,18.01,18.21,3162881,RAW,true,2024-03-04T21:15:00Z
bar-0008-20240304,1,inst_syn_0008,2024-03-04T14:30:00Z,2024-03-04T21:00:00Z,54.69,56.18,54.30,55.57,349641,RAW,true,2024-03-04T21:15:00Z
bar-0009-20240304,1,inst_syn_0009,2024-03-04T14:30:00Z,2024-03-04T21:00:00Z,25.26,26.19,24.72,25.50,2034808,RAW,true,2024-03-04T21:15:00Z
bar-0011-20240304,1,inst_syn_0011,2024-03-04T14:30:00Z,2024-03-04T21:00:00Z,255.90,255.96,252.01,253.98,6548364,RAW,true,2024-03-04T21:15:00Z
bar-0012-20240304,1,inst_syn_0012,2024-03-04T14:30:00Z,2024-03-04T21:00:00Z,74.51,74.92,72.89,73.28,2157473,RAW,true,2024-03-04T21:15:00Z
bar-0001-20240305,1,inst_syn_0001,2024-03-05T14:30:00Z,2024-03-05T21:00:00Z,44.49,44.56,43.97,44.04,1119963,RAW,true,2024-03-05T21:15:00Z
bar-0002-20240305,1,inst_syn_0002,2024-03-05T14:30:00Z,2024-03-05T21:00:00Z,128.89,128.91,127.05,127.45,401341,RAW,true,2024-03-05T21:15:00Z
bar-0003-20240305,1,inst_syn_0003,2024-03-05T14:30:00Z,2024-03-05T21:00:00Z,29.93,31.05,29.85,30.88,3724113,RAW,true,2024-03-05T21:15:00Z
bar-0004-20240305,1,inst_syn_0004,2024-03-05T14:30:00Z,2024-03-05T21:00:00Z,62.75,63.77,62.18,63.23,801751,RAW,true,2024-03-05T21:15:00Z
bar-0005-20240305,1,inst_syn_0005,2024-03-05T14:30:00Z,2024-03-05T21:00:00Z,93.47,94.77,92.05,94.56,943238,RAW,true,2024-03-05T21:15:00Z
bar-0006-20240305,1,inst_syn_0006,2024-03-05T14:30:00Z,2024-03-05T21:00:00Z,177.24,186.03,174.71,184.13,407304,RAW,true,2024-03-05T21:15:00Z
bar-0007-20240305,1,inst_syn_0007,2024-03-05T14:30:00Z,2024-03-05T21:00:00Z,18.38,18.45,18.13,18.39,3218290,RAW,true,2024-03-05T21:15:00Z
bar-0008-20240305,1,inst_syn_0008,2024-03-05T14:30:00Z,2024-03-05T21:00:00Z,55.02,56.69,54.92,56.63,686811,RAW,true,2024-03-05T21:15:00Z
bar-0009-20240305,1,inst_syn_0009,2024-03-05T14:30:00Z,2024-03-05T21:00:00Z,25.44,26.28,24.99,25.92,1950163,RAW,true,2024-03-05T21:15:00Z
bar-0011-20240305,1,inst_syn_0011,2024-03-05T14:30:00Z,2024-03-05T21:00:00Z,253.46,256.81,253.13,256.07,3221241,RAW,true,2024-03-05T21:15:00Z
bar-0012-20240305,1,inst_syn_0012,2024-03-05T14:30:00Z,2024-03-05T21:00:00Z,73.34,74.18,72.95,74.16,1637933,RAW,true,2024-03-05T21:15:00Z
bar-0001-20240306,1,inst_syn_0001,2024-03-06T14:30:00Z,2024-03-06T21:00:00Z,43.91,44.82,43.70,44.77,512003,RAW,true,2024-03-06T21:15:00Z
bar-0002-20240306,1,inst_syn_0002,2024-03-06T14:30:00Z,2024-03-06T21:00:00Z,126.52,127.99,125.09,127.48,435930,RAW,true,2024-03-06T21:15:00Z
bar-0003-20240306,1,inst_syn_0003,2024-03-06T14:30:00Z,2024-03-06T21:00:00Z,30.54,31.00,30.38,30.66,2107026,RAW,true,2024-03-06T21:15:00Z
bar-0004-20240306,1,inst_syn_0004,2024-03-06T14:30:00Z,2024-03-06T21:00:00Z,63.55,63.84,61.43,61.59,1400387,RAW,true,2024-03-06T21:15:00Z
bar-0005-20240306,1,inst_syn_0005,2024-03-06T14:30:00Z,2024-03-06T21:00:00Z,94.14,96.11,93.79,95.09,696748,RAW,true,2024-03-06T21:15:00Z
bar-0006-20240306,1,inst_syn_0006,2024-03-06T14:30:00Z,2024-03-06T21:00:00Z,183.33,184.96,181.69,184.78,245323,RAW,true,2024-03-06T21:15:00Z
bar-0007-20240306,1,inst_syn_0007,2024-03-06T14:30:00Z,2024-03-06T21:00:00Z,18.31,18.72,18.11,18.53,4428591,RAW,true,2024-03-06T21:15:00Z
bar-0008-20240306,1,inst_syn_0008,2024-03-06T14:30:00Z,2024-03-06T21:00:00Z,56.80,57.44,56.31,56.37,590506,RAW,true,2024-03-06T21:15:00Z
bar-0009-20240306,1,inst_syn_0009,2024-03-06T14:30:00Z,2024-03-06T21:00:00Z,25.69,26.10,25.48,25.84,1634435,RAW,true,2024-03-06T21:15:00Z
bar-0011-20240306,1,inst_syn_0011,2024-03-06T14:30:00Z,2024-03-06T21:00:00Z,254.47,257.23,253.86,256.14,3705613,RAW,true,2024-03-06T21:15:00Z
bar-0012-20240306,1,inst_syn_0012,2024-03-06T14:30:00Z,2024-03-06T21:00:00Z,74.29,74.38,73.35,74.22,1513839,RAW,true,2024-03-06T21:15:00Z
bar-0001-20240307,1,inst_syn_0001,2024-03-07T14:30:00Z,2024-03-07T21:00:00Z,44.94,46.52,44.66,45.85,827090,RAW,true,2024-03-07T21:15:00Z
bar-0002-20240307,1,inst_syn_0002,2024-03-07T14:30:00Z,2024-03-07T21:00:00Z,126.70,129.67,126.11,129.33,596524,RAW,true,2024-03-07T21:15:00Z
bar-0003-20240307,1,inst_syn_0003,2024-03-07T14:30:00Z,2024-03-07T21:00:00Z,30.47,33.62,29.72,32.88,2803704,RAW,true,2024-03-07T21:15:00Z
bar-0004-20240307,1,inst_syn_0004,2024-03-07T14:30:00Z,2024-03-07T21:00:00Z,62.07,62.29,61.06,61.10,1200860,RAW,true,2024-03-07T21:15:00Z
bar-0005-20240307,1,inst_syn_0005,2024-03-07T14:30:00Z,2024-03-07T21:00:00Z,94.05,96.64,93.63,96.54,700044,RAW,true,2024-03-07T21:15:00Z
bar-0006-20240307,1,inst_syn_0006,2024-03-07T14:30:00Z,2024-03-07T21:00:00Z,184.57,196.59,183.93,196.21,476005,RAW,true,2024-03-07T21:15:00Z
bar-0007-20240307,1,inst_syn_0007,2024-03-07T14:30:00Z,2024-03-07T21:00:00Z,18.57,20.02,18.36,19.62,5387240,RAW,true,2024-03-07T21:15:00Z
bar-0008-20240307,1,inst_syn_0008,2024-03-07T14:30:00Z,2024-03-07T21:00:00Z,56.40,56.87,56.12,56.81,547510,RAW,true,2024-03-07T21:15:00Z
bar-0009-20240307,1,inst_syn_0009,2024-03-07T14:30:00Z,2024-03-07T21:00:00Z,25.89,27.26,25.12,26.54,2005930,RAW,true,2024-03-07T21:15:00Z
bar-0011-20240307,1,inst_syn_0011,2024-03-07T14:30:00Z,2024-03-07T21:00:00Z,256.26,261.44,255.20,260.09,3764755,RAW,true,2024-03-07T21:15:00Z
bar-0012-20240307,1,inst_syn_0012,2024-03-07T14:30:00Z,2024-03-07T21:00:00Z,74.59,75.36,74.19,75.27,2722370,RAW,true,2024-03-07T21:15:00Z
bar-0001-20240308,1,inst_syn_0001,2024-03-08T14:30:00Z,2024-03-08T21:00:00Z,46.01,46.49,45.70,46.40,1224803,RAW,true,2024-03-08T21:15:00Z
bar-0002-20240308,1,inst_syn_0002,2024-03-08T14:30:00Z,2024-03-08T21:00:00Z,127.65,131.87,126.39,131.57,466372,RAW,true,2024-03-08T21:15:00Z
bar-0003-20240308,1,inst_syn_0003,2024-03-08T14:30:00Z,2024-03-08T21:00:00Z,33.11,33.35,32.31,32.37,2257799,RAW,true,2024-03-08T21:15:00Z
bar-0004-20240308,1,inst_syn_0004,2024-03-08T14:30:00Z,2024-03-08T21:00:00Z,61.01,61.02,60.41,60.51,1187671,RAW,true,2024-03-08T21:15:00Z
bar-0005-20240308,1,inst_syn_0005,2024-03-08T14:30:00Z,2024-03-08T21:00:00Z,97.23,97.59,96.20,96.75,950709,RAW,true,2024-03-08T21:15:00Z
bar-0006-20240308,1,inst_syn_0006,2024-03-08T14:30:00Z,2024-03-08T21:00:00Z,196.34,202.14,196.04,197.68,430218,RAW,true,2024-03-08T21:15:00Z
bar-0007-20240308,1,inst_syn_0007,2024-03-08T14:30:00Z,2024-03-08T21:00:00Z,19.81,19.85,19.40,19.79,3114592,RAW,true,2024-03-08T21:15:00Z
bar-0008-20240308,1,inst_syn_0008,2024-03-08T14:30:00Z,2024-03-08T21:00:00Z,56.20,57.45,56.08,57.12,533976,RAW,true,2024-03-08T21:15:00Z
bar-0009-20240308,1,inst_syn_0009,2024-03-08T14:30:00Z,2024-03-08T21:00:00Z,26.44,26.91,26.27,26.73,1386095,RAW,true,2024-03-08T21:15:00Z
bar-0011-20240308,1,inst_syn_0011,2024-03-08T14:30:00Z,2024-03-08T21:00:00Z,259.93,262.46,258.56,262.14,6944928,RAW,true,2024-03-08T21:15:00Z
bar-0012-20240308,1,inst_syn_0012,2024-03-08T14:30:00Z,2024-03-08T21:00:00Z,75.64,76.84,75.23,76.11,1852380,RAW,true,2024-03-08T21:15:00Z
bar-0001-20240311,1,inst_syn_0001,2024-03-11T13:30:00Z,2024-03-11T20:00:00Z,46.21,46.33,45.81,46.28,1052975,RAW,true,2024-03-11T20:15:00Z
bar-0002-20240311,1,inst_syn_0002,2024-03-11T13:30:00Z,2024-03-11T20:00:00Z,131.22,131.43,128.17,129.26,531031,RAW,true,2024-03-11T20:15:00Z
bar-0003-20240311,1,inst_syn_0003,2024-03-11T13:30:00Z,2024-03-11T20:00:00Z,32.18,32.35,32.13,32.31,753324,RAW,true,2024-03-11T20:15:00Z
bar-0004-20240311,1,inst_syn_0004,2024-03-11T13:30:00Z,2024-03-11T20:00:00Z,60.82,60.93,59.78,60.22,1385766,RAW,true,2024-03-11T20:15:00Z
bar-0005-20240311,1,inst_syn_0005,2024-03-11T13:30:00Z,2024-03-11T20:00:00Z,97.16,98.69,96.20,96.32,637205,RAW,true,2024-03-11T20:15:00Z
bar-0006-20240311,1,inst_syn_0006,2024-03-11T13:30:00Z,2024-03-11T20:00:00Z,196.38,200.99,193.74,198.55,361988,RAW,true,2024-03-11T20:15:00Z
bar-0007-20240311,1,inst_syn_0007,2024-03-11T13:30:00Z,2024-03-11T20:00:00Z,19.82,20.39,19.75,19.92,4132206,RAW,true,2024-03-11T20:15:00Z
bar-0008-20240311,1,inst_syn_0008,2024-03-11T13:30:00Z,2024-03-11T20:00:00Z,57.55,57.68,56.07,57.17,698269,RAW,true,2024-03-11T20:15:00Z
bar-0009-20240311,1,inst_syn_0009,2024-03-11T13:30:00Z,2024-03-11T20:00:00Z,26.12,27.10,26.05,26.60,1704606,RAW,true,2024-03-11T20:15:00Z
bar-0011-20240311,1,inst_syn_0011,2024-03-11T13:30:00Z,2024-03-11T20:00:00Z,262.65,264.22,261.15,261.63,4112603,RAW,true,2024-03-11T20:15:00Z
bar-0012-20240311,1,inst_syn_0012,2024-03-11T13:30:00Z,2024-03-11T20:00:00Z,75.91,76.57,75.80,76.19,2134824,RAW,true,2024-03-11T20:15:00Z
bar-0001-20240312,1,inst_syn_0001,2024-03-12T13:30:00Z,2024-03-12T20:00:00Z,46.35,46.82,45.92,46.73,786674,RAW,true,2024-03-12T20:15:00Z
bar-0002-20240312,1,inst_syn_0002,2024-03-12T13:30:00Z,2024-03-12T20:00:00Z,129.68,130.14,129.22,129.42,611458,RAW,true,2024-03-12T20:15:00Z
bar-0003-20240312,1,inst_syn_0003,2024-03-12T13:30:00Z,2024-03-12T20:00:00Z,32.53,32.86,31.51,31.85,2577743,RAW,true,2024-03-12T20:15:00Z
bar-0004-20240312,1,inst_syn_0004,2024-03-12T13:30:00Z,2024-03-12T20:00:00Z,59.64,61.12,59.29,61.06,1603769,RAW,true,2024-03-12T20:15:00Z
bar-0005-20240312,1,inst_syn_0005,2024-03-12T13:30:00Z,2024-03-12T20:00:00Z,96.66,98.84,96.36,98.62,709892,RAW,true,2024-03-12T20:15:00Z
bar-0006-20240312,1,inst_syn_0006,2024-03-12T13:30:00Z,2024-03-12T20:00:00Z,198.71,204.95,195.99,203.60,404239,RAW,true,2024-03-12T20:15:00Z
bar-0007-20240312,1,inst_syn_0007,2024-03-12T13:30:00Z,2024-03-12T20:00:00Z,20.00,20.01,19.91,19.93,3513143,RAW,true,2024-03-12T20:15:00Z
bar-0008-20240312,1,inst_syn_0008,2024-03-12T13:30:00Z,2024-03-12T20:00:00Z,57.43,57.64,56.21,56.36,548329,RAW,true,2024-03-12T20:15:00Z
bar-0009-20240312,1,inst_syn_0009,2024-03-12T13:30:00Z,2024-03-12T20:00:00Z,26.20,26.89,26.15,26.47,1329252,RAW,true,2024-03-12T20:15:00Z
bar-0011-20240312,1,inst_syn_0011,2024-03-12T13:30:00Z,2024-03-12T20:00:00Z,261.99,264.04,260.13,263.12,5105520,RAW,true,2024-03-12T20:15:00Z
bar-0012-20240312,1,inst_syn_0012,2024-03-12T13:30:00Z,2024-03-12T20:00:00Z,76.72,77.13,76.28,77.01,2305950,RAW,true,2024-03-12T20:15:00Z
bar-0001-20240313,1,inst_syn_0001,2024-03-13T13:30:00Z,2024-03-13T20:00:00Z,46.80,46.83,45.83,45.85,1185103,RAW,true,2024-03-13T20:15:00Z
bar-0002-20240313,1,inst_syn_0002,2024-03-13T13:30:00Z,2024-03-13T20:00:00Z,129.54,130.16,127.22,127.90,358317,RAW,true,2024-03-13T20:15:00Z
bar-0003-20240313,1,inst_syn_0003,2024-03-13T13:30:00Z,2024-03-13T20:00:00Z,31.89,31.90,30.92,31.69,1154272,RAW,true,2024-03-13T20:15:00Z
bar-0004-20240313,1,inst_syn_0004,2024-03-13T13:30:00Z,2024-03-13T20:00:00Z,60.56,61.07,60.18,60.72,1274552,RAW,true,2024-03-13T20:15:00Z
bar-0005-20240313,1,inst_syn_0005,2024-03-13T13:30:00Z,2024-03-13T20:00:00Z,98.37,101.00,98.36,99.17,792592,RAW,true,2024-03-13T20:15:00Z
bar-0006-20240313,1,inst_syn_0006,2024-03-13T13:30:00Z,2024-03-13T20:00:00Z,202.12,202.29,199.35,202.06,218599,RAW,true,2024-03-13T20:15:00Z
bar-0007-20240313,1,inst_syn_0007,2024-03-13T13:30:00Z,2024-03-13T20:00:00Z,20.45,20.50,19.58,19.71,3903747,RAW,true,2024-03-13T20:15:00Z
bar-0008-20240313,1,inst_syn_0008,2024-03-13T13:30:00Z,2024-03-13T20:00:00Z,55.86,55.87,54.84,55.02,685942,RAW,true,2024-03-13T20:15:00Z
bar-0009-20240313,1,inst_syn_0009,2024-03-13T13:30:00Z,2024-03-13T20:00:00Z,26.41,26.77,24.57,25.01,2501320,RAW,true,2024-03-13T20:15:00Z
bar-0011-20240313,1,inst_syn_0011,2024-03-13T13:30:00Z,2024-03-13T20:00:00Z,263.32,263.73,259.86,260.61,5135652,RAW,true,2024-03-13T20:15:00Z
bar-0012-20240313,1,inst_syn_0012,2024-03-13T13:30:00Z,2024-03-13T20:00:00Z,76.86,77.07,76.52,76.71,1678641,RAW,true,2024-03-13T20:15:00Z
bar-0001-20240314,1,inst_syn_0001,2024-03-14T13:30:00Z,2024-03-14T20:00:00Z,45.83,46.31,44.26,45.00,895954,RAW,true,2024-03-14T20:15:00Z
bar-0002-20240314,1,inst_syn_0002,2024-03-14T13:30:00Z,2024-03-14T20:00:00Z,128.65,128.98,126.57,127.24,401425,RAW,true,2024-03-14T20:15:00Z
bar-0003-20240314,1,inst_syn_0003,2024-03-14T13:30:00Z,2024-03-14T20:00:00Z,31.62,33.31,30.71,32.67,1813257,RAW,true,2024-03-14T20:15:00Z
bar-0004-20240314,1,inst_syn_0004,2024-03-14T13:30:00Z,2024-03-14T20:00:00Z,60.65,60.76,60.37,60.50,1127166,RAW,true,2024-03-14T20:15:00Z
bar-0005-20240314,1,inst_syn_0005,2024-03-14T13:30:00Z,2024-03-14T20:00:00Z,98.31,101.30,97.55,100.55,561780,RAW,true,2024-03-14T20:15:00Z
bar-0006-20240314,1,inst_syn_0006,2024-03-14T13:30:00Z,2024-03-14T20:00:00Z,201.16,202.10,197.76,200.02,344179,RAW,true,2024-03-14T20:15:00Z
bar-0007-20240314,1,inst_syn_0007,2024-03-14T13:30:00Z,2024-03-14T20:00:00Z,19.47,20.03,18.85,19.24,2515971,RAW,true,2024-03-14T20:15:00Z
bar-0008-20240314,1,inst_syn_0008,2024-03-14T13:30:00Z,2024-03-14T20:00:00Z,54.88,55.64,54.61,55.48,420167,RAW,true,2024-03-14T20:15:00Z
bar-0009-20240314,1,inst_syn_0009,2024-03-14T13:30:00Z,2024-03-14T20:00:00Z,24.68,24.99,24.10,24.19,2209373,RAW,true,2024-03-14T20:15:00Z
bar-0011-20240314,1,inst_syn_0011,2024-03-14T13:30:00Z,2024-03-14T20:00:00Z,260.20,262.73,258.22,259.18,5078693,RAW,true,2024-03-14T20:15:00Z
bar-0012-20240314,1,inst_syn_0012,2024-03-14T13:30:00Z,2024-03-14T20:00:00Z,76.40,77.33,76.02,76.98,1789098,RAW,true,2024-03-14T20:15:00Z
bar-0001-20240315,1,inst_syn_0001,2024-03-15T13:30:00Z,2024-03-15T20:00:00Z,45.25,45.96,44.65,45.50,1191355,RAW,true,2024-03-15T20:15:00Z
bar-0002-20240315,1,inst_syn_0002,2024-03-15T13:30:00Z,2024-03-15T20:00:00Z,127.94,128.00,126.18,126.57,294469,RAW,true,2024-03-15T20:15:00Z
bar-0003-20240315,1,inst_syn_0003,2024-03-15T13:30:00Z,2024-03-15T20:00:00Z,32.51,32.68,31.58,32.23,2353581,RAW,true,2024-03-15T20:15:00Z
bar-0004-20240315,1,inst_syn_0004,2024-03-15T13:30:00Z,2024-03-15T20:00:00Z,60.17,62.33,59.54,62.30,699875,RAW,true,2024-03-15T20:15:00Z
bar-0005-20240315,1,inst_syn_0005,2024-03-15T13:30:00Z,2024-03-15T20:00:00Z,100.87,101.23,100.78,101.06,666383,RAW,true,2024-03-15T20:15:00Z
bar-0006-20240315,1,inst_syn_0006,2024-03-15T13:30:00Z,2024-03-15T20:00:00Z,200.57,203.78,197.32,202.49,251368,RAW,true,2024-03-15T20:15:00Z
bar-0007-20240315,1,inst_syn_0007,2024-03-15T13:30:00Z,2024-03-15T20:00:00Z,18.92,19.51,18.75,19.34,2933906,RAW,true,2024-03-15T20:15:00Z
bar-0008-20240315,1,inst_syn_0008,2024-03-15T13:30:00Z,2024-03-15T20:00:00Z,56.04,56.42,55.61,56.29,537423,RAW,true,2024-03-15T20:15:00Z
bar-0009-20240315,1,inst_syn_0009,2024-03-15T13:30:00Z,2024-03-15T20:00:00Z,24.07,24.60,23.95,24.48,1774546,RAW,true,2024-03-15T20:15:00Z
bar-0011-20240315,1,inst_syn_0011,2024-03-15T13:30:00Z,2024-03-15T20:00:00Z,258.85,260.99,258.14,260.58,5039616,RAW,true,2024-03-15T20:15:00Z
bar-0012-20240315,1,inst_syn_0012,2024-03-15T13:30:00Z,2024-03-15T20:00:00Z,77.32,77.50,76.89,77.15,2165583,RAW,true,2024-03-15T20:15:00Z
bar-0001-20240318,1,inst_syn_0001,2024-03-18T13:30:00Z,2024-03-18T20:00:00Z,45.67,47.17,45.45,46.60,677970,RAW,true,2024-03-18T20:15:00Z
bar-0002-20240318,1,inst_syn_0002,2024-03-18T13:30:00Z,2024-03-18T20:00:00Z,127.10,127.56,125.77,125.79,363265,RAW,true,2024-03-18T20:15:00Z
bar-0003-20240318,1,inst_syn_0003,2024-03-18T13:30:00Z,2024-03-18T20:00:00Z,32.10,32.22,31.80,32.00,1374436,RAW,true,2024-03-18T20:15:00Z
bar-0004-20240318,1,inst_syn_0004,2024-03-18T13:30:00Z,2024-03-18T20:00:00Z,61.18,63.01,60.49,62.38,473472,RAW,true,2024-03-18T20:15:00Z
bar-0005-20240318,1,inst_syn_0005,2024-03-18T13:30:00Z,2024-03-18T20:00:00Z,100.93,101.73,100.81,101.26,725130,RAW,true,2024-03-18T20:15:00Z
bar-0006-20240318,1,inst_syn_0006,2024-03-18T13:30:00Z,2024-03-18T20:00:00Z,202.68,204.95,199.47,203.90,72661,RAW,true,2024-03-18T20:15:00Z
bar-0007-20240318,1,inst_syn_0007,2024-03-18T13:30:00Z,2024-03-18T20:00:00Z,19.33,19.38,19.18,19.25,2708492,RAW,true,2024-03-18T20:15:00Z
bar-0008-20240318,1,inst_syn_0008,2024-03-18T13:30:00Z,2024-03-18T20:00:00Z,56.03,56.86,55.82,56.40,585876,RAW,true,2024-03-18T20:15:00Z
bar-0009-20240318,1,inst_syn_0009,2024-03-18T13:30:00Z,2024-03-18T20:00:00Z,24.22,24.37,23.73,24.26,2062442,RAW,true,2024-03-18T20:15:00Z
bar-0011-20240318,1,inst_syn_0011,2024-03-18T13:30:00Z,2024-03-18T20:00:00Z,260.59,260.91,260.55,260.56,2699288,RAW,true,2024-03-18T20:15:00Z
bar-0012-20240318,1,inst_syn_0012,2024-03-18T13:30:00Z,2024-03-18T20:00:00Z,77.51,77.61,77.10,77.32,1958658,RAW,true,2024-03-18T20:15:00Z
bar-0001-20240319,1,inst_syn_0001,2024-03-19T13:30:00Z,2024-03-19T20:00:00Z,47.09,47.17,46.62,46.79,470301,RAW,true,2024-03-19T20:15:00Z
bar-0002-20240319,1,inst_syn_0002,2024-03-19T13:30:00Z,2024-03-19T20:00:00Z,125.19,127.25,124.93,127.00,408850,RAW,true,2024-03-19T20:15:00Z
bar-0003-20240319,1,inst_syn_0003,2024-03-19T13:30:00Z,2024-03-19T20:00:00Z,32.06,32.34,31.76,32.03,2511179,RAW,true,2024-03-19T20:15:00Z
bar-0004-20240319,1,inst_syn_0004,2024-03-19T13:30:00Z,2024-03-19T20:00:00Z,61.64,63.12,61.31,62.71,875958,RAW,true,2024-03-19T20:15:00Z
bar-0005-20240319,1,inst_syn_0005,2024-03-19T13:30:00Z,2024-03-19T20:00:00Z,101.00,103.04,100.53,102.01,478009,RAW,true,2024-03-19T20:15:00Z
bar-0006-20240319,1,inst_syn_0006,2024-03-19T13:30:00Z,2024-03-19T20:00:00Z,204.54,205.58,196.10,198.41,305990,RAW,true,2024-03-19T20:15:00Z
bar-0007-20240319,1,inst_syn_0007,2024-03-19T13:30:00Z,2024-03-19T20:00:00Z,19.50,19.95,19.02,19.19,4198556,RAW,true,2024-03-19T20:15:00Z
bar-0008-20240319,1,inst_syn_0008,2024-03-19T13:30:00Z,2024-03-19T20:00:00Z,56.74,57.30,55.78,55.95,263491,RAW,true,2024-03-19T20:15:00Z
bar-0009-20240319,1,inst_syn_0009,2024-03-19T13:30:00Z,2024-03-19T20:00:00Z,23.87,24.92,23.47,24.43,2034049,RAW,true,2024-03-19T20:15:00Z
bar-0011-20240319,1,inst_syn_0011,2024-03-19T13:30:00Z,2024-03-19T20:00:00Z,259.86,262.53,258.98,260.76,2990701,RAW,true,2024-03-19T20:15:00Z
bar-0012-20240319,1,inst_syn_0012,2024-03-19T13:30:00Z,2024-03-19T20:00:00Z,77.66,78.13,77.27,77.32,1850238,RAW,true,2024-03-19T20:15:00Z
bar-0001-20240320,1,inst_syn_0001,2024-03-20T13:30:00Z,2024-03-20T20:00:00Z,47.01,47.51,46.48,47.30,1353872,RAW,true,2024-03-20T20:15:00Z
bar-0002-20240320,1,inst_syn_0002,2024-03-20T13:30:00Z,2024-03-20T20:00:00Z,126.95,128.43,126.73,127.81,476682,RAW,true,2024-03-20T20:15:00Z
bar-0003-20240320,1,inst_syn_0003,2024-03-20T13:30:00Z,2024-03-20T20:00:00Z,32.15,32.21,31.82,32.11,3135240,RAW,true,2024-03-20T20:15:00Z
bar-0004-20240320,1,inst_syn_0004,2024-03-20T13:30:00Z,2024-03-20T20:00:00Z,62.83,62.98,60.08,60.86,945944,RAW,true,2024-03-20T20:15:00Z
bar-0005-20240320,1,inst_syn_0005,2024-03-20T13:30:00Z,2024-03-20T20:00:00Z,101.66,102.14,100.32,101.11,664178,RAW,true,2024-03-20T20:15:00Z
bar-0006-20240320,1,inst_syn_0006,2024-03-20T13:30:00Z,2024-03-20T20:00:00Z,200.84,201.75,196.80,196.84,204344,RAW,true,2024-03-20T20:15:00Z
bar-0007-20240320,1,inst_syn_0007,2024-03-20T13:30:00Z,2024-03-20T20:00:00Z,19.02,19.49,18.29,18.60,4854211,RAW,true,2024-03-20T20:15:00Z
bar-0008-20240320,1,inst_syn_0008,2024-03-20T13:30:00Z,2024-03-20T20:00:00Z,56.13,56.30,55.78,56.14,456955,RAW,true,2024-03-20T20:15:00Z
bar-0009-20240320,1,inst_syn_0009,2024-03-20T13:30:00Z,2024-03-20T20:00:00Z,25.18,25.43,24.16,24.42,1749832,RAW,true,2024-03-20T20:15:00Z
bar-0011-20240320,1,inst_syn_0011,2024-03-20T13:30:00Z,2024-03-20T20:00:00Z,260.34,261.32,258.87,259.74,5646727,RAW,true,2024-03-20T20:15:00Z
bar-0012-20240320,1,inst_syn_0012,2024-03-20T13:30:00Z,2024-03-20T20:00:00Z,77.08,77.58,76.15,76.64,2146655,RAW,true,2024-03-20T20:15:00Z
bar-0001-20240321,1,inst_syn_0001,2024-03-21T13:30:00Z,2024-03-21T20:00:00Z,47.06,47.53,46.80,47.11,770053,RAW,true,2024-03-21T20:15:00Z
bar-0002-20240321,1,inst_syn_0002,2024-03-21T13:30:00Z,2024-03-21T20:00:00Z,128.23,128.49,126.50,127.38,435140,RAW,true,2024-03-21T20:15:00Z
bar-0003-20240321,1,inst_syn_0003,2024-03-21T13:30:00Z,2024-03-21T20:00:00Z,32.17,32.28,32.07,32.21,2009663,RAW,true,2024-03-21T20:15:00Z
bar-0004-20240321,1,inst_syn_0004,2024-03-21T13:30:00Z,2024-03-21T20:00:00Z,61.06,61.94,60.09,61.88,1333387,RAW,true,2024-03-21T20:15:00Z
bar-0005-20240321,1,inst_syn_0005,2024-03-21T13:30:00Z,2024-03-21T20:00:00Z,101.78,102.12,100.78,101.42,557888,RAW,true,2024-03-21T20:15:00Z
bar-0006-20240321,1,inst_syn_0006,2024-03-21T13:30:00Z,2024-03-21T20:00:00Z,198.20,205.76,195.69,202.25,393029,RAW,true,2024-03-21T20:15:00Z
bar-0007-20240321,1,inst_syn_0007,2024-03-21T13:30:00Z,2024-03-21T20:00:00Z,18.40,19.25,18.36,18.83,3304361,RAW,true,2024-03-21T20:15:00Z
bar-0008-20240321,1,inst_syn_0008,2024-03-21T13:30:00Z,2024-03-21T20:00:00Z,56.42,57.00,55.82,55.94,509450,RAW,true,2024-03-21T20:15:00Z
bar-0009-20240321,1,inst_syn_0009,2024-03-21T13:30:00Z,2024-03-21T20:00:00Z,24.82,25.03,23.48,23.95,2100631,RAW,true,2024-03-21T20:15:00Z
bar-0011-20240321,1,inst_syn_0011,2024-03-21T13:30:00Z,2024-03-21T20:00:00Z,259.70,260.66,259.66,260.30,4112996,RAW,true,2024-03-21T20:15:00Z
bar-0012-20240321,1,inst_syn_0012,2024-03-21T13:30:00Z,2024-03-21T20:00:00Z,76.54,77.53,75.80,77.00,1564380,RAW,true,2024-03-21T20:15:00Z
bar-0001-20240322,1,inst_syn_0001,2024-03-22T13:30:00Z,2024-03-22T20:00:00Z,46.79,48.19,46.63,47.76,763449,RAW,true,2024-03-22T20:15:00Z
bar-0002-20240322,1,inst_syn_0002,2024-03-22T13:30:00Z,2024-03-22T20:00:00Z,126.61,126.67,123.86,124.88,336115,RAW,true,2024-03-22T20:15:00Z
bar-0003-20240322,1,inst_syn_0003,2024-03-22T13:30:00Z,2024-03-22T20:00:00Z,31.98,32.20,31.62,31.94,2838853,RAW,true,2024-03-22T20:15:00Z
bar-0004-20240322,1,inst_syn_0004,2024-03-22T13:30:00Z,2024-03-22T20:00:00Z,62.09,62.91,61.36,61.59,955179,RAW,true,2024-03-22T20:15:00Z
bar-0005-20240322,1,inst_syn_0005,2024-03-22T13:30:00Z,2024-03-22T20:00:00Z,101.96,102.14,99.54,99.81,383449,RAW,true,2024-03-22T20:15:00Z
bar-0006-20240322,1,inst_syn_0006,2024-03-22T13:30:00Z,2024-03-22T20:00:00Z,203.45,206.38,194.94,196.38,334140,RAW,true,2024-03-22T20:15:00Z
bar-0007-20240322,1,inst_syn_0007,2024-03-22T13:30:00Z,2024-03-22T20:00:00Z,18.75,18.89,18.12,18.50,4637450,RAW,true,2024-03-22T20:15:00Z
bar-0008-20240322,1,inst_syn_0008,2024-03-22T13:30:00Z,2024-03-22T20:00:00Z,56.78,56.97,55.62,55.76,369855,RAW,true,2024-03-22T20:15:00Z
bar-0009-20240322,1,inst_syn_0009,2024-03-22T13:30:00Z,2024-03-22T20:00:00Z,23.96,24.25,23.62,23.87,1654417,RAW,true,2024-03-22T20:15:00Z
bar-0011-20240322,1,inst_syn_0011,2024-03-22T13:30:00Z,2024-03-22T20:00:00Z,259.89,261.40,257.42,257.43,4423955,RAW,true,2024-03-22T20:15:00Z
bar-0012-20240322,1,inst_syn_0012,2024-03-22T13:30:00Z,2024-03-22T20:00:00Z,76.99,77.30,76.04,76.15,1931665,RAW,true,2024-03-22T20:15:00Z
bar-0001-20240325,1,inst_syn_0001,2024-03-25T13:30:00Z,2024-03-25T20:00:00Z,47.84,47.90,46.90,47.55,658110,RAW,true,2024-03-25T20:15:00Z
bar-0002-20240325,1,inst_syn_0002,2024-03-25T13:30:00Z,2024-03-25T20:00:00Z,125.11,126.44,124.18,124.21,293380,RAW,true,2024-03-25T20:15:00Z
bar-0003-20240325,1,inst_syn_0003,2024-03-25T13:30:00Z,2024-03-25T20:00:00Z,31.72,32.05,31.61,31.90,2390626,RAW,true,2024-03-25T20:15:00Z
bar-0004-20240325,1,inst_syn_0004,2024-03-25T13:30:00Z,2024-03-25T20:00:00Z,61.95,62.65,60.13,60.65,974196,RAW,true,2024-03-25T20:15:00Z
bar-0005-20240325,1,inst_syn_0005,2024-03-25T13:30:00Z,2024-03-25T20:00:00Z,99.76,102.39,99.19,101.21,509607,RAW,true,2024-03-25T20:15:00Z
bar-0006-20240325,1,inst_syn_0006,2024-03-25T13:30:00Z,2024-03-25T20:00:00Z,197.85,199.60,196.65,198.19,279808,RAW,true,2024-03-25T20:15:00Z
bar-0007-20240325,1,inst_syn_0007,2024-03-25T13:30:00Z,2024-03-25T20:00:00Z,18.57,18.73,18.09,18.28,2683133,RAW,true,2024-03-25T20:15:00Z
bar-0008-20240325,1,inst_syn_0008,2024-03-25T13:30:00Z,2024-03-25T20:00:00Z,55.66,56.77,55.63,56.26,401316,RAW,true,2024-03-25T20:15:00Z
bar-0009-20240325,1,inst_syn_0009,2024-03-25T13:30:00Z,2024-03-25T20:00:00Z,23.75,24.88,23.58,24.36,1085789,RAW,true,2024-03-25T20:15:00Z
bar-0011-20240325,1,inst_syn_0011,2024-03-25T13:30:00Z,2024-03-25T20:00:00Z,256.76,259.07,256.56,258.19,6146589,RAW,true,2024-03-25T20:15:00Z
bar-0012-20240325,1,inst_syn_0012,2024-03-25T13:30:00Z,2024-03-25T20:00:00Z,75.65,76.59,75.31,76.48,2598411,RAW,true,2024-03-25T20:15:00Z
bar-0001-20240326,1,inst_syn_0001,2024-03-26T13:30:00Z,2024-03-26T20:00:00Z,47.67,47.97,47.03,47.37,888778,RAW,true,2024-03-26T20:15:00Z
bar-0002-20240326,1,inst_syn_0002,2024-03-26T13:30:00Z,2024-03-26T20:00:00Z,123.95,125.87,123.79,125.73,424090,RAW,true,2024-03-26T20:15:00Z
bar-0003-20240326,1,inst_syn_0003,2024-03-26T13:30:00Z,2024-03-26T20:00:00Z,31.91,32.11,31.69,32.00,2201446,RAW,true,2024-03-26T20:15:00Z
bar-0004-20240326,1,inst_syn_0004,2024-03-26T13:30:00Z,2024-03-26T20:00:00Z,61.15,61.24,61.08,61.10,771609,RAW,true,2024-03-26T20:15:00Z
bar-0005-20240326,1,inst_syn_0005,2024-03-26T13:30:00Z,2024-03-26T20:00:00Z,101.40,102.42,101.11,101.29,670508,RAW,true,2024-03-26T20:15:00Z
bar-0006-20240326,1,inst_syn_0006,2024-03-26T13:30:00Z,2024-03-26T20:00:00Z,194.94,202.30,192.66,200.55,335112,RAW,true,2024-03-26T20:15:00Z
bar-0007-20240326,1,inst_syn_0007,2024-03-26T13:30:00Z,2024-03-26T20:00:00Z,18.11,18.51,17.85,18.40,4074988,RAW,true,2024-03-26T20:15:00Z
bar-0008-20240326,1,inst_syn_0008,2024-03-26T13:30:00Z,2024-03-26T20:00:00Z,56.23,57.29,56.20,57.24,593137,RAW,true,2024-03-26T20:15:00Z
bar-0009-20240326,1,inst_syn_0009,2024-03-26T13:30:00Z,2024-03-26T20:00:00Z,24.39,24.59,23.96,24.05,1283199,RAW,true,2024-03-26T20:15:00Z
bar-0011-20240326,1,inst_syn_0011,2024-03-26T13:30:00Z,2024-03-26T20:00:00Z,256.39,260.20,255.67,259.85,5694424,RAW,true,2024-03-26T20:15:00Z
bar-0012-20240326,1,inst_syn_0012,2024-03-26T13:30:00Z,2024-03-26T20:00:00Z,76.45,77.82,76.00,77.14,1150596,RAW,true,2024-03-26T20:15:00Z
bar-0001-20240327,1,inst_syn_0001,2024-03-27T13:30:00Z,2024-03-27T20:00:00Z,47.27,47.57,45.86,46.31,917730,RAW,true,2024-03-27T20:15:00Z
bar-0002-20240327,1,inst_syn_0002,2024-03-27T13:30:00Z,2024-03-27T20:00:00Z,126.02,126.48,125.81,126.30,409835,RAW,true,2024-03-27T20:15:00Z
bar-0003-20240327,1,inst_syn_0003,2024-03-27T13:30:00Z,2024-03-27T20:00:00Z,32.10,32.38,32.07,32.24,2222729,RAW,true,2024-03-27T20:15:00Z
bar-0004-20240327,1,inst_syn_0004,2024-03-27T13:30:00Z,2024-03-27T20:00:00Z,60.68,61.40,58.89,58.97,993393,RAW,true,2024-03-27T20:15:00Z
bar-0005-20240327,1,inst_syn_0005,2024-03-27T13:30:00Z,2024-03-27T20:00:00Z,101.67,101.92,99.20,100.34,419496,RAW,true,2024-03-27T20:15:00Z
bar-0006-20240327,1,inst_syn_0006,2024-03-27T13:30:00Z,2024-03-27T20:00:00Z,199.83,205.47,199.21,203.49,324365,RAW,true,2024-03-27T20:15:00Z
bar-0007-20240327,1,inst_syn_0007,2024-03-27T13:30:00Z,2024-03-27T20:00:00Z,18.61,18.79,18.24,18.34,3807661,RAW,true,2024-03-27T20:15:00Z
bar-0008-20240327,1,inst_syn_0008,2024-03-27T13:30:00Z,2024-03-27T20:00:00Z,57.04,59.21,56.49,58.28,271607,RAW,true,2024-03-27T20:15:00Z
bar-0009-20240327,1,inst_syn_0009,2024-03-27T13:30:00Z,2024-03-27T20:00:00Z,23.68,24.02,23.03,23.57,1618109,RAW,true,2024-03-27T20:15:00Z
bar-0011-20240327,1,inst_syn_0011,2024-03-27T13:30:00Z,2024-03-27T20:00:00Z,260.16,260.80,258.55,259.51,2744731,RAW,true,2024-03-27T20:15:00Z
bar-0012-20240327,1,inst_syn_0012,2024-03-27T13:30:00Z,2024-03-27T20:00:00Z,77.06,77.64,76.72,76.83,1221377,RAW,true,2024-03-27T20:15:00Z
bar-0001-20240328,1,inst_syn_0001,2024-03-28T13:30:00Z,2024-03-28T20:00:00Z,45.77,45.95,45.19,45.92,754907,RAW,true,2024-03-28T20:15:00Z
bar-0002-20240328,1,inst_syn_0002,2024-03-28T13:30:00Z,2024-03-28T20:00:00Z,127.81,129.36,124.82,125.23,317151,RAW,true,2024-03-28T20:15:00Z
bar-0003-20240328,1,inst_syn_0003,2024-03-28T13:30:00Z,2024-03-28T20:00:00Z,32.24,32.29,30.37,31.36,2604398,RAW,true,2024-03-28T20:15:00Z
bar-0004-20240328,1,inst_syn_0004,2024-03-28T13:30:00Z,2024-03-28T20:00:00Z,58.90,59.64,58.39,58.50,854881,RAW,true,2024-03-28T20:15:00Z
bar-0005-20240328,1,inst_syn_0005,2024-03-28T13:30:00Z,2024-03-28T20:00:00Z,100.22,100.46,99.57,99.81,748980,RAW,true,2024-03-28T20:15:00Z
bar-0006-20240328,1,inst_syn_0006,2024-03-28T13:30:00Z,2024-03-28T20:00:00Z,201.08,205.33,200.17,204.18,196053,RAW,true,2024-03-28T20:15:00Z
bar-0007-20240328,1,inst_syn_0007,2024-03-28T13:30:00Z,2024-03-28T20:00:00Z,18.17,18.51,17.66,17.79,3988811,RAW,true,2024-03-28T20:15:00Z
bar-0008-20240328,1,inst_syn_0008,2024-03-28T13:30:00Z,2024-03-28T20:00:00Z,58.73,59.00,57.72,57.94,644537,RAW,true,2024-03-28T20:15:00Z
bar-0009-20240328,1,inst_syn_0009,2024-03-28T13:30:00Z,2024-03-28T20:00:00Z,23.65,24.10,22.81,23.05,1408327,RAW,true,2024-03-28T20:15:00Z
bar-0011-20240328,1,inst_syn_0011,2024-03-28T13:30:00Z,2024-03-28T20:00:00Z,260.08,261.67,258.61,258.82,6832360,RAW,true,2024-03-28T20:15:00Z
bar-0012-20240328,1,inst_syn_0012,2024-03-28T13:30:00Z,2024-03-28T20:00:00Z,76.72,76.88,76.25,76.55,1079925,RAW,true,2024-03-28T20:15:00Z
bar-0001-20240401,1,inst_syn_0001,2024-04-01T13:30:00Z,2024-04-01T20:00:00Z,45.90,46.06,45.21,45.37,932938,RAW,true,2024-04-01T20:15:00Z
bar-0002-20240401,1,inst_syn_0002,2024-04-01T13:30:00Z,2024-04-01T20:00:00Z,126.54,128.78,124.32,125.35,347281,RAW,true,2024-04-01T20:15:00Z
bar-0003-20240401,1,inst_syn_0003,2024-04-01T13:30:00Z,2024-04-01T20:00:00Z,31.38,32.42,31.34,32.18,2365616,RAW,true,2024-04-01T20:15:00Z
bar-0004-20240401,1,inst_syn_0004,2024-04-01T13:30:00Z,2024-04-01T20:00:00Z,58.38,59.46,57.53,59.24,602685,RAW,true,2024-04-01T20:15:00Z
bar-0005-20240401,1,inst_syn_0005,2024-04-01T13:30:00Z,2024-04-01T20:00:00Z,99.62,100.51,98.88,100.12,491654,RAW,true,2024-04-01T20:15:00Z
bar-0006-20240401,1,inst_syn_0006,2024-04-01T13:30:00Z,2024-04-01T20:00:00Z,204.68,208.93,202.22,203.60,241582,RAW,true,2024-04-01T20:15:00Z
bar-0007-20240401,1,inst_syn_0007,2024-04-01T13:30:00Z,2024-04-01T20:00:00Z,17.78,17.94,17.61,17.74,2665018,RAW,true,2024-04-01T20:15:00Z
bar-0008-20240401,1,inst_syn_0008,2024-04-01T13:30:00Z,2024-04-01T20:00:00Z,58.07,59.35,57.81,58.46,289064,RAW,true,2024-04-01T20:15:00Z
bar-0009-20240401,1,inst_syn_0009,2024-04-01T13:30:00Z,2024-04-01T20:00:00Z,23.33,23.71,22.91,23.55,1749070,RAW,true,2024-04-01T20:15:00Z
bar-0011-20240401,1,inst_syn_0011,2024-04-01T13:30:00Z,2024-04-01T20:00:00Z,259.38,262.24,258.55,261.76,6288334,RAW,true,2024-04-01T20:15:00Z
bar-0012-20240401,1,inst_syn_0012,2024-04-01T13:30:00Z,2024-04-01T20:00:00Z,76.83,77.70,76.71,77.67,2439960,RAW,true,2024-04-01T20:15:00Z
bar-0001-20240402,1,inst_syn_0001,2024-04-02T13:30:00Z,2024-04-02T20:00:00Z,45.43,45.64,44.81,45.40,572999,RAW,true,2024-04-02T20:15:00Z
bar-0002-20240402,1,inst_syn_0002,2024-04-02T13:30:00Z,2024-04-02T20:00:00Z,123.92,126.01,123.07,125.25,307872,RAW,true,2024-04-02T20:15:00Z
bar-0003-20240402,1,inst_syn_0003,2024-04-02T13:30:00Z,2024-04-02T20:00:00Z,32.18,32.93,31.83,32.64,1916211,RAW,true,2024-04-02T20:15:00Z
bar-0004-20240402,1,inst_syn_0004,2024-04-02T13:30:00Z,2024-04-02T20:00:00Z,58.80,60.17,58.33,59.91,1039355,RAW,true,2024-04-02T20:15:00Z
bar-0005-20240402,1,inst_syn_0005,2024-04-02T13:30:00Z,2024-04-02T20:00:00Z,100.62,101.70,98.63,99.03,445643,RAW,true,2024-04-02T20:15:00Z
bar-0006-20240402,1,inst_syn_0006,2024-04-02T13:30:00Z,2024-04-02T20:00:00Z,202.94,203.25,201.94,202.97,305320,RAW,true,2024-04-02T20:15:00Z
bar-0007-20240402,1,inst_syn_0007,2024-04-02T13:30:00Z,2024-04-02T20:00:00Z,17.89,18.17,17.28,17.49,3343525,RAW,true,2024-04-02T20:15:00Z
bar-0008-20240402,1,inst_syn_0008,2024-04-02T13:30:00Z,2024-04-02T20:00:00Z,58.57,58.90,58.07,58.61,475057,RAW,true,2024-04-02T20:15:00Z
bar-0009-20240402,1,inst_syn_0009,2024-04-02T13:30:00Z,2024-04-02T20:00:00Z,23.66,24.20,23.36,23.85,1689008,RAW,true,2024-04-02T20:15:00Z
bar-0011-20240402,1,inst_syn_0011,2024-04-02T13:30:00Z,2024-04-02T20:00:00Z,261.67,262.74,260.77,262.34,5257334,RAW,true,2024-04-02T20:15:00Z
bar-0012-20240402,1,inst_syn_0012,2024-04-02T13:30:00Z,2024-04-02T20:00:00Z,77.66,77.90,77.17,77.75,1677657,RAW,true,2024-04-02T20:15:00Z
bar-0001-20240403,1,inst_syn_0001,2024-04-03T13:30:00Z,2024-04-03T20:00:00Z,45.04,45.53,44.69,45.44,825135,RAW,true,2024-04-03T20:15:00Z
bar-0002-20240403,1,inst_syn_0002,2024-04-03T13:30:00Z,2024-04-03T20:00:00Z,125.75,127.17,125.55,126.80,452839,RAW,true,2024-04-03T20:15:00Z
bar-0003-20240403,1,inst_syn_0003,2024-04-03T13:30:00Z,2024-04-03T20:00:00Z,33.12,33.58,32.74,33.04,2745496,RAW,true,2024-04-03T20:15:00Z
bar-0004-20240403,1,inst_syn_0004,2024-04-03T13:30:00Z,2024-04-03T20:00:00Z,59.47,60.19,58.78,59.99,757222,RAW,true,2024-04-03T20:15:00Z
bar-0005-20240403,1,inst_syn_0005,2024-04-03T13:30:00Z,2024-04-03T20:00:00Z,98.98,99.25,98.54,98.76,392695,RAW,true,2024-04-03T20:15:00Z
bar-0006-20240403,1,inst_syn_0006,2024-04-03T13:30:00Z,2024-04-03T20:00:00Z,202.57,202.59,197.62,200.94,270473,RAW,true,2024-04-03T20:15:00Z
bar-0007-20240403,1,inst_syn_0007,2024-04-03T13:30:00Z,2024-04-03T20:00:00Z,17.25,18.02,17.24,17.77,2918636,RAW,true,2024-04-03T20:15:00Z
bar-0008-20240403,1,inst_syn_0008,2024-04-03T13:30:00Z,2024-04-03T20:00:00Z,58.58,58.80,57.85,58.67,656915,RAW,true,2024-04-03T20:15:00Z
bar-0009-20240403,1,inst_syn_0009,2024-04-03T13:30:00Z,2024-04-03T20:00:00Z,23.98,24.38,23.72,24.29,1412375,RAW,true,2024-04-03T20:15:00Z
bar-0011-20240403,1,inst_syn_0011,2024-04-03T13:30:00Z,2024-04-03T20:00:00Z,261.70,263.27,261.62,263.20,5770106,RAW,true,2024-04-03T20:15:00Z
bar-0012-20240403,1,inst_syn_0012,2024-04-03T13:30:00Z,2024-04-03T20:00:00Z,78.03,78.41,77.62,77.85,1838310,RAW,true,2024-04-03T20:15:00Z
bar-0001-20240404,1,inst_syn_0001,2024-04-04T13:30:00Z,2024-04-04T20:00:00Z,45.45,45.72,44.20,44.66,738465,RAW,true,2024-04-04T20:15:00Z
bar-0002-20240404,1,inst_syn_0002,2024-04-04T13:30:00Z,2024-04-04T20:00:00Z,126.30,127.69,126.22,127.19,398890,RAW,true,2024-04-04T20:15:00Z
bar-0003-20240404,1,inst_syn_0003,2024-04-04T13:30:00Z,2024-04-04T20:00:00Z,32.83,33.21,32.27,32.30,2925126,RAW,true,2024-04-04T20:15:00Z
bar-0004-20240404,1,inst_syn_0004,2024-04-04T13:30:00Z,2024-04-04T20:00:00Z,59.46,60.26,58.44,58.61,943154,RAW,true,2024-04-04T20:15:00Z
bar-0005-20240404,1,inst_syn_0005,2024-04-04T13:30:00Z,2024-04-04T20:00:00Z,98.69,99.11,96.37,96.97,617101,RAW,true,2024-04-04T20:15:00Z
bar-0006-20240404,1,inst_syn_0006,2024-04-04T13:30:00Z,2024-04-04T20:00:00Z,199.47,201.84,199.10,201.29,216546,RAW,true,2024-04-04T20:15:00Z
bar-0007-20240404,1,inst_syn_0007,2024-04-04T13:30:00Z,2024-04-04T20:00:00Z,17.63,17.81,17.14,17.31,3772370,RAW,true,2024-04-04T20:15:00Z
bar-0008-20240404,1,inst_syn_0008,2024-04-04T13:30:00Z,2024-04-04T20:00:00Z,58.58,58.64,57.32,58.26,191174,RAW,true,2024-04-04T20:15:00Z
bar-0009-20240404,1,inst_syn_0009,2024-04-04T13:30:00Z,2024-04-04T20:00:00Z,24.58,25.08,23.99,24.18,1991578,RAW,true,2024-04-04T20:15:00Z
bar-0011-20240404,1,inst_syn_0011,2024-04-04T13:30:00Z,2024-04-04T20:00:00Z,263.12,264.68,261.73,261.92,3679406,RAW,true,2024-04-04T20:15:00Z
bar-0012-20240404,1,inst_syn_0012,2024-04-04T13:30:00Z,2024-04-04T20:00:00Z,78.19,78.30,77.15,77.25,1421049,RAW,true,2024-04-04T20:15:00Z
bar-0001-20240405,1,inst_syn_0001,2024-04-05T13:30:00Z,2024-04-05T20:00:00Z,44.56,44.57,44.46,44.52,571023,RAW,true,2024-04-05T20:15:00Z
bar-0002-20240405,1,inst_syn_0002,2024-04-05T13:30:00Z,2024-04-05T20:00:00Z,127.72,128.85,125.48,126.10,239003,RAW,true,2024-04-05T20:15:00Z
bar-0003-20240405,1,inst_syn_0003,2024-04-05T13:30:00Z,2024-04-05T20:00:00Z,32.00,33.26,31.80,32.84,1376204,RAW,true,2024-04-05T20:15:00Z
bar-0004-20240405,1,inst_syn_0004,2024-04-05T13:30:00Z,2024-04-05T20:00:00Z,58.23,59.23,57.47,58.59,510100,RAW,true,2024-04-05T20:15:00Z
bar-0005-20240405,1,inst_syn_0005,2024-04-05T13:30:00Z,2024-04-05T20:00:00Z,97.25,99.56,96.43,98.62,655608,RAW,true,2024-04-05T20:15:00Z
bar-0006-20240405,1,inst_syn_0006,2024-04-05T13:30:00Z,2024-04-05T20:00:00Z,202.33,205.23,201.71,204.63,319909,RAW,true,2024-04-05T20:15:00Z
bar-0007-20240405,1,inst_syn_0007,2024-04-05T13:30:00Z,2024-04-05T20:00:00Z,17.53,17.64,17.23,17.30,1993832,RAW,true,2024-04-05T20:15:00Z
bar-0008-20240405,1,inst_syn_0008,2024-04-05T13:30:00Z,2024-04-05T20:00:00Z,58.82,59.70,58.41,59.05,469252,RAW,true,2024-04-05T20:15:00Z
bar-0009-20240405,1,inst_syn_0009,2024-04-05T13:30:00Z,2024-04-05T20:00:00Z,23.94,24.13,23.84,24.04,1302482,RAW,true,2024-04-05T20:15:00Z
bar-0011-20240405,1,inst_syn_0011,2024-04-05T13:30:00Z,2024-04-05T20:00:00Z,261.70,262.26,260.18,262.12,3479835,RAW,true,2024-04-05T20:15:00Z
bar-0012-20240405,1,inst_syn_0012,2024-04-05T13:30:00Z,2024-04-05T20:00:00Z,76.96,77.24,76.70,77.18,1082322,RAW,true,2024-04-05T20:15:00Z
bar-0001-20240408,1,inst_syn_0001,2024-04-08T13:30:00Z,2024-04-08T20:00:00Z,44.59,44.74,43.97,44.26,917511,RAW,true,2024-04-08T20:15:00Z
bar-0002-20240408,1,inst_syn_0002,2024-04-08T13:30:00Z,2024-04-08T20:00:00Z,125.08,129.55,123.96,129.25,359832,RAW,true,2024-04-08T20:15:00Z
bar-0003-20240408,1,inst_syn_0003,2024-04-08T13:30:00Z,2024-04-08T20:00:00Z,33.03,34.39,33.01,33.78,2735558,RAW,true,2024-04-08T20:15:00Z
bar-0004-20240408,1,inst_syn_0004,2024-04-08T13:30:00Z,2024-04-08T20:00:00Z,59.44,60.77,59.33,60.24,1158787,RAW,true,2024-04-08T20:15:00Z
bar-0005-20240408,1,inst_syn_0005,2024-04-08T13:30:00Z,2024-04-08T20:00:00Z,98.24,100.52,98.15,100.16,491669,RAW,true,2024-04-08T20:15:00Z
bar-0006-20240408,1,inst_syn_0006,2024-04-08T13:30:00Z,2024-04-08T20:00:00Z,204.87,210.61,204.28,210.53,207875,RAW,true,2024-04-08T20:15:00Z
bar-0007-20240408,1,inst_syn_0007,2024-04-08T13:30:00Z,2024-04-08T20:00:00Z,17.12,17.30,16.83,17.28,2027931,RAW,true,2024-04-08T20:15:00Z
bar-0008-20240408,1,inst_syn_0008,2024-04-08T13:30:00Z,2024-04-08T20:00:00Z,59.11,60.50,58.59,59.81,357351,RAW,true,2024-04-08T20:15:00Z
bar-0009-20240408,1,inst_syn_0009,2024-04-08T13:30:00Z,2024-04-08T20:00:00Z,23.45,24.87,23.36,24.45,1832672,RAW,true,2024-04-08T20:15:00Z
bar-0011-20240408,1,inst_syn_0011,2024-04-08T13:30:00Z,2024-04-08T20:00:00Z,263.39,264.89,262.28,264.84,3074375,RAW,true,2024-04-08T20:15:00Z
bar-0012-20240408,1,inst_syn_0012,2024-04-08T13:30:00Z,2024-04-08T20:00:00Z,76.92,78.96,76.77,78.10,1388262,RAW,true,2024-04-08T20:15:00Z
bar-0001-20240409,1,inst_syn_0001,2024-04-09T13:30:00Z,2024-04-09T20:00:00Z,43.71,44.74,43.31,44.58,603383,RAW,true,2024-04-09T20:15:00Z
bar-0002-20240409,1,inst_syn_0002,2024-04-09T13:30:00Z,2024-04-09T20:00:00Z,129.85,131.42,128.37,129.19,637199,RAW,true,2024-04-09T20:15:00Z
bar-0003-20240409,1,inst_syn_0003,2024-04-09T13:30:00Z,2024-04-09T20:00:00Z,34.22,35.53,33.12,33.23,3573298,RAW,true,2024-04-09T20:15:00Z
bar-0004-20240409,1,inst_syn_0004,2024-04-09T13:30:00Z,2024-04-09T20:00:00Z,60.44,60.94,59.25,59.55,1141160,RAW,true,2024-04-09T20:15:00Z
bar-0005-20240409,1,inst_syn_0005,2024-04-09T13:30:00Z,2024-04-09T20:00:00Z,101.45,101.97,98.17,99.46,406499,RAW,true,2024-04-09T20:15:00Z
bar-0006-20240409,1,inst_syn_0006,2024-04-09T13:30:00Z,2024-04-09T20:00:00Z,212.78,213.16,201.85,204.83,203369,RAW,true,2024-04-09T20:15:00Z
bar-0007-20240409,1,inst_syn_0007,2024-04-09T13:30:00Z,2024-04-09T20:00:00Z,17.56,17.66,16.81,16.85,3010812,RAW,true,2024-04-09T20:15:00Z
bar-0008-20240409,1,inst_syn_0008,2024-04-09T13:30:00Z,2024-04-09T20:00:00Z,60.09,60.68,59.69,60.05,471378,RAW,true,2024-04-09T20:15:00Z
bar-0009-20240409,1,inst_syn_0009,2024-04-09T13:30:00Z,2024-04-09T20:00:00Z,24.02,24.70,24.01,24.44,891647,RAW,true,2024-04-09T20:15:00Z
bar-0011-20240409,1,inst_syn_0011,2024-04-09T13:30:00Z,2024-04-09T20:00:00Z,264.09,265.74,262.73,264.52,5587975,RAW,true,2024-04-09T20:15:00Z
bar-0012-20240409,1,inst_syn_0012,2024-04-09T13:30:00Z,2024-04-09T20:00:00Z,78.56,78.62,77.44,77.59,1560624,RAW,true,2024-04-09T20:15:00Z
bar-0001-20240410,1,inst_syn_0001,2024-04-10T13:30:00Z,2024-04-10T20:00:00Z,44.68,45.12,43.74,43.89,784100,RAW,true,2024-04-10T20:15:00Z
bar-0002-20240410,1,inst_syn_0002,2024-04-10T13:30:00Z,2024-04-10T20:00:00Z,128.36,129.37,127.74,129.06,311417,RAW,true,2024-04-10T20:15:00Z
bar-0003-20240410,1,inst_syn_0003,2024-04-10T13:30:00Z,2024-04-10T20:00:00Z,33.57,33.99,33.23,33.55,1020505,RAW,true,2024-04-10T20:15:00Z
bar-0004-20240410,1,inst_syn_0004,2024-04-10T13:30:00Z,2024-04-10T20:00:00Z,59.63,59.88,57.69,57.85,1002450,RAW,true,2024-04-10T20:15:00Z
bar-0005-20240410,1,inst_syn_0005,2024-04-10T13:30:00Z,2024-04-10T20:00:00Z,99.51,99.53,98.21,98.80,543289,RAW,true,2024-04-10T20:15:00Z
bar-0006-20240410,1,inst_syn_0006,2024-04-10T13:30:00Z,2024-04-10T20:00:00Z,205.00,205.09,202.53,203.55,250565,RAW,true,2024-04-10T20:15:00Z
bar-0007-20240410,1,inst_syn_0007,2024-04-10T13:30:00Z,2024-04-10T20:00:00Z,16.56,17.09,16.45,16.89,3362529,RAW,true,2024-04-10T20:15:00Z
bar-0008-20240410,1,inst_syn_0008,2024-04-10T13:30:00Z,2024-04-10T20:00:00Z,60.53,60.68,60.29,60.34,213394,RAW,true,2024-04-10T20:15:00Z
bar-0009-20240410,1,inst_syn_0009,2024-04-10T13:30:00Z,2024-04-10T20:00:00Z,24.51,25.05,23.98,24.01,1339377,RAW,true,2024-04-10T20:15:00Z
bar-0011-20240410,1,inst_syn_0011,2024-04-10T13:30:00Z,2024-04-10T20:00:00Z,265.20,266.92,260.60,260.88,6670416,RAW,true,2024-04-10T20:15:00Z
bar-0012-20240410,1,inst_syn_0012,2024-04-10T13:30:00Z,2024-04-10T20:00:00Z,77.74,78.37,76.55,76.85,1935581,RAW,true,2024-04-10T20:15:00Z
bar-0001-20240411,1,inst_syn_0001,2024-04-11T13:30:00Z,2024-04-11T20:00:00Z,43.79,45.03,43.15,44.59,813707,RAW,true,2024-04-11T20:15:00Z
bar-0002-20240411,1,inst_syn_0002,2024-04-11T13:30:00Z,2024-04-11T20:00:00Z,128.04,130.74,126.67,129.52,411980,RAW,true,2024-04-11T20:15:00Z
bar-0003-20240411,1,inst_syn_0003,2024-04-11T13:30:00Z,2024-04-11T20:00:00Z,33.58,34.12,33.47,34.11,2211322,RAW,true,2024-04-11T20:15:00Z
bar-0004-20240411,1,inst_syn_0004,2024-04-11T13:30:00Z,2024-04-11T20:00:00Z,57.95,59.57,57.55,58.85,1144025,RAW,true,2024-04-11T20:15:00Z
bar-0005-20240411,1,inst_syn_0005,2024-04-11T13:30:00Z,2024-04-11T20:00:00Z,98.43,100.09,98.04,100.04,693852,RAW,true,2024-04-11T20:15:00Z
bar-0006-20240411,1,inst_syn_0006,2024-04-11T13:30:00Z,2024-04-11T20:00:00Z,204.92,209.11,202.40,208.13,318186,RAW,true,2024-04-11T20:15:00Z
bar-0007-20240411,1,inst_syn_0007,2024-04-11T13:30:00Z,2024-04-11T20:00:00Z,16.84,16.99,16.52,16.71,3905065,RAW,true,2024-04-11T20:15:00Z
bar-0008-20240411,1,inst_syn_0008,2024-04-11T13:30:00Z,2024-04-11T20:00:00Z,60.35,60.82,59.95,60.64,426892,RAW,true,2024-04-11T20:15:00Z
bar-0009-20240411,1,inst_syn_0009,2024-04-11T13:30:00Z,2024-04-11T20:00:00Z,24.49,24.66,23.94,24.18,1638833,RAW,true,2024-04-11T20:15:00Z
bar-0011-20240411,1,inst_syn_0011,2024-04-11T13:30:00Z,2024-04-11T20:00:00Z,261.51,264.53,261.10,262.93,5822898,RAW,true,2024-04-11T20:15:00Z
bar-0012-20240411,1,inst_syn_0012,2024-04-11T13:30:00Z,2024-04-11T20:00:00Z,76.68,77.83,76.46,77.22,823181,RAW,true,2024-04-11T20:15:00Z
bar-0001-20240412,1,inst_syn_0001,2024-04-12T13:30:00Z,2024-04-12T20:00:00Z,44.22,44.83,43.33,44.03,847259,RAW,true,2024-04-12T20:15:00Z
bar-0002-20240412,1,inst_syn_0002,2024-04-12T13:30:00Z,2024-04-12T20:00:00Z,129.83,130.20,128.03,128.93,397334,RAW,true,2024-04-12T20:15:00Z
bar-0003-20240412,1,inst_syn_0003,2024-04-12T13:30:00Z,2024-04-12T20:00:00Z,34.28,34.92,32.53,32.72,2927337,RAW,true,2024-04-12T20:15:00Z
bar-0004-20240412,1,inst_syn_0004,2024-04-12T13:30:00Z,2024-04-12T20:00:00Z,58.59,59.13,58.19,58.31,858660,RAW,true,2024-04-12T20:15:00Z
bar-0005-20240412,1,inst_syn_0005,2024-04-12T13:30:00Z,2024-04-12T20:00:00Z,99.64,100.94,99.02,100.93,751131,RAW,true,2024-04-12T20:15:00Z
bar-0006-20240412,1,inst_syn_0006,2024-04-12T13:30:00Z,2024-04-12T20:00:00Z,208.32,209.18,206.02,207.82,300610,RAW,true,2024-04-12T20:15:00Z
bar-0007-20240412,1,inst_syn_0007,2024-04-12T13:30:00Z,2024-04-12T20:00:00Z,16.79,16.86,15.94,16.13,2830305,RAW,true,2024-04-12T20:15:00Z
bar-0008-20240412,1,inst_syn_0008,2024-04-12T13:30:00Z,2024-04-12T20:00:00Z,60.57,60.97,59.25,59.67,374497,RAW,true,2024-04-12T20:15:00Z
bar-0009-20240412,1,inst_syn_0009,2024-04-12T13:30:00Z,2024-04-12T20:00:00Z,24.30,24.54,22.80,23.04,1896938,RAW,true,2024-04-12T20:15:00Z
bar-0011-20240412,1,inst_syn_0011,2024-04-12T13:30:00Z,2024-04-12T20:00:00Z,263.05,263.93,260.59,261.09,4888380,RAW,true,2024-04-12T20:15:00Z
bar-0012-20240412,1,inst_syn_0012,2024-04-12T13:30:00Z,2024-04-12T20:00:00Z,77.39,77.62,75.93,76.40,1821385,RAW,true,2024-04-12T20:15:00Z
bar-0001-20240415,1,inst_syn_0001,2024-04-15T13:30:00Z,2024-04-15T20:00:00Z,44.33,44.53,43.84,44.24,625513,RAW,true,2024-04-15T20:15:00Z
bar-0002-20240415,1,inst_syn_0002,2024-04-15T13:30:00Z,2024-04-15T20:00:00Z,129.22,129.49,127.22,127.84,179161,RAW,true,2024-04-15T20:15:00Z
bar-0003-20240415,1,inst_syn_0003,2024-04-15T13:30:00Z,2024-04-15T20:00:00Z,32.61,32.71,32.18,32.45,2087147,RAW,true,2024-04-15T20:15:00Z
bar-0004-20240415,1,inst_syn_0004,2024-04-15T13:30:00Z,2024-04-15T20:00:00Z,58.61,58.65,56.98,57.22,1175701,RAW,true,2024-04-15T20:15:00Z
bar-0005-20240415,1,inst_syn_0005,2024-04-15T13:30:00Z,2024-04-15T20:00:00Z,100.71,101.66,99.46,99.53,444915,RAW,true,2024-04-15T20:15:00Z
bar-0006-20240415,1,inst_syn_0006,2024-04-15T13:30:00Z,2024-04-15T20:00:00Z,207.10,209.44,204.02,207.41,161625,RAW,true,2024-04-15T20:15:00Z
bar-0007-20240415,1,inst_syn_0007,2024-04-15T13:30:00Z,2024-04-15T20:00:00Z,16.14,16.15,15.29,15.66,4217486,RAW,true,2024-04-15T20:15:00Z
bar-0008-20240415,1,inst_syn_0008,2024-04-15T13:30:00Z,2024-04-15T20:00:00Z,60.03,60.14,58.94,59.19,519524,RAW,true,2024-04-15T20:15:00Z
bar-0009-20240415,1,inst_syn_0009,2024-04-15T13:30:00Z,2024-04-15T20:00:00Z,22.82,22.90,21.84,22.16,1862381,RAW,true,2024-04-15T20:15:00Z
bar-0011-20240415,1,inst_syn_0011,2024-04-15T13:30:00Z,2024-04-15T20:00:00Z,260.62,260.68,259.00,259.95,5905606,RAW,true,2024-04-15T20:15:00Z
bar-0012-20240415,1,inst_syn_0012,2024-04-15T13:30:00Z,2024-04-15T20:00:00Z,76.37,76.54,75.56,76.07,1919698,RAW,true,2024-04-15T20:15:00Z
bar-0001-20240416,1,inst_syn_0001,2024-04-16T13:30:00Z,2024-04-16T20:00:00Z,44.49,44.55,44.05,44.06,646621,RAW,true,2024-04-16T20:15:00Z
bar-0002-20240416,1,inst_syn_0002,2024-04-16T13:30:00Z,2024-04-16T20:00:00Z,127.61,127.83,127.60,127.66,384707,RAW,true,2024-04-16T20:15:00Z
bar-0003-20240416,1,inst_syn_0003,2024-04-16T13:30:00Z,2024-04-16T20:00:00Z,32.29,33.01,32.10,32.68,2741774,RAW,true,2024-04-16T20:15:00Z
bar-0004-20240416,1,inst_syn_0004,2024-04-16T13:30:00Z,2024-04-16T20:00:00Z,57.33,57.60,57.22,57.49,1063115,RAW,true,2024-04-16T20:15:00Z
bar-0005-20240416,1,inst_syn_0005,2024-04-16T13:30:00Z,2024-04-16T20:00:00Z,99.20,100.55,98.34,98.98,240344,RAW,true,2024-04-16T20:15:00Z
bar-0006-20240416,1,inst_syn_0006,2024-04-16T13:30:00Z,2024-04-16T20:00:00Z,207.79,209.09,207.28,207.66,239869,RAW,true,2024-04-16T20:15:00Z
bar-0007-20240416,1,inst_syn_0007,2024-04-16T13:30:00Z,2024-04-16T20:00:00Z,15.67,16.14,15.16,16.05,4430535,RAW,true,2024-04-16T20:15:00Z
bar-0008-20240416,1,inst_syn_0008,2024-04-16T13:30:00Z,2024-04-16T20:00:00Z,59.06,59.34,58.46,58.49,402009,RAW,true,2024-04-16T20:15:00Z
bar-0009-20240416,1,inst_syn_0009,2024-04-16T13:30:00Z,2024-04-16T20:00:00Z,22.30,22.74,22.21,22.29,1560904,RAW,true,2024-04-16T20:15:00Z
bar-0011-20240416,1,inst_syn_0011,2024-04-16T13:30:00Z,2024-04-16T20:00:00Z,258.52,260.05,257.56,259.62,3540895,RAW,true,2024-04-16T20:15:00Z
bar-0012-20240416,1,inst_syn_0012,2024-04-16T13:30:00Z,2024-04-16T20:00:00Z,76.78,77.08,75.24,76.06,2001099,RAW,true,2024-04-16T20:15:00Z
bar-0001-20240417,1,inst_syn_0001,2024-04-17T13:30:00Z,2024-04-17T20:00:00Z,44.17,44.79,43.47,44.59,867961,RAW,true,2024-04-17T20:15:00Z
bar-0002-20240417,1,inst_syn_0002,2024-04-17T13:30:00Z,2024-04-17T20:00:00Z,127.29,127.39,126.73,127.01,295708,RAW,true,2024-04-17T20:15:00Z
bar-0003-20240417,1,inst_syn_0003,2024-04-17T13:30:00Z,2024-04-17T20:00:00Z,32.65,33.35,32.48,32.57,2204091,RAW,true,2024-04-17T20:15:00Z
bar-0004-20240417,1,inst_syn_0004,2024-04-17T13:30:00Z,2024-04-17T20:00:00Z,58.23,58.51,57.23,57.48,685760,RAW,true,2024-04-17T20:15:00Z
bar-0005-20240417,1,inst_syn_0005,2024-04-17T13:30:00Z,2024-04-17T20:00:00Z,99.72,99.98,98.26,98.64,658158,RAW,true,2024-04-17T20:15:00Z
bar-0006-20240417,1,inst_syn_0006,2024-04-17T13:30:00Z,2024-04-17T20:00:00Z,207.73,209.89,200.61,202.62,163369,RAW,true,2024-04-17T20:15:00Z
bar-0007-20240417,1,inst_syn_0007,2024-04-17T13:30:00Z,2024-04-17T20:00:00Z,16.11,16.80,15.93,16.50,4427709,RAW,true,2024-04-17T20:15:00Z
bar-0008-20240417,1,inst_syn_0008,2024-04-17T13:30:00Z,2024-04-17T20:00:00Z,58.67,58.77,57.84,58.16,457819,RAW,true,2024-04-17T20:15:00Z
bar-0009-20240417,1,inst_syn_0009,2024-04-17T13:30:00Z,2024-04-17T20:00:00Z,22.46,23.18,21.84,21.92,1611503,RAW,true,2024-04-17T20:15:00Z
bar-0011-20240417,1,inst_syn_0011,2024-04-17T13:30:00Z,2024-04-17T20:00:00Z,259.68,259.85,258.65,259.80,5524187,RAW,true,2024-04-17T20:15:00Z
bar-0012-20240417,1,inst_syn_0012,2024-04-17T13:30:00Z,2024-04-17T20:00:00Z,76.27,76.33,75.80,76.25,1162724,RAW,true,2024-04-17T20:15:00Z
bar-0001-20240418,1,inst_syn_0001,2024-04-18T13:30:00Z,2024-04-18T20:00:00Z,45.14,45.45,43.63,44.08,742606,RAW,true,2024-04-18T20:15:00Z
bar-0002-20240418,1,inst_syn_0002,2024-04-18T13:30:00Z,2024-04-18T20:00:00Z,127.10,127.57,126.07,126.76,339812,RAW,true,2024-04-18T20:15:00Z
bar-0003-20240418,1,inst_syn_0003,2024-04-18T13:30:00Z,2024-04-18T20:00:00Z,32.21,32.86,32.05,32.83,1979150,RAW,true,2024-04-18T20:15:00Z
bar-0004-20240418,1,inst_syn_0004,2024-04-18T13:30:00Z,2024-04-18T20:00:00Z,57.15,57.98,56.51,56.69,1391810,RAW,true,2024-04-18T20:15:00Z
bar-0005-20240418,1,inst_syn_0005,2024-04-18T13:30:00Z,2024-04-18T20:00:00Z,98.36,98.76,96.55,97.46,572902,RAW,true,2024-04-18T20:15:00Z
bar-0006-20240418,1,inst_syn_0006,2024-04-18T13:30:00Z,2024-04-18T20:00:00Z,201.34,207.60,201.22,206.85,304342,RAW,true,2024-04-18T20:15:00Z
bar-0007-20240418,1,inst_syn_0007,2024-04-18T13:30:00Z,2024-04-18T20:00:00Z,16.56,16.65,16.20,16.57,4546812,RAW,true,2024-04-18T20:15:00Z
bar-0008-20240418,1,inst_syn_0008,2024-04-18T13:30:00Z,2024-04-18T20:00:00Z,58.10,59.77,57.90,58.89,471855,RAW,true,2024-04-18T20:15:00Z
bar-0009-20240418,1,inst_syn_0009,2024-04-18T13:30:00Z,2024-04-18T20:00:00Z,21.95,22.44,21.59,21.83,1618279,RAW,true,2024-04-18T20:15:00Z
bar-0011-20240418,1,inst_syn_0011,2024-04-18T13:30:00Z,2024-04-18T20:00:00Z,259.23,262.02,258.72,260.58,5770061,RAW,true,2024-04-18T20:15:00Z
bar-0012-20240418,1,inst_syn_0012,2024-04-18T13:30:00Z,2024-04-18T20:00:00Z,76.33,77.09,76.12,77.00,1359091,RAW,true,2024-04-18T20:15:00Z
bar-0001-20240419,1,inst_syn_0001,2024-04-19T13:30:00Z,2024-04-19T20:00:00Z,44.00,44.36,43.24,44.07,950244,RAW,true,2024-04-19T20:15:00Z
bar-0002-20240419,1,inst_syn_0002,2024-04-19T13:30:00Z,2024-04-19T20:00:00Z,127.42,127.86,125.93,125.95,277236,RAW,true,2024-04-19T20:15:00Z
bar-0003-20240419,1,inst_syn_0003,2024-04-19T13:30:00Z,2024-04-19T20:00:00Z,33.10,33.26,31.82,32.44,2231248,RAW,true,2024-04-19T20:15:00Z
bar-0004-20240419,1,inst_syn_0004,2024-04-19T13:30:00Z,2024-04-19T20:00:00Z,56.75,56.98,55.77,55.97,1186756,RAW,true,2024-04-19T20:15:00Z
bar-0005-20240419,1,inst_syn_0005,2024-04-19T13:30:00Z,2024-04-19T20:00:00Z,97.03,97.21,95.37,95.94,592582,RAW,true,2024-04-19T20:15:00Z
bar-0006-20240419,1,inst_syn_0006,2024-04-19T13:30:00Z,2024-04-19T20:00:00Z,206.03,208.13,205.21,205.95,244321,RAW,true,2024-04-19T20:15:00Z
bar-0007-20240419,1,inst_syn_0007,2024-04-19T13:30:00Z,2024-04-19T20:00:00Z,16.65,16.82,16.57,16.65,1636843,RAW,true,2024-04-19T20:15:00Z
bar-0008-20240419,1,inst_syn_0008,2024-04-19T13:30:00Z,2024-04-19T20:00:00Z,59.15,59.38,58.52,59.22,647273,RAW,true,2024-04-19T20:15:00Z
bar-0009-20240419,1,inst_syn_0009,2024-04-19T13:30:00Z,2024-04-19T20:00:00Z,22.08,22.26,20.51,20.80,2264721,RAW,true,2024-04-19T20:15:00Z
bar-0011-20240419,1,inst_syn_0011,2024-04-19T13:30:00Z,2024-04-19T20:00:00Z,260.38,262.60,257.99,259.41,4603395,RAW,true,2024-04-19T20:15:00Z
bar-0012-20240419,1,inst_syn_0012,2024-04-19T13:30:00Z,2024-04-19T20:00:00Z,77.20,77.75,76.50,76.74,1488122,RAW,true,2024-04-19T20:15:00Z
bar-0001-20240422,1,inst_syn_0001,2024-04-22T13:30:00Z,2024-04-22T20:00:00Z,44.09,44.80,43.92,44.41,836725,RAW,true,2024-04-22T20:15:00Z
bar-0002-20240422,1,inst_syn_0002,2024-04-22T13:30:00Z,2024-04-22T20:00:00Z,126.10,128.07,125.69,127.00,389029,RAW,true,2024-04-22T20:15:00Z
bar-0003-20240422,1,inst_syn_0003,2024-04-22T13:30:00Z,2024-04-22T20:00:00Z,32.66,32.73,32.14,32.36,1562750,RAW,true,2024-04-22T20:15:00Z
bar-0004-20240422,1,inst_syn_0004,2024-04-22T13:30:00Z,2024-04-22T20:00:00Z,55.75,56.15,55.55,56.06,1349711,RAW,true,2024-04-22T20:15:00Z
bar-0005-20240422,1,inst_syn_0005,2024-04-22T13:30:00Z,2024-04-22T20:00:00Z,95.35,96.03,95.00,95.39,554320,RAW,true,2024-04-22T20:15:00Z
bar-0006-20240422,1,inst_syn_0006,2024-04-22T13:30:00Z,2024-04-22T20:00:00Z,202.77,204.71,199.36,204.54,305655,RAW,true,2024-04-22T20:15:00Z
bar-0007-20240422,1,inst_syn_0007,2024-04-22T13:30:00Z,2024-04-22T20:00:00Z,16.52,17.04,16.29,16.96,3614619,RAW,true,2024-04-22T20:15:00Z
bar-0008-20240422,1,inst_syn_0008,2024-04-22T13:30:00Z,2024-04-22T20:00:00Z,59.48,59.64,59.14,59.17,322251,RAW,true,2024-04-22T20:15:00Z
bar-0009-20240422,1,inst_syn_0009,2024-04-22T13:30:00Z,2024-04-22T20:00:00Z,20.88,21.00,20.52,20.80,1712822,RAW,true,2024-04-22T20:15:00Z
bar-0011-20240422,1,inst_syn_0011,2024-04-22T13:30:00Z,2024-04-22T20:00:00Z,259.07,261.17,257.33,260.98,7195917,RAW,true,2024-04-22T20:15:00Z
bar-0012-20240422,1,inst_syn_0012,2024-04-22T13:30:00Z,2024-04-22T20:00:00Z,76.28,77.32,76.15,77.15,974887,RAW,true,2024-04-22T20:15:00Z
bar-0001-20240423,1,inst_syn_0001,2024-04-23T13:30:00Z,2024-04-23T20:00:00Z,44.11,44.49,43.64,43.81,575884,RAW,true,2024-04-23T20:15:00Z
bar-0002-20240423,1,inst_syn_0002,2024-04-23T13:30:00Z,2024-04-23T20:00:00Z,127.39,127.69,126.41,127.07,322993,RAW,true,2024-04-23T20:15:00Z
bar-0003-20240423,1,inst_syn_0003,2024-04-23T13:30:00Z,2024-04-23T20:00:00Z,32.77,33.40,32.24,32.50,1600229,RAW,true,2024-04-23T20:15:00Z
bar-0004-20240423,1,inst_syn_0004,2024-04-23T13:30:00Z,2024-04-23T20:00:00Z,56.59,57.14,55.70,56.30,1202524,RAW,true,2024-04-23T20:15:00Z
bar-0005-20240423,1,inst_syn_0005,2024-04-23T13:30:00Z,2024-04-23T20:00:00Z,95.41,96.74,94.90,95.22,753253,RAW,true,2024-04-23T20:15:00Z
bar-0006-20240423,1,inst_syn_0006,2024-04-23T13:30:00Z,2024-04-23T20:00:00Z,204.32,204.62,200.97,204.55,222008,RAW,true,2024-04-23T20:15:00Z
bar-0007-20240423,1,inst_syn_0007,2024-04-23T13:30:00Z,2024-04-23T20:00:00Z,16.86,17.23,16.77,17.20,3130084,RAW,true,2024-04-23T20:15:00Z
bar-0008-20240423,1,inst_syn_0008,2024-04-23T13:30:00Z,2024-04-23T20:00:00Z,58.34,60.67,58.21,60.31,645407,RAW,true,2024-04-23T20:15:00Z
bar-0009-20240423,1,inst_syn_0009,2024-04-23T13:30:00Z,2024-04-23T20:00:00Z,20.64,22.08,20.58,21.73,1861919,RAW,true,2024-04-23T20:15:00Z
bar-0011-20240423,1,inst_syn_0011,2024-04-23T13:30:00Z,2024-04-23T20:00:00Z,260.56,263.48,259.77,262.84,6490838,RAW,true,2024-04-23T20:15:00Z
bar-0012-20240423,1,inst_syn_0012,2024-04-23T13:30:00Z,2024-04-23T20:00:00Z,77.31,78.39,77.02,77.98,2304667,RAW,true,2024-04-23T20:15:00Z
bar-0001-20240424,1,inst_syn_0001,2024-04-24T13:30:00Z,2024-04-24T20:00:00Z,43.38,44.01,42.99,43.68,1062768,RAW,true,2024-04-24T20:15:00Z
bar-0002-20240424,1,inst_syn_0002,2024-04-24T13:30:00Z,2024-04-24T20:00:00Z,126.64,128.06,125.04,125.89,436746,RAW,true,2024-04-24T20:15:00Z
bar-0003-20240424,1,inst_syn_0003,2024-04-24T13:30:00Z,2024-04-24T20:00:00Z,32.40,32.93,31.95,32.91,2353274,RAW,true,2024-04-24T20:15:00Z
bar-0004-20240424,1,inst_syn_0004,2024-04-24T13:30:00Z,2024-04-24T20:00:00Z,55.08,56.96,54.62,56.44,1289883,RAW,true,2024-04-24T20:15:00Z
bar-0005-20240424,1,inst_syn_0005,2024-04-24T13:30:00Z,2024-04-24T20:00:00Z,95.90,96.71,95.87,96.68,412314,RAW,true,2024-04-24T20:15:00Z
bar-0006-20240424,1,inst_syn_0006,2024-04-24T13:30:00Z,2024-04-24T20:00:00Z,203.32,205.76,202.12,205.38,298217,RAW,true,2024-04-24T20:15:00Z
bar-0007-20240424,1,inst_syn_0007,2024-04-24T13:30:00Z,2024-04-24T20:00:00Z,16.95,17.33,16.78,17.30,2635814,RAW,true,2024-04-24T20:15:00Z
bar-0008-20240424,1,inst_syn_0008,2024-04-24T13:30:00Z,2024-04-24T20:00:00Z,59.91,62.66,59.31,62.48,522670,RAW,true,2024-04-24T20:15:00Z
bar-0009-20240424,1,inst_syn_0009,2024-04-24T13:30:00Z,2024-04-24T20:00:00Z,21.67,22.13,20.98,21.04,2016842,RAW,true,2024-04-24T20:15:00Z
bar-0011-20240424,1,inst_syn_0011,2024-04-24T13:30:00Z,2024-04-24T20:00:00Z,262.78,264.50,262.29,264.42,5566258,RAW,true,2024-04-24T20:15:00Z
bar-0012-20240424,1,inst_syn_0012,2024-04-24T13:30:00Z,2024-04-24T20:00:00Z,77.96,78.73,77.89,78.54,1562702,RAW,true,2024-04-24T20:15:00Z
bar-0001-20240425,1,inst_syn_0001,2024-04-25T13:30:00Z,2024-04-25T20:00:00Z,43.98,44.23,43.29,43.32,864610,RAW,true,2024-04-25T20:15:00Z
bar-0002-20240425,1,inst_syn_0002,2024-04-25T13:30:00Z,2024-04-25T20:00:00Z,126.01,127.14,125.16,125.54,245607,RAW,true,2024-04-25T20:15:00Z
bar-0003-20240425,1,inst_syn_0003,2024-04-25T13:30:00Z,2024-04-25T20:00:00Z,32.65,33.95,31.88,33.71,3237797,RAW,true,2024-04-25T20:15:00Z
bar-0004-20240425,1,inst_syn_0004,2024-04-25T13:30:00Z,2024-04-25T20:00:00Z,56.74,56.83,56.26,56.30,668195,RAW,true,2024-04-25T20:15:00Z
bar-0005-20240425,1,inst_syn_0005,2024-04-25T13:30:00Z,2024-04-25T20:00:00Z,96.76,97.56,96.72,97.28,267787,RAW,true,2024-04-25T20:15:00Z
bar-0006-20240425,1,inst_syn_0006,2024-04-25T13:30:00Z,2024-04-25T20:00:00Z,205.38,210.53,204.82,207.75,245730,RAW,true,2024-04-25T20:15:00Z
bar-0007-20240425,1,inst_syn_0007,2024-04-25T13:30:00Z,2024-04-25T20:00:00Z,17.58,17.64,16.92,17.13,2879899,RAW,true,2024-04-25T20:15:00Z
bar-0008-20240425,1,inst_syn_0008,2024-04-25T13:30:00Z,2024-04-25T20:00:00Z,62.47,62.49,61.90,62.43,445259,RAW,true,2024-04-25T20:15:00Z
bar-0009-20240425,1,inst_syn_0009,2024-04-25T13:30:00Z,2024-04-25T20:00:00Z,21.01,21.36,20.51,20.67,2195110,RAW,true,2024-04-25T20:15:00Z
bar-0011-20240425,1,inst_syn_0011,2024-04-25T13:30:00Z,2024-04-25T20:00:00Z,264.98,265.70,264.70,265.42,5917041,RAW,true,2024-04-25T20:15:00Z
bar-0012-20240425,1,inst_syn_0012,2024-04-25T13:30:00Z,2024-04-25T20:00:00Z,78.44,79.51,78.34,79.12,1425807,RAW,true,2024-04-25T20:15:00Z
bar-0001-20240426,1,inst_syn_0001,2024-04-26T13:30:00Z,2024-04-26T20:00:00Z,42.54,43.50,42.06,43.13,998570,RAW,true,2024-04-26T20:15:00Z
bar-0002-20240426,1,inst_syn_0002,2024-04-26T13:30:00Z,2024-04-26T20:00:00Z,126.51,126.52,124.09,124.18,344806,RAW,true,2024-04-26T20:15:00Z
bar-0003-20240426,1,inst_syn_0003,2024-04-26T13:30:00Z,2024-04-26T20:00:00Z,33.56,33.73,32.91,33.04,1697969,RAW,true,2024-04-26T20:15:00Z
bar-0004-20240426,1,inst_syn_0004,2024-04-26T13:30:00Z,2024-04-26T20:00:00Z,57.10,57.18,56.42,56.69,1204874,RAW,true,2024-04-26T20:15:00Z
bar-0005-20240426,1,inst_syn_0005,2024-04-26T13:30:00Z,2024-04-26T20:00:00Z,97.65,97.68,97.04,97.39,557320,RAW,true,2024-04-26T20:15:00Z
bar-0006-20240426,1,inst_syn_0006,2024-04-26T13:30:00Z,2024-04-26T20:00:00Z,207.78,210.60,205.07,206.82,305643,RAW,true,2024-04-26T20:15:00Z
bar-0007-20240426,1,inst_syn_0007,2024-04-26T13:30:00Z,2024-04-26T20:00:00Z,17.13,17.54,16.92,16.97,2761957,RAW,true,2024-04-26T20:15:00Z
bar-0008-20240426,1,inst_syn_0008,2024-04-26T13:30:00Z,2024-04-26T20:00:00Z,62.36,62.64,61.99,62.20,209940,RAW,true,2024-04-26T20:15:00Z
bar-0009-20240426,1,inst_syn_0009,2024-04-26T13:30:00Z,2024-04-26T20:00:00Z,20.69,20.89,20.22,20.42,1620889,RAW,true,2024-04-26T20:15:00Z
bar-0011-20240426,1,inst_syn_0011,2024-04-26T13:30:00Z,2024-04-26T20:00:00Z,264.38,265.21,264.18,264.90,4612802,RAW,true,2024-04-26T20:15:00Z
bar-0012-20240426,1,inst_syn_0012,2024-04-26T13:30:00Z,2024-04-26T20:00:00Z,79.00,79.12,78.62,78.80,1805022,RAW,true,2024-04-26T20:15:00Z
bar-0001-20240429,1,inst_syn_0001,2024-04-29T13:30:00Z,2024-04-29T20:00:00Z,43.07,43.90,42.68,43.54,1179436,RAW,true,2024-04-29T20:15:00Z
bar-0002-20240429,1,inst_syn_0002,2024-04-29T13:30:00Z,2024-04-29T20:00:00Z,124.56,125.60,123.02,124.13,268985,RAW,true,2024-04-29T20:15:00Z
bar-0003-20240429,1,inst_syn_0003,2024-04-29T13:30:00Z,2024-04-29T20:00:00Z,33.12,34.12,32.75,33.41,2460400,RAW,true,2024-04-29T20:15:00Z
bar-0004-20240429,1,inst_syn_0004,2024-04-29T13:30:00Z,2024-04-29T20:00:00Z,56.06,58.76,55.61,57.70,965597,RAW,true,2024-04-29T20:15:00Z
bar-0005-20240429,1,inst_syn_0005,2024-04-29T13:30:00Z,2024-04-29T20:00:00Z,97.30,98.85,97.28,98.25,528987,RAW,true,2024-04-29T20:15:00Z
bar-0006-20240429,1,inst_syn_0006,2024-04-29T13:30:00Z,2024-04-29T20:00:00Z,207.55,210.46,204.79,210.11,313714,RAW,true,2024-04-29T20:15:00Z
bar-0007-20240429,1,inst_syn_0007,2024-04-29T13:30:00Z,2024-04-29T20:00:00Z,17.11,17.77,16.74,17.66,4655150,RAW,true,2024-04-29T20:15:00Z
bar-0008-20240429,1,inst_syn_0008,2024-04-29T13:30:00Z,2024-04-29T20:00:00Z,62.22,62.35,62.04,62.15,402659,RAW,true,2024-04-29T20:15:00Z
bar-0009-20240429,1,inst_syn_0009,2024-04-29T13:30:00Z,2024-04-29T20:00:00Z,20.60,20.77,20.34,20.36,1701504,RAW,true,2024-04-29T20:15:00Z
bar-0011-20240429,1,inst_syn_0011,2024-04-29T13:30:00Z,2024-04-29T20:00:00Z,265.03,266.09,264.41,265.88,4195464,RAW,true,2024-04-29T20:15:00Z
bar-0012-20240429,1,inst_syn_0012,2024-04-29T13:30:00Z,2024-04-29T20:00:00Z,79.09,79.23,78.59,79.06,1197833,RAW,true,2024-04-29T20:15:00Z
bar-0001-20240430,1,inst_syn_0001,2024-04-30T13:30:00Z,2024-04-30T20:00:00Z,43.66,43.88,42.86,43.47,896102,RAW,true,2024-04-30T20:15:00Z
bar-0002-20240430,1,inst_syn_0002,2024-04-30T13:30:00Z,2024-04-30T20:00:00Z,125.23,126.39,123.86,124.33,367630,RAW,true,2024-04-30T20:15:00Z
bar-0003-20240430,1,inst_syn_0003,2024-04-30T13:30:00Z,2024-04-30T20:00:00Z,33.55,34.26,33.03,33.38,2757663,RAW,true,2024-04-30T20:15:00Z
bar-0004-20240430,1,inst_syn_0004,2024-04-30T13:30:00Z,2024-04-30T20:00:00Z,57.35,57.79,57.30,57.52,1444879,RAW,true,2024-04-30T20:15:00Z
bar-0005-20240430,1,inst_syn_0005,2024-04-30T13:30:00Z,2024-04-30T20:00:00Z,97.72,98.92,97.10,97.74,697561,RAW,true,2024-04-30T20:15:00Z
bar-0006-20240430,1,inst_syn_0006,2024-04-30T13:30:00Z,2024-04-30T20:00:00Z,211.84,212.38,206.17,208.91,288935,RAW,true,2024-04-30T20:15:00Z
bar-0007-20240430,1,inst_syn_0007,2024-04-30T13:30:00Z,2024-04-30T20:00:00Z,17.65,18.02,17.55,17.98,3045510,RAW,true,2024-04-30T20:15:00Z
bar-0008-20240430,1,inst_syn_0008,2024-04-30T13:30:00Z,2024-04-30T20:00:00Z,61.84,62.55,60.97,61.03,563743,RAW,true,2024-04-30T20:15:00Z
bar-0009-20240430,1,inst_syn_0009,2024-04-30T13:30:00Z,2024-04-30T20:00:00Z,20.63,20.86,19.98,20.01,2264088,RAW,true,2024-04-30T20:15:00Z
bar-0011-20240430,1,inst_syn_0011,2024-04-30T13:30:00Z,2024-04-30T20:00:00Z,266.09,266.77,265.46,265.78,3433879,RAW,true,2024-04-30T20:15:00Z
bar-0012-20240430,1,inst_syn_0012,2024-04-30T13:30:00Z,2024-04-30T20:00:00Z,78.94,79.60,78.64,79.34,1175981,RAW,true,2024-04-30T20:15:00Z
bar-0001-20240501,1,inst_syn_0001,2024-05-01T13:30:00Z,2024-05-01T20:00:00Z,43.45,44.26,43.22,44.06,743859,RAW,true,2024-05-01T20:15:00Z
bar-0002-20240501,1,inst_syn_0002,2024-05-01T13:30:00Z,2024-05-01T20:00:00Z,125.04,125.06,124.89,124.98,324042,RAW,true,2024-05-01T20:15:00Z
bar-0003-20240501,1,inst_syn_0003,2024-05-01T13:30:00Z,2024-05-01T20:00:00Z,32.92,33.38,32.69,33.18,1714892,RAW,true,2024-05-01T20:15:00Z
bar-0004-20240501,1,inst_syn_0004,2024-05-01T13:30:00Z,2024-05-01T20:00:00Z,57.02,57.16,56.94,57.11,1461021,RAW,true,2024-05-01T20:15:00Z
bar-0005-20240501,1,inst_syn_0005,2024-05-01T13:30:00Z,2024-05-01T20:00:00Z,98.19,98.79,97.90,98.71,375793,RAW,true,2024-05-01T20:15:00Z
bar-0006-20240501,1,inst_syn_0006,2024-05-01T13:30:00Z,2024-05-01T20:00:00Z,208.96,211.69,206.57,209.18,238527,RAW,true,2024-05-01T20:15:00Z
bar-0007-20240501,1,inst_syn_0007,2024-05-01T13:30:00Z,2024-05-01T20:00:00Z,17.86,18.73,17.39,18.35,3356719,RAW,true,2024-05-01T20:15:00Z
bar-0008-20240501,1,inst_syn_0008,2024-05-01T13:30:00Z,2024-05-01T20:00:00Z,61.03,61.89,60.64,61.63,336609,RAW,true,2024-05-01T20:15:00Z
bar-0009-20240501,1,inst_syn_0009,2024-05-01T13:30:00Z,2024-05-01T20:00:00Z,20.17,20.49,19.66,19.85,951157,RAW,true,2024-05-01T20:15:00Z
bar-0011-20240501,1,inst_syn_0011,2024-05-01T13:30:00Z,2024-05-01T20:00:00Z,266.04,268.54,265.94,267.11,2337805,RAW,true,2024-05-01T20:15:00Z
bar-0012-20240501,1,inst_syn_0012,2024-05-01T13:30:00Z,2024-05-01T20:00:00Z,79.11,79.20,78.48,79.10,2048609,RAW,true,2024-05-01T20:15:00Z
bar-0001-20240502,1,inst_syn_0001,2024-05-02T13:30:00Z,2024-05-02T20:00:00Z,43.89,44.16,42.45,43.02,538631,RAW,true,2024-05-02T20:15:00Z
bar-0002-20240502,1,inst_syn_0002,2024-05-02T13:30:00Z,2024-05-02T20:00:00Z,124.24,125.58,124.15,125.50,266594,RAW,true,2024-05-02T20:15:00Z
bar-0003-20240502,1,inst_syn_0003,2024-05-02T13:30:00Z,2024-05-02T20:00:00Z,33.29,33.69,32.88,33.02,2027501,RAW,true,2024-05-02T20:15:00Z
bar-0004-20240502,1,inst_syn_0004,2024-05-02T13:30:00Z,2024-05-02T20:00:00Z,57.52,58.09,56.63,57.12,1391630,RAW,true,2024-05-02T20:15:00Z
bar-0005-20240502,1,inst_syn_0005,2024-05-02T13:30:00Z,2024-05-02T20:00:00Z,98.14,99.37,96.83,97.15,494018,RAW,true,2024-05-02T20:15:00Z
bar-0006-20240502,1,inst_syn_0006,2024-05-02T13:30:00Z,2024-05-02T20:00:00Z,207.84,210.20,207.40,208.73,252762,RAW,true,2024-05-02T20:15:00Z
bar-0007-20240502,1,inst_syn_0007,2024-05-02T13:30:00Z,2024-05-02T20:00:00Z,18.11,18.18,17.82,17.90,4360774,RAW,true,2024-05-02T20:15:00Z
bar-0008-20240502,1,inst_syn_0008,2024-05-02T13:30:00Z,2024-05-02T20:00:00Z,61.76,62.38,60.94,61.11,589545,RAW,true,2024-05-02T20:15:00Z
bar-0009-20240502,1,inst_syn_0009,2024-05-02T13:30:00Z,2024-05-02T20:00:00Z,19.89,20.06,19.51,19.69,716500,RAW,true,2024-05-02T20:15:00Z
bar-0011-20240502,1,inst_syn_0011,2024-05-02T13:30:00Z,2024-05-02T20:00:00Z,266.79,267.16,264.92,266.89,4777647,RAW,true,2024-05-02T20:15:00Z
bar-0012-20240502,1,inst_syn_0012,2024-05-02T13:30:00Z,2024-05-02T20:00:00Z,78.91,79.02,78.72,78.96,1468128,RAW,true,2024-05-02T20:15:00Z
bar-0001-20240503,1,inst_syn_0001,2024-05-03T13:30:00Z,2024-05-03T20:00:00Z,43.14,44.30,42.76,43.98,1089970,RAW,true,2024-05-03T20:15:00Z
bar-0002-20240503,1,inst_syn_0002,2024-05-03T13:30:00Z,2024-05-03T20:00:00Z,124.88,129.31,123.59,128.38,261591,RAW,true,2024-05-03T20:15:00Z
bar-0003-20240503,1,inst_syn_0003,2024-05-03T13:30:00Z,2024-05-03T20:00:00Z,33.18,33.68,33.04,33.25,2386984,RAW,true,2024-05-03T20:15:00Z
bar-0004-20240503,1,inst_syn_0004,2024-05-03T13:30:00Z,2024-05-03T20:00:00Z,57.28,57.65,57.06,57.24,1020662,RAW,true,2024-05-03T20:15:00Z
bar-0005-20240503,1,inst_syn_0005,2024-05-03T13:30:00Z,2024-05-03T20:00:00Z,97.14,97.88,96.90,97.80,685573,RAW,true,2024-05-03T20:15:00Z
bar-0006-20240503,1,inst_syn_0006,2024-05-03T13:30:00Z,2024-05-03T20:00:00Z,209.41,215.50,208.22,214.89,257378,RAW,true,2024-05-03T20:15:00Z
bar-0007-20240503,1,inst_syn_0007,2024-05-03T13:30:00Z,2024-05-03T20:00:00Z,17.97,18.26,17.76,17.87,3186633,RAW,true,2024-05-03T20:15:00Z
bar-0008-20240503,1,inst_syn_0008,2024-05-03T13:30:00Z,2024-05-03T20:00:00Z,61.51,61.84,61.13,61.71,168608,RAW,true,2024-05-03T20:15:00Z
bar-0009-20240503,1,inst_syn_0009,2024-05-03T13:30:00Z,2024-05-03T20:00:00Z,19.67,20.23,19.37,19.48,1380217,RAW,true,2024-05-03T20:15:00Z
bar-0011-20240503,1,inst_syn_0011,2024-05-03T13:30:00Z,2024-05-03T20:00:00Z,267.08,269.90,266.86,269.79,3812587,RAW,true,2024-05-03T20:15:00Z
bar-0012-20240503,1,inst_syn_0012,2024-05-03T13:30:00Z,2024-05-03T20:00:00Z,79.07,80.17,78.98,79.75,1589392,RAW,true,2024-05-03T20:15:00Z
bar-0001-20240506,1,inst_syn_0001,2024-05-06T13:30:00Z,2024-05-06T20:00:00Z,44.24,44.85,43.70,43.92,709814,RAW,true,2024-05-06T20:15:00Z
bar-0002-20240506,1,inst_syn_0002,2024-05-06T13:30:00Z,2024-05-06T20:00:00Z,128.09,128.51,127.23,128.11,317710,RAW,true,2024-05-06T20:15:00Z
bar-0003-20240506,1,inst_syn_0003,2024-05-06T13:30:00Z,2024-05-06T20:00:00Z,33.27,33.56,31.88,32.63,2573852,RAW,true,2024-05-06T20:15:00Z
bar-0004-20240506,1,inst_syn_0004,2024-05-06T13:30:00Z,2024-05-06T20:00:00Z,57.40,57.98,57.23,57.46,655472,RAW,true,2024-05-06T20:15:00Z
bar-0005-20240506,1,inst_syn_0005,2024-05-06T13:30:00Z,2024-05-06T20:00:00Z,97.80,98.33,95.52,96.18,480211,RAW,true,2024-05-06T20:15:00Z
bar-0006-20240506,1,inst_syn_0006,2024-05-06T13:30:00Z,2024-05-06T20:00:00Z,213.24,216.16,211.96,211.98,265835,RAW,true,2024-05-06T20:15:00Z
bar-0007-20240506,1,inst_syn_0007,2024-05-06T13:30:00Z,2024-05-06T20:00:00Z,18.10,18.33,16.97,17.47,2264081,RAW,true,2024-05-06T20:15:00Z
bar-0008-20240506,1,inst_syn_0008,2024-05-06T13:30:00Z,2024-05-06T20:00:00Z,61.87,61.95,61.21,61.61,433096,RAW,true,2024-05-06T20:15:00Z
bar-0009-20240506,1,inst_syn_0009,2024-05-06T13:30:00Z,2024-05-06T20:00:00Z,19.39,19.79,18.92,19.61,2224168,RAW,true,2024-05-06T20:15:00Z
bar-0011-20240506,1,inst_syn_0011,2024-05-06T13:30:00Z,2024-05-06T20:00:00Z,270.85,273.11,266.93,267.56,4410406,RAW,true,2024-05-06T20:15:00Z
bar-0012-20240506,1,inst_syn_0012,2024-05-06T13:30:00Z,2024-05-06T20:00:00Z,80.10,80.27,78.29,78.54,1847086,RAW,true,2024-05-06T20:15:00Z
bar-0001-20240507,1,inst_syn_0001,2024-05-07T13:30:00Z,2024-05-07T20:00:00Z,44.10,44.40,43.24,43.46,685301,RAW,true,2024-05-07T20:15:00Z
bar-0002-20240507,1,inst_syn_0002,2024-05-07T13:30:00Z,2024-05-07T20:00:00Z,126.85,127.08,126.48,126.76,404223,RAW,true,2024-05-07T20:15:00Z
bar-0003-20240507,1,inst_syn_0003,2024-05-07T13:30:00Z,2024-05-07T20:00:00Z,32.42,32.59,32.10,32.17,3225330,RAW,true,2024-05-07T20:15:00Z
bar-0004-20240507,1,inst_syn_0004,2024-05-07T13:30:00Z,2024-05-07T20:00:00Z,57.31,57.44,56.58,57.05,1023756,RAW,true,2024-05-07T20:15:00Z
bar-0005-20240507,1,inst_syn_0005,2024-05-07T13:30:00Z,2024-05-07T20:00:00Z,95.83,97.89,95.44,96.81,483816,RAW,true,2024-05-07T20:15:00Z
bar-0006-20240507,1,inst_syn_0006,2024-05-07T13:30:00Z,2024-05-07T20:00:00Z,209.61,210.88,207.50,208.03,376176,RAW,true,2024-05-07T20:15:00Z
bar-0007-20240507,1,inst_syn_0007,2024-05-07T13:30:00Z,2024-05-07T20:00:00Z,17.33,17.62,17.18,17.52,3085950,RAW,true,2024-05-07T20:15:00Z
bar-0008-20240507,1,inst_syn_0008,2024-05-07T13:30:00Z,2024-05-07T20:00:00Z,61.44,62.00,61.14,61.88,312169,RAW,true,2024-05-07T20:15:00Z
bar-0009-20240507,1,inst_syn_0009,2024-05-07T13:30:00Z,2024-05-07T20:00:00Z,19.47,19.85,18.98,19.00,1711625,RAW,true,2024-05-07T20:15:00Z
bar-0011-20240507,1,inst_syn_0011,2024-05-07T13:30:00Z,2024-05-07T20:00:00Z,268.26,269.13,268.00,268.15,4350197,RAW,true,2024-05-07T20:15:00Z
bar-0012-20240507,1,inst_syn_0012,2024-05-07T13:30:00Z,2024-05-07T20:00:00Z,78.37,78.51,77.57,78.18,2728479,RAW,true,2024-05-07T20:15:00Z
bar-0001-20240508,1,inst_syn_0001,2024-05-08T13:30:00Z,2024-05-08T20:00:00Z,43.12,43.60,41.80,41.94,758930,RAW,true,2024-05-08T20:15:00Z
bar-0002-20240508,1,inst_syn_0002,2024-05-08T13:30:00Z,2024-05-08T20:00:00Z,126.15,127.99,126.06,126.34,401344,RAW,true,2024-05-08T20:15:00Z
bar-0003-20240508,1,inst_syn_0003,2024-05-08T13:30:00Z,2024-05-08T20:00:00Z,31.82,32.66,31.73,32.53,2906322,RAW,true,2024-05-08T20:15:00Z
bar-0004-20240508,1,inst_syn_0004,2024-05-08T13:30:00Z,2024-05-08T20:00:00Z,57.54,57.96,56.24,56.36,872575,RAW,true,2024-05-08T20:15:00Z
bar-0005-20240508,1,inst_syn_0005,2024-05-08T13:30:00Z,2024-05-08T20:00:00Z,97.44,98.33,95.51,95.57,469753,RAW,true,2024-05-08T20:15:00Z
bar-0006-20240508,1,inst_syn_0006,2024-05-08T13:30:00Z,2024-05-08T20:00:00Z,208.42,213.62,207.98,211.93,290309,RAW,true,2024-05-08T20:15:00Z
bar-0007-20240508,1,inst_syn_0007,2024-05-08T13:30:00Z,2024-05-08T20:00:00Z,17.29,17.43,17.23,17.41,3105257,RAW,true,2024-05-08T20:15:00Z
bar-0008-20240508,1,inst_syn_0008,2024-05-08T13:30:00Z,2024-05-08T20:00:00Z,61.93,62.02,60.36,61.24,472676,RAW,true,2024-05-08T20:15:00Z
bar-0009-20240508,1,inst_syn_0009,2024-05-08T13:30:00Z,2024-05-08T20:00:00Z,18.96,19.80,18.64,19.49,2149553,RAW,true,2024-05-08T20:15:00Z
bar-0011-20240508,1,inst_syn_0011,2024-05-08T13:30:00Z,2024-05-08T20:00:00Z,268.88,269.50,265.87,266.28,3325059,RAW,true,2024-05-08T20:15:00Z
bar-0012-20240508,1,inst_syn_0012,2024-05-08T13:30:00Z,2024-05-08T20:00:00Z,78.44,78.68,77.31,77.57,1631309,RAW,true,2024-05-08T20:15:00Z
bar-0001-20240509,1,inst_syn_0001,2024-05-09T13:30:00Z,2024-05-09T20:00:00Z,41.70,43.26,41.27,42.94,1051854,RAW,true,2024-05-09T20:15:00Z
bar-0002-20240509,1,inst_syn_0002,2024-05-09T13:30:00Z,2024-05-09T20:00:00Z,127.55,128.18,127.01,127.97,253522,RAW,true,2024-05-09T20:15:00Z
bar-0003-20240509,1,inst_syn_0003,2024-05-09T13:30:00Z,2024-05-09T20:00:00Z,32.36,32.64,32.31,32.55,1523782,RAW,true,2024-05-09T20:15:00Z
bar-0004-20240509,1,inst_syn_0004,2024-05-09T13:30:00Z,2024-05-09T20:00:00Z,56.15,57.09,55.74,56.76,868527,RAW,true,2024-05-09T20:15:00Z
bar-0005-20240509,1,inst_syn_0005,2024-05-09T13:30:00Z,2024-05-09T20:00:00Z,95.61,97.12,94.66,96.69,385093,RAW,true,2024-05-09T20:15:00Z
bar-0006-20240509,1,inst_syn_0006,2024-05-09T13:30:00Z,2024-05-09T20:00:00Z,211.90,214.71,211.71,211.95,263140,RAW,true,2024-05-09T20:15:00Z
bar-0007-20240509,1,inst_syn_0007,2024-05-09T13:30:00Z,2024-05-09T20:00:00Z,17.07,18.16,16.69,17.99,4465935,RAW,true,2024-05-09T20:15:00Z
bar-0008-20240509,1,inst_syn_0008,2024-05-09T13:30:00Z,2024-05-09T20:00:00Z,61.30,61.71,60.30,60.95,480152,RAW,true,2024-05-09T20:15:00Z
bar-0009-20240509,1,inst_syn_0009,2024-05-09T13:30:00Z,2024-05-09T20:00:00Z,19.35,19.65,19.06,19.11,1708962,RAW,true,2024-05-09T20:15:00Z
bar-0011-20240509,1,inst_syn_0011,2024-05-09T13:30:00Z,2024-05-09T20:00:00Z,265.94,268.40,264.18,268.11,3733359,RAW,true,2024-05-09T20:15:00Z
bar-0012-20240509,1,inst_syn_0012,2024-05-09T13:30:00Z,2024-05-09T20:00:00Z,77.80,78.80,77.75,78.21,1965447,RAW,true,2024-05-09T20:15:00Z
bar-0001-20240510,1,inst_syn_0001,2024-05-10T13:30:00Z,2024-05-10T20:00:00Z,43.45,43.59,43.40,43.54,653721,RAW,true,2024-05-10T20:15:00Z
bar-0002-20240510,1,inst_syn_0002,2024-05-10T13:30:00Z,2024-05-10T20:00:00Z,127.66,129.00,126.61,128.21,424290,RAW,true,2024-05-10T20:15:00Z
bar-0003-20240510,1,inst_syn_0003,2024-05-10T13:30:00Z,2024-05-10T20:00:00Z,32.36,33.40,32.22,32.86,2070527,RAW,true,2024-05-10T20:15:00Z
bar-0004-20240510,1,inst_syn_0004,2024-05-10T13:30:00Z,2024-05-10T20:00:00Z,57.45,57.80,56.42,57.27,772291,RAW,true,2024-05-10T20:15:00Z
bar-0005-20240510,1,inst_syn_0005,2024-05-10T13:30:00Z,2024-05-10T20:00:00Z,97.07,98.10,96.76,97.45,564534,RAW,true,2024-05-10T20:15:00Z
bar-0006-20240510,1,inst_syn_0006,2024-05-10T13:30:00Z,2024-05-10T20:00:00Z,211.62,212.54,207.56,209.25,139511,RAW,true,2024-05-10T20:15:00Z
bar-0007-20240510,1,inst_syn_0007,2024-05-10T13:30:00Z,2024-05-10T20:00:00Z,18.08,18.47,17.80,18.34,4457358,RAW,true,2024-05-10T20:15:00Z
bar-0008-20240510,1,inst_syn_0008,2024-05-10T13:30:00Z,2024-05-10T20:00:00Z,60.89,63.06,60.74,62.43,528819,RAW,true,2024-05-10T20:15:00Z
bar-0009-20240510,1,inst_syn_0009,2024-05-10T13:30:00Z,2024-05-10T20:00:00Z,19.37,20.24,19.13,19.82,1558936,RAW,true,2024-05-10T20:15:00Z
bar-0011-20240510,1,inst_syn_0011,2024-05-10T13:30:00Z,2024-05-10T20:00:00Z,269.65,270.98,266.75,268.28,6845850,RAW,true,2024-05-10T20:15:00Z
bar-0012-20240510,1,inst_syn_0012,2024-05-10T13:30:00Z,2024-05-10T20:00:00Z,78.36,78.40,78.26,78.31,1464467,RAW,true,2024-05-10T20:15:00Z
bar-0001-20240513,1,inst_syn_0001,2024-05-13T13:30:00Z,2024-05-13T20:00:00Z,44.08,44.27,43.28,43.42,982056,RAW,true,2024-05-13T20:15:00Z
bar-0002-20240513,1,inst_syn_0002,2024-05-13T13:30:00Z,2024-05-13T20:00:00Z,127.53,129.82,126.72,126.80,377715,RAW,true,2024-05-13T20:15:00Z
bar-0003-20240513,1,inst_syn_0003,2024-05-13T13:30:00Z,2024-05-13T20:00:00Z,33.15,33.29,32.86,33.09,1173777,RAW,true,2024-05-13T20:15:00Z
bar-0004-20240513,1,inst_syn_0004,2024-05-13T13:30:00Z,2024-05-13T20:00:00Z,57.65,59.22,57.38,58.33,844701,RAW,true,2024-05-13T20:15:00Z
bar-0005-20240513,1,inst_syn_0005,2024-05-13T13:30:00Z,2024-05-13T20:00:00Z,97.67,98.38,95.64,96.10,712469,RAW,true,2024-05-13T20:15:00Z
bar-0006-20240513,1,inst_syn_0006,2024-05-13T13:30:00Z,2024-05-13T20:00:00Z,208.16,212.44,201.94,205.14,255681,RAW,true,2024-05-13T20:15:00Z
bar-0007-20240513,1,inst_syn_0007,2024-05-13T13:30:00Z,2024-05-13T20:00:00Z,18.56,18.87,18.43,18.57,3304808,RAW,true,2024-05-13T20:15:00Z
bar-0008-20240513,1,inst_syn_0008,2024-05-13T13:30:00Z,2024-05-13T20:00:00Z,62.26,63.16,61.76,62.72,488155,RAW,true,2024-05-13T20:15:00Z
bar-0009-20240513,1,inst_syn_0009,2024-05-13T13:30:00Z,2024-05-13T20:00:00Z,20.12,20.13,19.05,19.61,1904580,RAW,true,2024-05-13T20:15:00Z
bar-0011-20240513,1,inst_syn_0011,2024-05-13T13:30:00Z,2024-05-13T20:00:00Z,267.49,268.40,266.92,267.61,5087779,RAW,true,2024-05-13T20:15:00Z
bar-0012-20240513,1,inst_syn_0012,2024-05-13T13:30:00Z,2024-05-13T20:00:00Z,78.00,78.30,77.81,78.17,1632569,RAW,true,2024-05-13T20:15:00Z
bar-0001-20240514,1,inst_syn_0001,2024-05-14T13:30:00Z,2024-05-14T20:00:00Z,43.44,43.45,42.57,42.84,851908,RAW,true,2024-05-14T20:15:00Z
bar-0002-20240514,1,inst_syn_0002,2024-05-14T13:30:00Z,2024-05-14T20:00:00Z,126.24,128.79,125.48,128.42,485461,RAW,true,2024-05-14T20:15:00Z
bar-0003-20240514,1,inst_syn_0003,2024-05-14T13:30:00Z,2024-05-14T20:00:00Z,33.40,33.43,32.81,33.23,1713401,RAW,true,2024-05-14T20:15:00Z
bar-0004-20240514,1,inst_syn_0004,2024-05-14T13:30:00Z,2024-05-14T20:00:00Z,57.42,58.66,56.01,57.98,936484,RAW,true,2024-05-14T20:15:00Z
bar-0005-20240514,1,inst_syn_0005,2024-05-14T13:30:00Z,2024-05-14T20:00:00Z,95.59,95.92,94.15,94.97,586062,RAW,true,2024-05-14T20:15:00Z
bar-0006-20240514,1,inst_syn_0006,2024-05-14T13:30:00Z,2024-05-14T20:00:00Z,206.82,209.87,204.66,205.65,177153,RAW,true,2024-05-14T20:15:00Z
bar-0007-20240514,1,inst_syn_0007,2024-05-14T13:30:00Z,2024-05-14T20:00:00Z,18.75,18.94,18.51,18.58,3084555,RAW,true,2024-05-14T20:15:00Z
bar-0008-20240514,1,inst_syn_0008,2024-05-14T13:30:00Z,2024-05-14T20:00:00Z,63.13,63.96,61.53,61.74,279775,RAW,true,2024-05-14T20:15:00Z
bar-0009-20240514,1,inst_syn_0009,2024-05-14T13:30:00Z,2024-05-14T20:00:00Z,19.52,19.96,19.07,19.47,1746167,RAW,true,2024-05-14T20:15:00Z
bar-0011-20240514,1,inst_syn_0011,2024-05-14T13:30:00Z,2024-05-14T20:00:00Z,267.00,268.51,266.69,267.42,5382879,RAW,true,2024-05-14T20:15:00Z
bar-0012-20240514,1,inst_syn_0012,2024-05-14T13:30:00Z,2024-05-14T20:00:00Z,78.28,78.76,77.29,77.65,2536332,RAW,true,2024-05-14T20:15:00Z
bar-0001-20240515,1,inst_syn_0001,2024-05-15T13:30:00Z,2024-05-15T20:00:00Z,42.61,43.06,40.91,41.12,1071164,RAW,true,2024-05-15T20:15:00Z
bar-0002-20240515,1,inst_syn_0002,2024-05-15T13:30:00Z,2024-05-15T20:00:00Z,128.55,129.60,127.29,128.86,211224,RAW,true,2024-05-15T20:15:00Z
bar-0003-20240515,1,inst_syn_0003,2024-05-15T13:30:00Z,2024-05-15T20:00:00Z,33.40,33.43,32.33,32.35,2073332,RAW,true,2024-05-15T20:15:00Z
bar-0004-20240515,1,inst_syn_0004,2024-05-15T13:30:00Z,2024-05-15T20:00:00Z,57.85,58.00,56.48,56.92,949173,RAW,true,2024-05-15T20:15:00Z
bar-0005-20240515,1,inst_syn_0005,2024-05-15T13:30:00Z,2024-05-15T20:00:00Z,95.45,96.66,94.84,95.53,223601,RAW,true,2024-05-15T20:15:00Z
bar-0006-20240515,1,inst_syn_0006,2024-05-15T13:30:00Z,2024-05-15T20:00:00Z,204.21,207.05,200.50,202.98,285810,RAW,true,2024-05-15T20:15:00Z
bar-0007-20240515,1,inst_syn_0007,2024-05-15T13:30:00Z,2024-05-15T20:00:00Z,18.59,18.87,18.39,18.50,3496154,RAW,true,2024-05-15T20:15:00Z
bar-0008-20240515,1,inst_syn_0008,2024-05-15T13:30:00Z,2024-05-15T20:00:00Z,62.10,62.47,60.59,61.64,505973,RAW,true,2024-05-15T20:15:00Z
bar-0009-20240515,1,inst_syn_0009,2024-05-15T13:30:00Z,2024-05-15T20:00:00Z,19.40,19.59,18.62,19.34,1793784,RAW,true,2024-05-15T20:15:00Z
bar-0011-20240515,1,inst_syn_0011,2024-05-15T13:30:00Z,2024-05-15T20:00:00Z,267.33,268.16,263.32,264.49,3965354,RAW,true,2024-05-15T20:15:00Z
bar-0012-20240515,1,inst_syn_0012,2024-05-15T13:30:00Z,2024-05-15T20:00:00Z,77.53,77.63,75.94,76.60,1563230,RAW,true,2024-05-15T20:15:00Z
bar-0001-20240516,1,inst_syn_0001,2024-05-16T13:30:00Z,2024-05-16T20:00:00Z,41.12,41.84,40.59,41.24,718617,RAW,true,2024-05-16T20:15:00Z
bar-0002-20240516,1,inst_syn_0002,2024-05-16T13:30:00Z,2024-05-16T20:00:00Z,129.00,129.15,128.33,128.60,236158,RAW,true,2024-05-16T20:15:00Z
bar-0003-20240516,1,inst_syn_0003,2024-05-16T13:30:00Z,2024-05-16T20:00:00Z,32.60,32.91,32.34,32.61,2165144,RAW,true,2024-05-16T20:15:00Z
bar-0004-20240516,1,inst_syn_0004,2024-05-16T13:30:00Z,2024-05-16T20:00:00Z,56.99,57.34,55.84,56.35,910672,RAW,true,2024-05-16T20:15:00Z
bar-0005-20240516,1,inst_syn_0005,2024-05-16T13:30:00Z,2024-05-16T20:00:00Z,95.21,96.04,94.95,95.03,563960,RAW,true,2024-05-16T20:15:00Z
bar-0006-20240516,1,inst_syn_0006,2024-05-16T13:30:00Z,2024-05-16T20:00:00Z,203.69,205.07,199.92,200.44,354693,RAW,true,2024-05-16T20:15:00Z
bar-0007-20240516,1,inst_syn_0007,2024-05-16T13:30:00Z,2024-05-16T20:00:00Z,18.48,19.13,18.37,19.09,3681818,RAW,true,2024-05-16T20:15:00Z
bar-0008-20240516,1,inst_syn_0008,2024-05-16T13:30:00Z,2024-05-16T20:00:00Z,61.52,61.98,60.99,61.81,459484,RAW,true,2024-05-16T20:15:00Z
bar-0009-20240516,1,inst_syn_0009,2024-05-16T13:30:00Z,2024-05-16T20:00:00Z,19.49,19.77,19.32,19.59,1797932,RAW,true,2024-05-16T20:15:00Z
bar-0011-20240516,1,inst_syn_0011,2024-05-16T13:30:00Z,2024-05-16T20:00:00Z,263.85,264.03,263.66,263.88,5235363,RAW,true,2024-05-16T20:15:00Z
bar-0012-20240516,1,inst_syn_0012,2024-05-16T13:30:00Z,2024-05-16T20:00:00Z,76.45,76.75,76.31,76.37,1993998,RAW,true,2024-05-16T20:15:00Z
bar-0001-20240517,1,inst_syn_0001,2024-05-17T13:30:00Z,2024-05-17T20:00:00Z,40.75,44.28,40.67,43.18,1118131,RAW,true,2024-05-17T20:15:00Z
bar-0002-20240517,1,inst_syn_0002,2024-05-17T13:30:00Z,2024-05-17T20:00:00Z,130.83,133.29,129.64,129.65,746412,RAW,true,2024-05-17T20:15:00Z
bar-0003-20240517,1,inst_syn_0003,2024-05-17T13:30:00Z,2024-05-17T20:00:00Z,32.70,33.48,32.19,33.04,3525193,RAW,true,2024-05-17T20:15:00Z
bar-0004-20240517,1,inst_syn_0004,2024-05-17T13:30:00Z,2024-05-17T20:00:00Z,55.66,59.48,54.63,59.39,1538965,RAW,true,2024-05-17T20:15:00Z
bar-0005-20240517,1,inst_syn_0005,2024-05-17T13:30:00Z,2024-05-17T20:00:00Z,92.53,98.64,91.34,97.29,1344466,RAW,true,2024-05-17T20:15:00Z
bar-0006-20240517,1,inst_syn_0006,2024-05-17T13:30:00Z,2024-05-17T20:00:00Z,203.32,208.62,197.79,198.16,612252,RAW,true,2024-05-17T20:15:00Z
bar-0007-20240517,1,inst_syn_0007,2024-05-17T13:30:00Z,2024-05-17T20:00:00Z,18.72,20.45,18.42,19.52,7063017,RAW,true,2024-05-17T20:15:00Z
bar-0008-20240517,1,inst_syn_0008,2024-05-17T13:30:00Z,2024-05-17T20:00:00Z,62.35,65.40,60.63,63.75,1399096,RAW,true,2024-05-17T20:15:00Z
bar-0009-20240517,1,inst_syn_0009,2024-05-17T13:30:00Z,2024-05-17T20:00:00Z,19.35,21.49,19.07,21.45,4812774,RAW,true,2024-05-17T20:15:00Z
bar-0011-20240517,1,inst_syn_0011,2024-05-17T13:30:00Z,2024-05-17T20:00:00Z,265.40,273.61,263.40,268.35,7829921,RAW,true,2024-05-17T20:15:00Z
bar-0012-20240517,1,inst_syn_0012,2024-05-17T13:30:00Z,2024-05-17T20:00:00Z,77.74,79.39,77.10,78.50,4299519,RAW,true,2024-05-17T20:15:00Z
bar-0001-20240520,1,inst_syn_0001,2024-05-20T13:30:00Z,2024-05-20T20:00:00Z,44.55,44.69,42.70,44.37,2643430,RAW,true,2024-05-20T20:15:00Z
bar-0002-20240520,1,inst_syn_0002,2024-05-20T13:30:00Z,2024-05-20T20:00:00Z,129.65,130.41,129.27,129.36,843205,RAW,true,2024-05-20T20:15:00Z
bar-0003-20240520,1,inst_syn_0003,2024-05-20T13:30:00Z,2024-05-20T20:00:00Z,32.44,35.25,31.19,34.19,2908750,RAW,true,2024-05-20T20:15:00Z
bar-0004-20240520,1,inst_syn_0004,2024-05-20T13:30:00Z,2024-05-20T20:00:00Z,59.44,59.47,53.12,55.91,2425476,RAW,true,2024-05-20T20:15:00Z
bar-0005-20240520,1,inst_syn_0005,2024-05-20T13:30:00Z,2024-05-20T20:00:00Z,97.27,100.67,94.96,95.84,1361442,RAW,true,2024-05-20T20:15:00Z
bar-0006-20240520,1,inst_syn_0006,2024-05-20T13:30:00Z,2024-05-20T20:00:00Z,197.25,198.92,193.58,197.33,401125,RAW,true,2024-05-20T20:15:00Z
bar-0007-20240520,1,inst_syn_0007,2024-05-20T13:30:00Z,2024-05-20T20:00:00Z,19.89,20.37,18.69,18.76,6282655,RAW,true,2024-05-20T20:15:00Z
bar-0008-20240520,1,inst_syn_0008,2024-05-20T13:30:00Z,2024-05-20T20:00:00Z,64.57,64.69,62.95,64.15,701067,RAW,true,2024-05-20T20:15:00Z
bar-0009-20240520,1,inst_syn_0009,2024-05-20T13:30:00Z,2024-05-20T20:00:00Z,21.71,22.99,21.01,21.02,4654531,RAW,true,2024-05-20T20:15:00Z
bar-0011-20240520,1,inst_syn_0011,2024-05-20T13:30:00Z,2024-05-20T20:00:00Z,271.99,276.22,269.51,270.19,7954115,RAW,true,2024-05-20T20:15:00Z
bar-0012-20240520,1,inst_syn_0012,2024-05-20T13:30:00Z,2024-05-20T20:00:00Z,77.57,80.06,75.92,79.77,3276545,RAW,true,2024-05-20T20:15:00Z
bar-0001-20240521,1,inst_syn_0001,2024-05-21T13:30:00Z,2024-05-21T20:00:00Z,43.69,45.88,43.27,44.83,1797152,RAW,true,2024-05-21T20:15:00Z
bar-0002-20240521,1,inst_syn_0002,2024-05-21T13:30:00Z,2024-05-21T20:00:00Z,127.67,131.17,124.87,126.25,792032,RAW,true,2024-05-21T20:15:00Z
bar-0003-20240521,1,inst_syn_0003,2024-05-21T13:30:00Z,2024-05-21T20:00:00Z,34.42,36.49,33.58,35.48,6128676,RAW,true,2024-05-21T20:15:00Z
bar-0004-20240521,1,inst_syn_0004,2024-05-21T13:30:00Z,2024-05-21T20:00:00Z,54.02,59.32,52.93,58.89,2581300,RAW,true,2024-05-21T20:15:00Z
bar-0005-20240521,1,inst_syn_0005,2024-05-21T13:30:00Z,2024-05-21T20:00:00Z,95.65,96.81,91.93,93.30,907229,RAW,true,2024-05-21T20:15:00Z
bar-0006-20240521,1,inst_syn_0006,2024-05-21T13:30:00Z,2024-05-21T20:00:00Z,203.55,205.25,185.19,189.79,610358,RAW,true,2024-05-21T20:15:00Z
bar-0007-20240521,1,inst_syn_0007,2024-05-21T13:30:00Z,2024-05-21T20:00:00Z,18.91,19.84,16.69,17.68,9912230,RAW,true,2024-05-21T20:15:00Z
bar-0008-20240521,1,inst_syn_0008,2024-05-21T13:30:00Z,2024-05-21T20:00:00Z,64.13,64.86,61.48,63.19,1428953,RAW,true,2024-05-21T20:15:00Z
bar-0009-20240521,1,inst_syn_0009,2024-05-21T13:30:00Z,2024-05-21T20:00:00Z,20.96,21.59,19.19,19.73,5929893,RAW,true,2024-05-21T20:15:00Z
bar-0011-20240521,1,inst_syn_0011,2024-05-21T13:30:00Z,2024-05-21T20:00:00Z,267.31,269.93,263.76,265.91,12575170,RAW,true,2024-05-21T20:15:00Z
bar-0012-20240521,1,inst_syn_0012,2024-05-21T13:30:00Z,2024-05-21T20:00:00Z,80.64,81.38,76.32,79.35,3751345,RAW,true,2024-05-21T20:15:00Z
bar-0001-20240522,1,inst_syn_0001,2024-05-22T13:30:00Z,2024-05-22T20:00:00Z,44.10,45.29,43.37,44.65,1542055,RAW,true,2024-05-22T20:15:00Z
bar-0002-20240522,1,inst_syn_0002,2024-05-22T13:30:00Z,2024-05-22T20:00:00Z,128.73,133.01,128.27,132.80,981164,RAW,true,2024-05-22T20:15:00Z
bar-0003-20240522,1,inst_syn_0003,2024-05-22T13:30:00Z,2024-05-22T20:00:00Z,34.65,35.52,34.30,35.46,2784624,RAW,true,2024-05-22T20:15:00Z
bar-0004-20240522,1,inst_syn_0004,2024-05-22T13:30:00Z,2024-05-22T20:00:00Z,59.54,65.14,59.12,61.52,2660651,RAW,true,2024-05-22T20:15:00Z
bar-0005-20240522,1,inst_syn_0005,2024-05-22T13:30:00Z,2024-05-22T20:00:00Z,93.72,98.89,93.44,97.89,1686912,RAW,true,2024-05-22T20:15:00Z
bar-0006-20240522,1,inst_syn_0006,2024-05-22T13:30:00Z,2024-05-22T20:00:00Z,189.63,199.37,186.88,199.02,407645,RAW,true,2024-05-22T20:15:00Z
bar-0007-20240522,1,inst_syn_0007,2024-05-22T13:30:00Z,2024-05-22T20:00:00Z,17.24,17.87,16.68,17.16,7764749,RAW,true,2024-05-22T20:15:00Z
bar-0008-20240522,1,inst_syn_0008,2024-05-22T13:30:00Z,2024-05-22T20:00:00Z,63.63,65.87,62.86,64.40,1342762,RAW,true,2024-05-22T20:15:00Z
bar-0009-20240522,1,inst_syn_0009,2024-05-22T13:30:00Z,2024-05-22T20:00:00Z,19.54,21.25,19.26,21.18,4828928,RAW,true,2024-05-22T20:15:00Z
bar-0011-20240522,1,inst_syn_0011,2024-05-22T13:30:00Z,2024-05-22T20:00:00Z,265.85,270.35,261.57,270.31,12016232,RAW,true,2024-05-22T20:15:00Z
bar-0012-20240522,1,inst_syn_0012,2024-05-22T13:30:00Z,2024-05-22T20:00:00Z,79.20,82.46,78.80,81.20,4468959,RAW,true,2024-05-22T20:15:00Z
bar-0001-20240523,1,inst_syn_0001,2024-05-23T13:30:00Z,2024-05-23T20:00:00Z,43.65,44.47,42.46,44.15,1398726,RAW,true,2024-05-23T20:15:00Z
bar-0002-20240523,1,inst_syn_0002,2024-05-23T13:30:00Z,2024-05-23T20:00:00Z,134.14,137.06,126.94,132.05,567213,RAW,true,2024-05-23T20:15:00Z
bar-0003-20240523,1,inst_syn_0003,2024-05-23T13:30:00Z,2024-05-23T20:00:00Z,35.25,36.21,32.96,33.42,6275094,RAW,true,2024-05-23T20:15:00Z
bar-0004-20240523,1,inst_syn_0004,2024-05-23T13:30:00Z,2024-05-23T20:00:00Z,61.27,62.56,56.79,60.22,2649301,RAW,true,2024-05-23T20:15:00Z
bar-0005-20240523,1,inst_syn_0005,2024-05-23T13:30:00Z,2024-05-23T20:00:00Z,99.93,102.79,91.60,92.79,1413575,RAW,true,2024-05-23T20:15:00Z
bar-0006-20240523,1,inst_syn_0006,2024-05-23T13:30:00Z,2024-05-23T20:00:00Z,200.83,200.95,194.62,197.90,267946,RAW,true,2024-05-23T20:15:00Z
bar-0007-20240523,1,inst_syn_0007,2024-05-23T13:30:00Z,2024-05-23T20:00:00Z,18.19,18.62,17.57,18.42,8459587,RAW,true,2024-05-23T20:15:00Z
bar-0008-20240523,1,inst_syn_0008,2024-05-23T13:30:00Z,2024-05-23T20:00:00Z,64.79,64.80,63.70,63.84,915596,RAW,true,2024-05-23T20:15:00Z
bar-0009-20240523,1,inst_syn_0009,2024-05-23T13:30:00Z,2024-05-23T20:00:00Z,21.74,22.77,20.21,20.45,4411613,RAW,true,2024-05-23T20:15:00Z
bar-0011-20240523,1,inst_syn_0011,2024-05-23T13:30:00Z,2024-05-23T20:00:00Z,270.21,273.09,264.93,266.28,10341032,RAW,true,2024-05-23T20:15:00Z
bar-0012-20240523,1,inst_syn_0012,2024-05-23T13:30:00Z,2024-05-23T20:00:00Z,81.14,81.78,79.31,80.20,3189223,RAW,true,2024-05-23T20:15:00Z
bar-0001-20240524,1,inst_syn_0001,2024-05-24T13:30:00Z,2024-05-24T20:00:00Z,45.16,45.94,43.59,44.02,1374688,RAW,true,2024-05-24T20:15:00Z
bar-0002-20240524,1,inst_syn_0002,2024-05-24T13:30:00Z,2024-05-24T20:00:00Z,129.29,134.70,126.18,133.09,673119,RAW,true,2024-05-24T20:15:00Z
bar-0003-20240524,1,inst_syn_0003,2024-05-24T13:30:00Z,2024-05-24T20:00:00Z,33.31,34.44,32.91,34.01,5642667,RAW,true,2024-05-24T20:15:00Z
bar-0004-20240524,1,inst_syn_0004,2024-05-24T13:30:00Z,2024-05-24T20:00:00Z,60.27,60.33,58.16,58.27,2111998,RAW,true,2024-05-24T20:15:00Z
bar-0005-20240524,1,inst_syn_0005,2024-05-24T13:30:00Z,2024-05-24T20:00:00Z,93.64,96.56,93.36,96.09,1008017,RAW,true,2024-05-24T20:15:00Z
bar-0006-20240524,1,inst_syn_0006,2024-05-24T13:30:00Z,2024-05-24T20:00:00Z,200.98,210.69,195.62,207.35,901574,RAW,true,2024-05-24T20:15:00Z
bar-0007-20240524,1,inst_syn_0007,2024-05-24T13:30:00Z,2024-05-24T20:00:00Z,18.17,18.99,17.83,18.95,8928445,RAW,true,2024-05-24T20:15:00Z
bar-0008-20240524,1,inst_syn_0008,2024-05-24T13:30:00Z,2024-05-24T20:00:00Z,63.95,66.05,61.99,63.09,695045,RAW,true,2024-05-24T20:15:00Z
bar-0009-20240524,1,inst_syn_0009,2024-05-24T13:30:00Z,2024-05-24T20:00:00Z,20.72,21.54,18.54,20.02,3112785,RAW,true,2024-05-24T20:15:00Z
bar-0011-20240524,1,inst_syn_0011,2024-05-24T13:30:00Z,2024-05-24T20:00:00Z,263.47,268.92,260.74,268.67,5685647,RAW,true,2024-05-24T20:15:00Z
bar-0012-20240524,1,inst_syn_0012,2024-05-24T13:30:00Z,2024-05-24T20:00:00Z,79.73,81.52,78.70,81.29,3781601,RAW,true,2024-05-24T20:15:00Z
bar-0001-20240528,1,inst_syn_0001,2024-05-28T13:30:00Z,2024-05-28T20:00:00Z,42.22,44.82,41.64,44.39,2331558,RAW,true,2024-05-28T20:15:00Z
bar-0002-20240528,1,inst_syn_0002,2024-05-28T13:30:00Z,2024-05-28T20:00:00Z,135.92,139.77,133.83,137.21,745937,RAW,true,2024-05-28T20:15:00Z
bar-0003-20240528,1,inst_syn_0003,2024-05-28T13:30:00Z,2024-05-28T20:00:00Z,32.08,35.50,31.67,35.33,5027876,RAW,true,2024-05-28T20:15:00Z
bar-0004-20240528,1,inst_syn_0004,2024-05-28T13:30:00Z,2024-05-28T20:00:00Z,58.87,59.01,57.46,58.52,2349964,RAW,true,2024-05-28T20:15:00Z
bar-0005-20240528,1,inst_syn_0005,2024-05-28T13:30:00Z,2024-05-28T20:00:00Z,95.79,98.05,94.34,96.16,1422336,RAW,true,2024-05-28T20:15:00Z
bar-0006-20240528,1,inst_syn_0006,2024-05-28T13:30:00Z,2024-05-28T20:00:00Z,209.37,214.07,203.45,213.04,604858,RAW,true,2024-05-28T20:15:00Z
bar-0007-20240528,1,inst_syn_0007,2024-05-28T13:30:00Z,2024-05-28T20:00:00Z,19.44,19.72,18.84,19.32,5104899,RAW,true,2024-05-28T20:15:00Z
bar-0008-20240528,1,inst_syn_0008,2024-05-28T13:30:00Z,2024-05-28T20:00:00Z,62.67,63.48,61.21,62.32,496202,RAW,true,2024-05-28T20:15:00Z
bar-0009-20240528,1,inst_syn_0009,2024-05-28T13:30:00Z,2024-05-28T20:00:00Z,20.70,21.43,20.18,20.69,2386842,RAW,true,2024-05-28T20:15:00Z
bar-0011-20240528,1,inst_syn_0011,2024-05-28T13:30:00Z,2024-05-28T20:00:00Z,267.96,274.24,260.53,271.29,7981697,RAW,true,2024-05-28T20:15:00Z
bar-0012-20240528,1,inst_syn_0012,2024-05-28T13:30:00Z,2024-05-28T20:00:00Z,81.54,82.73,80.01,81.99,3447308,RAW,true,2024-05-28T20:15:00Z
bar-0001-20240529,1,inst_syn_0001,2024-05-29T13:30:00Z,2024-05-29T20:00:00Z,45.32,45.99,43.17,43.67,1837909,RAW,true,2024-05-29T20:15:00Z
bar-0002-20240529,1,inst_syn_0002,2024-05-29T13:30:00Z,2024-05-29T20:00:00Z,134.93,136.04,130.67,133.66,725776,RAW,true,2024-05-29T20:15:00Z
bar-0003-20240529,1,inst_syn_0003,2024-05-29T13:30:00Z,2024-05-29T20:00:00Z,35.65,36.78,34.17,34.56,5331481,RAW,true,2024-05-29T20:15:00Z
bar-0004-20240529,1,inst_syn_0004,2024-05-29T13:30:00Z,2024-05-29T20:00:00Z,59.64,59.70,55.67,57.72,2034013,RAW,true,2024-05-29T20:15:00Z
bar-0005-20240529,1,inst_syn_0005,2024-05-29T13:30:00Z,2024-05-29T20:00:00Z,100.03,103.08,93.28,95.70,1398346,RAW,true,2024-05-29T20:15:00Z
bar-0006-20240529,1,inst_syn_0006,2024-05-29T13:30:00Z,2024-05-29T20:00:00Z,210.10,213.87,203.63,204.24,756177,RAW,true,2024-05-29T20:15:00Z
bar-0007-20240529,1,inst_syn_0007,2024-05-29T13:30:00Z,2024-05-29T20:00:00Z,20.07,21.21,18.68,18.93,4421981,RAW,true,2024-05-29T20:15:00Z
bar-0008-20240529,1,inst_syn_0008,2024-05-29T13:30:00Z,2024-05-29T20:00:00Z,62.40,62.72,59.78,61.51,1387790,RAW,true,2024-05-29T20:15:00Z
bar-0009-20240529,1,inst_syn_0009,2024-05-29T13:30:00Z,2024-05-29T20:00:00Z,21.05,21.33,20.05,20.12,3873950,RAW,true,2024-05-29T20:15:00Z
bar-0011-20240529,1,inst_syn_0011,2024-05-29T13:30:00Z,2024-05-29T20:00:00Z,270.79,275.33,262.79,266.45,9708889,RAW,true,2024-05-29T20:15:00Z
bar-0012-20240529,1,inst_syn_0012,2024-05-29T13:30:00Z,2024-05-29T20:00:00Z,81.58,84.07,77.90,79.90,2910952,RAW,true,2024-05-29T20:15:00Z
bar-0001-20240530,1,inst_syn_0001,2024-05-30T13:30:00Z,2024-05-30T20:00:00Z,43.90,44.57,43.45,44.18,2134005,RAW,true,2024-05-30T20:15:00Z
bar-0002-20240530,1,inst_syn_0002,2024-05-30T13:30:00Z,2024-05-30T20:00:00Z,135.73,137.42,132.98,133.67,690361,RAW,true,2024-05-30T20:15:00Z
bar-0003-20240530,1,inst_syn_0003,2024-05-30T13:30:00Z,2024-05-30T20:00:00Z,34.19,36.02,34.03,35.33,4492054,RAW,true,2024-05-30T20:15:00Z
bar-0004-20240530,1,inst_syn_0004,2024-05-30T13:30:00Z,2024-05-30T20:00:00Z,57.53,58.11,56.11,56.72,2413367,RAW,true,2024-05-30T20:15:00Z
bar-0005-20240530,1,inst_syn_0005,2024-05-30T13:30:00Z,2024-05-30T20:00:00Z,97.11,98.95,93.22,95.50,675656,RAW,true,2024-05-30T20:15:00Z
bar-0006-20240530,1,inst_syn_0006,2024-05-30T13:30:00Z,2024-05-30T20:00:00Z,201.79,217.91,197.82,210.50,739444,RAW,true,2024-05-30T20:15:00Z
bar-0007-20240530,1,inst_syn_0007,2024-05-30T13:30:00Z,2024-05-30T20:00:00Z,19.65,20.10,18.97,19.71,4230032,RAW,true,2024-05-30T20:15:00Z
bar-0008-20240530,1,inst_syn_0008,2024-05-30T13:30:00Z,2024-05-30T20:00:00Z,63.09,63.69,60.93,62.29,1259543,RAW,true,2024-05-30T20:15:00Z
bar-0009-20240530,1,inst_syn_0009,2024-05-30T13:30:00Z,2024-05-30T20:00:00Z,20.33,21.27,19.24,20.41,3063014,RAW,true,2024-05-30T20:15:00Z
bar-0011-20240530,1,inst_syn_0011,2024-05-30T13:30:00Z,2024-05-30T20:00:00Z,267.08,267.82,266.79,267.41,7977420,RAW,true,2024-05-30T20:15:00Z
bar-0012-20240530,1,inst_syn_0012,2024-05-30T13:30:00Z,2024-05-30T20:00:00Z,79.54,81.23,78.70,79.95,2767430,RAW,true,2024-05-30T20:15:00Z
bar-0001-20240531,1,inst_syn_0001,2024-05-31T13:30:00Z,2024-05-31T20:00:00Z,45.72,45.88,42.84,43.78,2156761,RAW,true,2024-05-31T20:15:00Z
bar-0002-20240531,1,inst_syn_0002,2024-05-31T13:30:00Z,2024-05-31T20:00:00Z,135.46,136.71,128.30,129.50,740960,RAW,true,2024-05-31T20:15:00Z
bar-0003-20240531,1,inst_syn_0003,2024-05-31T13:30:00Z,2024-05-31T20:00:00Z,34.40,34.96,33.19,34.74,4693423,RAW,true,2024-05-31T20:15:00Z
bar-0004-20240531,1,inst_syn_0004,2024-05-31T13:30:00Z,2024-05-31T20:00:00Z,56.18,57.66,54.19,56.41,1845237,RAW,true,2024-05-31T20:15:00Z
bar-0005-20240531,1,inst_syn_0005,2024-05-31T13:30:00Z,2024-05-31T20:00:00Z,97.00,100.36,94.99,97.68,1387928,RAW,true,2024-05-31T20:15:00Z
bar-0006-20240531,1,inst_syn_0006,2024-05-31T13:30:00Z,2024-05-31T20:00:00Z,206.32,213.64,205.47,212.40,633358,RAW,true,2024-05-31T20:15:00Z
bar-0007-20240531,1,inst_syn_0007,2024-05-31T13:30:00Z,2024-05-31T20:00:00Z,18.53,18.94,18.36,18.72,6167767,RAW,true,2024-05-31T20:15:00Z
bar-0008-20240531,1,inst_syn_0008,2024-05-31T13:30:00Z,2024-05-31T20:00:00Z,60.90,62.47,60.13,60.29,857760,RAW,true,2024-05-31T20:15:00Z
bar-0009-20240531,1,inst_syn_0009,2024-05-31T13:30:00Z,2024-05-31T20:00:00Z,20.43,21.37,19.06,19.70,4466533,RAW,true,2024-05-31T20:15:00Z
bar-0011-20240531,1,inst_syn_0011,2024-05-31T13:30:00Z,2024-05-31T20:00:00Z,270.85,273.17,257.89,261.42,9618931,RAW,true,2024-05-31T20:15:00Z
bar-0012-20240531,1,inst_syn_0012,2024-05-31T13:30:00Z,2024-05-31T20:00:00Z,80.44,80.96,76.86,77.03,5292047,RAW,true,2024-05-31T20:15:00Z
bar-0001-20240603,1,inst_syn_0001,2024-06-03T13:30:00Z,2024-06-03T20:00:00Z,43.69,43.98,43.09,43.15,1900880,RAW,true,2024-06-03T20:15:00Z
bar-0002-20240603,1,inst_syn_0002,2024-06-03T13:30:00Z,2024-06-03T20:00:00Z,131.71,134.85,126.25,128.40,946701,RAW,true,2024-06-03T20:15:00Z
bar-0003-20240603,1,inst_syn_0003,2024-06-03T13:30:00Z,2024-06-03T20:00:00Z,34.43,35.83,33.01,33.35,6081477,RAW,true,2024-06-03T20:15:00Z
bar-0004-20240603,1,inst_syn_0004,2024-06-03T13:30:00Z,2024-06-03T20:00:00Z,56.36,58.53,54.68,54.97,2155689,RAW,true,2024-06-03T20:15:00Z
bar-0005-20240603,1,inst_syn_0005,2024-06-03T13:30:00Z,2024-06-03T20:00:00Z,99.87,100.35,94.97,95.68,573493,RAW,true,2024-06-03T20:15:00Z
bar-0006-20240603,1,inst_syn_0006,2024-06-03T13:30:00Z,2024-06-03T20:00:00Z,217.61,223.41,206.75,213.10,633375,RAW,true,2024-06-03T20:15:00Z
bar-0007-20240603,1,inst_syn_0007,2024-06-03T13:30:00Z,2024-06-03T20:00:00Z,18.15,19.94,17.66,19.30,7460087,RAW,true,2024-06-03T20:15:00Z
bar-0008-20240603,1,inst_syn_0008,2024-06-03T13:30:00Z,2024-06-03T20:00:00Z,60.78,61.63,60.25,61.56,1063149,RAW,true,2024-06-03T20:15:00Z
bar-0009-20240603,1,inst_syn_0009,2024-06-03T13:30:00Z,2024-06-03T20:00:00Z,20.07,21.01,17.72,17.82,4937084,RAW,true,2024-06-03T20:15:00Z
bar-0011-20240603,1,inst_syn_0011,2024-06-03T13:30:00Z,2024-06-03T20:00:00Z,256.19,257.87,249.56,256.03,9702847,RAW,true,2024-06-03T20:15:00Z
bar-0012-20240603,1,inst_syn_0012,2024-06-03T13:30:00Z,2024-06-03T20:00:00Z,77.37,79.72,75.01,75.91,4605205,RAW,true,2024-06-03T20:15:00Z
bar-0001-20240604,1,inst_syn_0001,2024-06-04T13:30:00Z,2024-06-04T20:00:00Z,43.72,44.98,43.59,44.06,1014173,RAW,true,2024-06-04T20:15:00Z
bar-0002-20240604,1,inst_syn_0002,2024-06-04T13:30:00Z,2024-06-04T20:00:00Z,129.34,132.35,126.40,132.30,960159,RAW,true,2024-06-04T20:15:00Z
bar-0003-20240604,1,inst_syn_0003,2024-06-04T13:30:00Z,2024-06-04T20:00:00Z,32.85,33.67,32.83,33.58,5971634,RAW,true,2024-06-04T20:15:00Z
bar-0004-20240604,1,inst_syn_0004,2024-06-04T13:30:00Z,2024-06-04T20:00:00Z,54.54,59.50,54.08,56.90,1682650,RAW,true,2024-06-04T20:15:00Z
bar-0005-20240604,1,inst_syn_0005,2024-06-04T13:30:00Z,2024-06-04T20:00:00Z,97.20,98.34,95.26,97.43,1020837,RAW,true,2024-06-04T20:15:00Z
bar-0006-20240604,1,inst_syn_0006,2024-06-04T13:30:00Z,2024-06-04T20:00:00Z,213.20,224.34,211.72,222.32,744921,RAW,true,2024-06-04T20:15:00Z
bar-0007-20240604,1,inst_syn_0007,2024-06-04T13:30:00Z,2024-06-04T20:00:00Z,19.75,20.44,19.30,19.44,5728943,RAW,true,2024-06-04T20:15:00Z
bar-0008-20240604,1,inst_syn_0008,2024-06-04T13:30:00Z,2024-06-04T20:00:00Z,62.25,62.71,61.62,61.83,1241497,RAW,true,2024-06-04T20:15:00Z
bar-0009-20240604,1,inst_syn_0009,2024-06-04T13:30:00Z,2024-06-04T20:00:00Z,17.21,18.30,16.56,17.76,3536553,RAW,true,2024-06-04T20:15:00Z
bar-0011-20240604,1,inst_syn_0011,2024-06-04T13:30:00Z,2024-06-04T20:00:00Z,254.85,260.40,254.68,257.25,13192795,RAW,true,2024-06-04T20:15:00Z
bar-0012-20240604,1,inst_syn_0012,2024-06-04T13:30:00Z,2024-06-04T20:00:00Z,75.88,77.04,73.78,75.48,3754064,RAW,true,2024-06-04T20:15:00Z
bar-0001-20240605,1,inst_syn_0001,2024-06-05T13:30:00Z,2024-06-05T20:00:00Z,44.81,48.35,44.76,46.57,1679576,RAW,true,2024-06-05T20:15:00Z
bar-0002-20240605,1,inst_syn_0002,2024-06-05T13:30:00Z,2024-06-05T20:00:00Z,131.20,136.60,130.88,134.24,921454,RAW,true,2024-06-05T20:15:00Z
bar-0003-20240605,1,inst_syn_0003,2024-06-05T13:30:00Z,2024-06-05T20:00:00Z,34.08,34.43,33.14,34.13,4397461,RAW,true,2024-06-05T20:15:00Z
bar-0004-20240605,1,inst_syn_0004,2024-06-05T13:30:00Z,2024-06-05T20:00:00Z,57.61,59.80,55.94,57.27,2440729,RAW,true,2024-06-05T20:15:00Z
bar-0005-20240605,1,inst_syn_0005,2024-06-05T13:30:00Z,2024-06-05T20:00:00Z,97.78,101.40,96.55,97.58,852159,RAW,true,2024-06-05T20:15:00Z
bar-0006-20240605,1,inst_syn_0006,2024-06-05T13:30:00Z,2024-06-05T20:00:00Z,224.18,230.87,215.54,218.43,760682,RAW,true,2024-06-05T20:15:00Z
bar-0007-20240605,1,inst_syn_0007,2024-06-05T13:30:00Z,2024-06-05T20:00:00Z,19.48,19.88,18.32,18.74,7369062,RAW,true,2024-06-05T20:15:00Z
bar-0008-20240605,1,inst_syn_0008,2024-06-05T13:30:00Z,2024-06-05T20:00:00Z,63.35,64.96,62.86,64.48,1336024,RAW,true,2024-06-05T20:15:00Z
bar-0009-20240605,1,inst_syn_0009,2024-06-05T13:30:00Z,2024-06-05T20:00:00Z,18.32,18.86,17.10,17.42,3458083,RAW,true,2024-06-05T20:15:00Z
bar-0011-20240605,1,inst_syn_0011,2024-06-05T13:30:00Z,2024-06-05T20:00:00Z,254.66,262.46,251.12,260.60,12505110,RAW,true,2024-06-05T20:15:00Z
bar-0012-20240605,1,inst_syn_0012,2024-06-05T13:30:00Z,2024-06-05T20:00:00Z,75.41,78.09,74.68,77.28,4532703,RAW,true,2024-06-05T20:15:00Z
bar-0001-20240606,1,inst_syn_0001,2024-06-06T13:30:00Z,2024-06-06T20:00:00Z,47.91,50.05,47.47,49.36,1777843,RAW,true,2024-06-06T20:15:00Z
bar-0002-20240606,1,inst_syn_0002,2024-06-06T13:30:00Z,2024-06-06T20:00:00Z,129.06,134.72,125.14,132.72,771722,RAW,true,2024-06-06T20:15:00Z
bar-0003-20240606,1,inst_syn_0003,2024-06-06T13:30:00Z,2024-06-06T20:00:00Z,33.79,34.62,33.29,34.17,3442297,RAW,true,2024-06-06T20:15:00Z
bar-0004-20240606,1,inst_syn_0004,2024-06-06T13:30:00Z,2024-06-06T20:00:00Z,56.89,60.58,55.99,57.26,1610874,RAW,true,2024-06-06T20:15:00Z
bar-0005-20240606,1,inst_syn_0005,2024-06-06T13:30:00Z,2024-06-06T20:00:00Z,97.70,101.56,97.63,101.27,940645,RAW,true,2024-06-06T20:15:00Z
bar-0006-20240606,1,inst_syn_0006,2024-06-06T13:30:00Z,2024-06-06T20:00:00Z,218.53,222.50,212.07,218.77,428932,RAW,true,2024-06-06T20:15:00Z
bar-0007-20240606,1,inst_syn_0007,2024-06-06T13:30:00Z,2024-06-06T20:00:00Z,19.07,20.25,18.26,19.96,7371669,RAW,true,2024-06-06T20:15:00Z
bar-0008-20240606,1,inst_syn_0008,2024-06-06T13:30:00Z,2024-06-06T20:00:00Z,65.46,67.21,65.11,66.29,732906,RAW,true,2024-06-06T20:15:00Z
bar-0009-20240606,1,inst_syn_0009,2024-06-06T13:30:00Z,2024-06-06T20:00:00Z,16.81,19.60,15.96,19.13,3503731,RAW,true,2024-06-06T20:15:00Z
bar-0011-20240606,1,inst_syn_0011,2024-06-06T13:30:00Z,2024-06-06T20:00:00Z,261.66,267.65,260.18,265.25,9422580,RAW,true,2024-06-06T20:15:00Z
bar-0012-20240606,1,inst_syn_0012,2024-06-06T13:30:00Z,2024-06-06T20:00:00Z,75.44,79.71,74.47,79.65,3654903,RAW,true,2024-06-06T20:15:00Z
bar-0001-20240607,1,inst_syn_0001,2024-06-07T13:30:00Z,2024-06-07T20:00:00Z,49.27,52.67,48.90,52.01,2104295,RAW,true,2024-06-07T20:15:00Z
bar-0002-20240607,1,inst_syn_0002,2024-06-07T13:30:00Z,2024-06-07T20:00:00Z,129.87,139.67,127.86,136.65,727342,RAW,true,2024-06-07T20:15:00Z
bar-0003-20240607,1,inst_syn_0003,2024-06-07T13:30:00Z,2024-06-07T20:00:00Z,34.25,34.42,34.06,34.08,5986540,RAW,true,2024-06-07T20:15:00Z
bar-0004-20240607,1,inst_syn_0004,2024-06-07T13:30:00Z,2024-06-07T20:00:00Z,55.70,59.05,54.26,58.07,2051383,RAW,true,2024-06-07T20:15:00Z
bar-0005-20240607,1,inst_syn_0005,2024-06-07T13:30:00Z,2024-06-07T20:00:00Z,99.90,103.48,99.14,101.74,971352,RAW,true,2024-06-07T20:15:00Z
bar-0006-20240607,1,inst_syn_0006,2024-06-07T13:30:00Z,2024-06-07T20:00:00Z,216.86,233.45,216.26,228.70,669858,RAW,true,2024-06-07T20:15:00Z
bar-0007-20240607,1,inst_syn_0007,2024-06-07T13:30:00Z,2024-06-07T20:00:00Z,20.48,21.88,20.14,21.60,6255173,RAW,true,2024-06-07T20:15:00Z
bar-0008-20240607,1,inst_syn_0008,2024-06-07T13:30:00Z,2024-06-07T20:00:00Z,65.35,68.81,63.77,67.44,874002,RAW,true,2024-06-07T20:15:00Z
bar-0009-20240607,1,inst_syn_0009,2024-06-07T13:30:00Z,2024-06-07T20:00:00Z,19.38,19.46,18.58,19.41,3973071,RAW,true,2024-06-07T20:15:00Z
bar-0011-20240607,1,inst_syn_0011,2024-06-07T13:30:00Z,2024-06-07T20:00:00Z,263.19,271.42,258.65,269.79,9001086,RAW,true,2024-06-07T20:15:00Z
bar-0012-20240607,1,inst_syn_0012,2024-06-07T13:30:00Z,2024-06-07T20:00:00Z,80.06,80.55,79.64,80.39,3390376,RAW,true,2024-06-07T20:15:00Z
bar-0001-20240610,1,inst_syn_0001,2024-06-10T13:30:00Z,2024-06-10T20:00:00Z,53.86,55.69,50.12,50.37,2403388,RAW,true,2024-06-10T20:15:00Z
bar-0002-20240610,1,inst_syn_0002,2024-06-10T13:30:00Z,2024-06-10T20:00:00Z,139.40,139.97,137.30,138.26,1033926,RAW,true,2024-06-10T20:15:00Z
bar-0003-20240610,1,inst_syn_0003,2024-06-10T13:30:00Z,2024-06-10T20:00:00Z,33.47,34.35,32.36,34.15,4139235,RAW,true,2024-06-10T20:15:00Z
bar-0004-20240610,1,inst_syn_0004,2024-06-10T13:30:00Z,2024-06-10T20:00:00Z,59.70,61.39,58.02,58.13,1984344,RAW,true,2024-06-10T20:15:00Z
bar-0005-20240610,1,inst_syn_0005,2024-06-10T13:30:00Z,2024-06-10T20:00:00Z,100.45,106.23,97.22,104.18,1342833,RAW,true,2024-06-10T20:15:00Z
bar-0006-20240610,1,inst_syn_0006,2024-06-10T13:30:00Z,2024-06-10T20:00:00Z,232.44,235.34,226.24,227.37,390992,RAW,true,2024-06-10T20:15:00Z
bar-0007-20240610,1,inst_syn_0007,2024-06-10T13:30:00Z,2024-06-10T20:00:00Z,21.34,23.02,20.90,22.12,8886824,RAW,true,2024-06-10T20:15:00Z
bar-0008-20240610,1,inst_syn_0008,2024-06-10T13:30:00Z,2024-06-10T20:00:00Z,67.63,67.65,67.11,67.33,893149,RAW,true,2024-06-10T20:15:00Z
bar-0009-20240610,1,inst_syn_0009,2024-06-10T13:30:00Z,2024-06-10T20:00:00Z,18.73,18.83,17.43,18.22,3807476,RAW,true,2024-06-10T20:15:00Z
bar-0011-20240610,1,inst_syn_0011,2024-06-10T13:30:00Z,2024-06-10T20:00:00Z,274.00,278.15,265.75,266.84,8502080,RAW,true,2024-06-10T20:15:00Z
bar-0012-20240610,1,inst_syn_0012,2024-06-10T13:30:00Z,2024-06-10T20:00:00Z,79.25,81.15,78.96,79.65,4135228,RAW,true,2024-06-10T20:15:00Z
bar-0001-20240611,1,inst_syn_0001,2024-06-11T13:30:00Z,2024-06-11T20:00:00Z,49.41,50.28,48.04,48.45,2109572,RAW,true,2024-06-11T20:15:00Z
bar-0002-20240611,1,inst_syn_0002,2024-06-11T13:30:00Z,2024-06-11T20:00:00Z,134.15,139.62,128.55,136.68,627526,RAW,true,2024-06-11T20:15:00Z
bar-0003-20240611,1,inst_syn_0003,2024-06-11T13:30:00Z,2024-06-11T20:00:00Z,35.84,35.98,33.35,34.80,4189646,RAW,true,2024-06-11T20:15:00Z
bar-0004-20240611,1,inst_syn_0004,2024-06-11T13:30:00Z,2024-06-11T20:00:00Z,58.50,60.03,54.45,55.44,2817105,RAW,true,2024-06-11T20:15:00Z
bar-0005-20240611,1,inst_syn_0005,2024-06-11T13:30:00Z,2024-06-11T20:00:00Z,104.15,105.42,99.47,101.79,1277363,RAW,true,2024-06-11T20:15:00Z
bar-0006-20240611,1,inst_syn_0006,2024-06-11T13:30:00Z,2024-06-11T20:00:00Z,223.09,235.41,218.18,233.36,648702,RAW,true,2024-06-11T20:15:00Z
bar-0007-20240611,1,inst_syn_0007,2024-06-11T13:30:00Z,2024-06-11T20:00:00Z,21.77,23.93,20.42,22.61,5208720,RAW,true,2024-06-11T20:15:00Z
bar-0008-20240611,1,inst_syn_0008,2024-06-11T13:30:00Z,2024-06-11T20:00:00Z,66.39,67.38,65.12,66.96,623688,RAW,true,2024-06-11T20:15:00Z
bar-0009-20240611,1,inst_syn_0009,2024-06-11T13:30:00Z,2024-06-11T20:00:00Z,18.16,19.30,17.76,17.95,3007399,RAW,true,2024-06-11T20:15:00Z
bar-0011-20240611,1,inst_syn_0011,2024-06-11T13:30:00Z,2024-06-11T20:00:00Z,266.82,270.03,266.67,267.97,10510761,RAW,true,2024-06-11T20:15:00Z
bar-0012-20240611,1,inst_syn_0012,2024-06-11T13:30:00Z,2024-06-11T20:00:00Z,79.21,79.62,77.53,77.75,6433197,RAW,true,2024-06-11T20:15:00Z
bar-0001-20240612,1,inst_syn_0001,2024-06-12T13:30:00Z,2024-06-12T20:00:00Z,47.60,49.05,46.26,46.71,2357935,RAW,true,2024-06-12T20:15:00Z
bar-0002-20240612,1,inst_syn_0002,2024-06-12T13:30:00Z,2024-06-12T20:00:00Z,135.92,140.43,133.23,134.76,548956,RAW,true,2024-06-12T20:15:00Z
bar-0003-20240612,1,inst_syn_0003,2024-06-12T13:30:00Z,2024-06-12T20:00:00Z,33.55,34.82,31.50,33.59,7118885,RAW,true,2024-06-12T20:15:00Z
bar-0004-20240612,1,inst_syn_0004,2024-06-12T13:30:00Z,2024-06-12T20:00:00Z,55.90,56.31,53.08,53.61,2581926,RAW,true,2024-06-12T20:15:00Z
bar-0005-20240612,1,inst_syn_0005,2024-06-12T13:30:00Z,2024-06-12T20:00:00Z,101.67,104.26,98.04,98.96,1558274,RAW,true,2024-06-12T20:15:00Z
bar-0006-20240612,1,inst_syn_0006,2024-06-12T13:30:00Z,2024-06-12T20:00:00Z,228.38,239.46,220.25,236.63,652697,RAW,true,2024-06-12T20:15:00Z
bar-0007-20240612,1,inst_syn_0007,2024-06-12T13:30:00Z,2024-06-12T20:00:00Z,22.75,23.63,21.69,22.26,9143929,RAW,true,2024-06-12T20:15:00Z
bar-0008-20240612,1,inst_syn_0008,2024-06-12T13:30:00Z,2024-06-12T20:00:00Z,65.40,65.95,64.01,64.19,680590,RAW,true,2024-06-12T20:15:00Z
bar-0009-20240612,1,inst_syn_0009,2024-06-12T13:30:00Z,2024-06-12T20:00:00Z,18.19,19.28,16.81,17.50,2576374,RAW,true,2024-06-12T20:15:00Z
bar-0011-20240612,1,inst_syn_0011,2024-06-12T13:30:00Z,2024-06-12T20:00:00Z,272.47,277.08,262.74,265.00,11198306,RAW,true,2024-06-12T20:15:00Z
bar-0012-20240612,1,inst_syn_0012,2024-06-12T13:30:00Z,2024-06-12T20:00:00Z,77.20,78.23,74.52,76.72,3557180,RAW,true,2024-06-12T20:15:00Z
bar-0001-20240613,1,inst_syn_0001,2024-06-13T13:30:00Z,2024-06-13T20:00:00Z,47.11,48.01,46.67,47.48,1669041,RAW,true,2024-06-13T20:15:00Z
bar-0002-20240613,1,inst_syn_0002,2024-06-13T13:30:00Z,2024-06-13T20:00:00Z,132.68,140.33,130.05,138.31,625823,RAW,true,2024-06-13T20:15:00Z
bar-0003-20240613,1,inst_syn_0003,2024-06-13T13:30:00Z,2024-06-13T20:00:00Z,33.56,36.31,33.50,35.08,5237163,RAW,true,2024-06-13T20:15:00Z
bar-0004-20240613,1,inst_syn_0004,2024-06-13T13:30:00Z,2024-06-13T20:00:00Z,56.49,57.75,53.68,53.92,2626561,RAW,true,2024-06-13T20:15:00Z
bar-0005-20240613,1,inst_syn_0005,2024-06-13T13:30:00Z,2024-06-13T20:00:00Z,97.25,103.58,96.50,101.93,708606,RAW,true,2024-06-13T20:15:00Z
bar-0006-20240613,1,inst_syn_0006,2024-06-13T13:30:00Z,2024-06-13T20:00:00Z,234.22,243.23,231.02,242.79,667255,RAW,true,2024-06-13T20:15:00Z
bar-0007-20240613,1,inst_syn_0007,2024-06-13T13:30:00Z,2024-06-13T20:00:00Z,21.87,24.57,21.48,24.45,6819703,RAW,true,2024-06-13T20:15:00Z
bar-0008-20240613,1,inst_syn_0008,2024-06-13T13:30:00Z,2024-06-13T20:00:00Z,63.90,64.93,60.46,61.74,1430830,RAW,true,2024-06-13T20:15:00Z
bar-0009-20240613,1,inst_syn_0009,2024-06-13T13:30:00Z,2024-06-13T20:00:00Z,17.86,19.11,17.77,18.98,3126740,RAW,true,2024-06-13T20:15:00Z
bar-0011-20240613,1,inst_syn_0011,2024-06-13T13:30:00Z,2024-06-13T20:00:00Z,266.63,278.89,265.87,274.13,12135069,RAW,true,2024-06-13T20:15:00Z
bar-0012-20240613,1,inst_syn_0012,2024-06-13T13:30:00Z,2024-06-13T20:00:00Z,77.71,79.44,76.55,79.19,3285362,RAW,true,2024-06-13T20:15:00Z
bar-0001-20240614,1,inst_syn_0001,2024-06-14T13:30:00Z,2024-06-14T20:00:00Z,46.92,49.34,46.43,47.62,1258002,RAW,true,2024-06-14T20:15:00Z
bar-0002-20240614,1,inst_syn_0002,2024-06-14T13:30:00Z,2024-06-14T20:00:00Z,138.99,144.74,137.52,142.04,767846,RAW,true,2024-06-14T20:15:00Z
bar-0003-20240614,1,inst_syn_0003,2024-06-14T13:30:00Z,2024-06-14T20:00:00Z,35.54,36.86,35.51,36.26,2717808,RAW,true,2024-06-14T20:15:00Z
bar-0004-20240614,1,inst_syn_0004,2024-06-14T13:30:00Z,2024-06-14T20:00:00Z,53.80,54.45,51.41,52.63,1922552,RAW,true,2024-06-14T20:15:00Z
bar-0005-20240614,1,inst_syn_0005,2024-06-14T13:30:00Z,2024-06-14T20:00:00Z,101.69,104.37,100.07,103.11,1143934,RAW,true,2024-06-14T20:15:00Z
bar-0006-20240614,1,inst_syn_0006,2024-06-14T13:30:00Z,2024-06-14T20:00:00Z,236.53,246.97,234.22,238.19,697947,RAW,true,2024-06-14T20:15:00Z
bar-0007-20240614,1,inst_syn_0007,2024-06-14T13:30:00Z,2024-06-14T20:00:00Z,25.03,25.06,23.86,23.88,8075339,RAW,true,2024-06-14T20:15:00Z
bar-0008-20240614,1,inst_syn_0008,2024-06-14T13:30:00Z,2024-06-14T20:00:00Z,62.13,62.49,58.72,60.59,761383,RAW,true,2024-06-14T20:15:00Z
bar-0009-20240614,1,inst_syn_0009,2024-06-14T13:30:00Z,2024-06-14T20:00:00Z,18.88,19.12,18.02,18.19,2427290,RAW,true,2024-06-14T20:15:00Z
bar-0011-20240614,1,inst_syn_0011,2024-06-14T13:30:00Z,2024-06-14T20:00:00Z,271.45,278.35,267.99,273.59,11111204,RAW,true,2024-06-14T20:15:00Z
bar-0012-20240614,1,inst_syn_0012,2024-06-14T13:30:00Z,2024-06-14T20:00:00Z,79.05,79.52,77.47,78.96,2806297,RAW,true,2024-06-14T20:15:00Z
bar-0001-20240617,1,inst_syn_0001,2024-06-17T13:30:00Z,2024-06-17T20:00:00Z,47.28,51.93,46.52,50.08,1380938,RAW,true,2024-06-17T20:15:00Z
bar-0002-20240617,1,inst_syn_0002,2024-06-17T13:30:00Z,2024-06-17T20:00:00Z,141.35,146.85,137.51,145.14,314307,RAW,true,2024-06-17T20:15:00Z
bar-0003-20240617,1,inst_syn_0003,2024-06-17T13:30:00Z,2024-06-17T20:00:00Z,36.45,38.62,33.74,38.29,4271099,RAW,true,2024-06-17T20:15:00Z
bar-0004-20240617,1,inst_syn_0004,2024-06-17T13:30:00Z,2024-06-17T20:00:00Z,52.49,56.04,48.31,54.28,2430674,RAW,true,2024-06-17T20:15:00Z
bar-0005-20240617,1,inst_syn_0005,2024-06-17T13:30:00Z,2024-06-17T20:00:00Z,101.46,109.82,98.87,106.97,1090956,RAW,true,2024-06-17T20:15:00Z
bar-0006-20240617,1,inst_syn_0006,2024-06-17T13:30:00Z,2024-06-17T20:00:00Z,236.63,258.33,232.70,247.84,565365,RAW,true,2024-06-17T20:15:00Z
bar-0007-20240617,1,inst_syn_0007,2024-06-17T13:30:00Z,2024-06-17T20:00:00Z,23.74,27.53,23.05,26.11,8677789,RAW,true,2024-06-17T20:15:00Z
bar-0008-20240617,1,inst_syn_0008,2024-06-17T13:30:00Z,2024-06-17T20:00:00Z,62.45,64.06,61.32,61.55,982807,RAW,true,2024-06-17T20:15:00Z
bar-0009-20240617,1,inst_syn_0009,2024-06-17T13:30:00Z,2024-06-17T20:00:00Z,18.15,20.01,17.70,19.50,2500705,RAW,true,2024-06-17T20:15:00Z
bar-0011-20240617,1,inst_syn_0011,2024-06-17T13:30:00Z,2024-06-17T20:00:00Z,277.91,282.01,274.71,281.91,8280362,RAW,true,2024-06-17T20:15:00Z
bar-0012-20240617,1,inst_syn_0012,2024-06-17T13:30:00Z,2024-06-17T20:00:00Z,78.61,81.27,78.52,80.91,4899469,RAW,true,2024-06-17T20:15:00Z
bar-0001-20240618,1,inst_syn_0001,2024-06-18T13:30:00Z,2024-06-18T20:00:00Z,50.25,50.53,48.51,48.88,2134578,RAW,true,2024-06-18T20:15:00Z
bar-0002-20240618,1,inst_syn_0002,2024-06-18T13:30:00Z,2024-06-18T20:00:00Z,143.33,144.15,141.54,143.50,932854,RAW,true,2024-06-18T20:15:00Z
bar-0003-20240618,1,inst_syn_0003,2024-06-18T13:30:00Z,2024-06-18T20:00:00Z,36.38,38.79,35.99,38.49,4789303,RAW,true,2024-06-18T20:15:00Z
bar-0004-20240618,1,inst_syn_0004,2024-06-18T13:30:00Z,2024-06-18T20:00:00Z,55.11,55.61,51.42,53.48,1446744,RAW,true,2024-06-18T20:15:00Z
bar-0005-20240618,1,inst_syn_0005,2024-06-18T13:30:00Z,2024-06-18T20:00:00Z,108.10,109.21,103.17,103.24,903636,RAW,true,2024-06-18T20:15:00Z
bar-0006-20240618,1,inst_syn_0006,2024-06-18T13:30:00Z,2024-06-18T20:00:00Z,250.84,253.69,232.19,232.89,523129,RAW,true,2024-06-18T20:15:00Z
bar-0007-20240618,1,inst_syn_0007,2024-06-18T13:30:00Z,2024-06-18T20:00:00Z,26.62,27.14,23.45,25.17,4953356,RAW,true,2024-06-18T20:15:00Z
bar-0008-20240618,1,inst_syn_0008,2024-06-18T13:30:00Z,2024-06-18T20:00:00Z,63.70,64.00,59.74,61.02,729550,RAW,true,2024-06-18T20:15:00Z
bar-0009-20240618,1,inst_syn_0009,2024-06-18T13:30:00Z,2024-06-18T20:00:00Z,18.93,21.18,17.37,20.06,4963200,RAW,true,2024-06-18T20:15:00Z
bar-0011-20240618,1,inst_syn_0011,2024-06-18T13:30:00Z,2024-06-18T20:00:00Z,282.54,284.90,277.23,277.75,13053393,RAW,true,2024-06-18T20:15:00Z
bar-0012-20240618,1,inst_syn_0012,2024-06-18T13:30:00Z,2024-06-18T20:00:00Z,82.54,83.62,79.23,79.59,2240336,RAW,true,2024-06-18T20:15:00Z
bar-0001-20240620,1,inst_syn_0001,2024-06-20T13:30:00Z,2024-06-20T20:00:00Z,46.84,47.01,46.70,46.95,1389917,RAW,true,2024-06-20T20:15:00Z
bar-0002-20240620,1,inst_syn_0002,2024-06-20T13:30:00Z,2024-06-20T20:00:00Z,143.25,147.34,141.57,147.01,456998,RAW,true,2024-06-20T20:15:00Z
bar-0003-20240620,1,inst_syn_0003,2024-06-20T13:30:00Z,2024-06-20T20:00:00Z,39.85,40.79,37.00,37.99,5010171,RAW,true,2024-06-20T20:15:00Z
bar-0004-20240620,1,inst_syn_0004,2024-06-20T13:30:00Z,2024-06-20T20:00:00Z,54.23,56.36,53.12,54.81,2371893,RAW,true,2024-06-20T20:15:00Z
bar-0005-20240620,1,inst_syn_0005,2024-06-20T13:30:00Z,2024-06-20T20:00:00Z,100.10,100.98,97.65,98.48,1306566,RAW,true,2024-06-20T20:15:00Z
bar-0006-20240620,1,inst_syn_0006,2024-06-20T13:30:00Z,2024-06-20T20:00:00Z,234.97,240.68,233.09,235.46,613180,RAW,true,2024-06-20T20:15:00Z
bar-0007-20240620,1,inst_syn_0007,2024-06-20T13:30:00Z,2024-06-20T20:00:00Z,24.49,24.53,23.40,24.03,10851567,RAW,true,2024-06-20T20:15:00Z
bar-0008-20240620,1,inst_syn_0008,2024-06-20T13:30:00Z,2024-06-20T20:00:00Z,61.07,62.45,60.07,61.31,413696,RAW,true,2024-06-20T20:15:00Z
bar-0009-20240620,1,inst_syn_0009,2024-06-20T13:30:00Z,2024-06-20T20:00:00Z,19.79,20.18,17.97,19.07,3769287,RAW,true,2024-06-20T20:15:00Z
bar-0011-20240620,1,inst_syn_0011,2024-06-20T13:30:00Z,2024-06-20T20:00:00Z,273.67,281.24,272.41,278.07,12118735,RAW,true,2024-06-20T20:15:00Z
bar-0012-20240620,1,inst_syn_0012,2024-06-20T13:30:00Z,2024-06-20T20:00:00Z,80.88,81.74,76.93,78.59,3941054,RAW,true,2024-06-20T20:15:00Z
bar-0001-20240621,1,inst_syn_0001,2024-06-21T13:30:00Z,2024-06-21T20:00:00Z,46.42,46.61,44.07,45.77,2048047,RAW,true,2024-06-21T20:15:00Z
bar-0002-20240621,1,inst_syn_0002,2024-06-21T13:30:00Z,2024-06-21T20:00:00Z,145.64,146.27,141.59,143.78,598613,RAW,true,2024-06-21T20:15:00Z
bar-0003-20240621,1,inst_syn_0003,2024-06-21T13:30:00Z,2024-06-21T20:00:00Z,38.55,39.58,34.74,35.44,5604177,RAW,true,2024-06-21T20:15:00Z
bar-0004-20240621,1,inst_syn_0004,2024-06-21T13:30:00Z,2024-06-21T20:00:00Z,53.88,54.77,51.64,51.94,1776099,RAW,true,2024-06-21T20:15:00Z
bar-0005-20240621,1,inst_syn_0005,2024-06-21T13:30:00Z,2024-06-21T20:00:00Z,98.86,101.90,92.68,96.76,1340113,RAW,true,2024-06-21T20:15:00Z
bar-0006-20240621,1,inst_syn_0006,2024-06-21T13:30:00Z,2024-06-21T20:00:00Z,233.47,239.89,227.93,237.01,497269,RAW,true,2024-06-21T20:15:00Z
bar-0007-20240621,1,inst_syn_0007,2024-06-21T13:30:00Z,2024-06-21T20:00:00Z,24.62,26.98,23.62,23.84,4642503,RAW,true,2024-06-21T20:15:00Z
bar-0008-20240621,1,inst_syn_0008,2024-06-21T13:30:00Z,2024-06-21T20:00:00Z,60.99,61.71,57.78,59.21,1595819,RAW,true,2024-06-21T20:15:00Z
bar-0009-20240621,1,inst_syn_0009,2024-06-21T13:30:00Z,2024-06-21T20:00:00Z,18.35,18.65,17.07,17.41,3264215,RAW,true,2024-06-21T20:15:00Z
bar-0011-20240621,1,inst_syn_0011,2024-06-21T13:30:00Z,2024-06-21T20:00:00Z,278.51,279.28,259.24,266.06,12673809,RAW,true,2024-06-21T20:15:00Z
bar-0012-20240621,1,inst_syn_0012,2024-06-21T13:30:00Z,2024-06-21T20:00:00Z,76.65,79.17,75.79,75.87,3265125,RAW,true,2024-06-21T20:15:00Z
bar-0001-20240624,1,inst_syn_0001,2024-06-24T13:30:00Z,2024-06-24T20:00:00Z,45.31,46.71,44.73,45.69,2723800,RAW,true,2024-06-24T20:15:00Z
bar-0002-20240624,1,inst_syn_0002,2024-06-24T13:30:00Z,2024-06-24T20:00:00Z,142.04,144.44,141.63,143.64,870915,RAW,true,2024-06-24T20:15:00Z
bar-0003-20240624,1,inst_syn_0003,2024-06-24T13:30:00Z,2024-06-24T20:00:00Z,36.91,36.93,36.81,36.91,6477180,RAW,true,2024-06-24T20:15:00Z
bar-0004-20240624,1,inst_syn_0004,2024-06-24T13:30:00Z,2024-06-24T20:00:00Z,50.21,56.91,49.96,53.52,1280945,RAW,true,2024-06-24T20:15:00Z
bar-0005-20240624,1,inst_syn_0005,2024-06-24T13:30:00Z,2024-06-24T20:00:00Z,96.06,98.79,94.17,94.74,1140504,RAW,true,2024-06-24T20:15:00Z
bar-0006-20240624,1,inst_syn_0006,2024-06-24T13:30:00Z,2024-06-24T20:00:00Z,234.02,236.65,224.32,236.46,615799,RAW,true,2024-06-24T20:15:00Z
bar-0007-20240624,1,inst_syn_0007,2024-06-24T13:30:00Z,2024-06-24T20:00:00Z,24.16,25.66,22.97,24.66,4659293,RAW,true,2024-06-24T20:15:00Z
bar-0008-20240624,1,inst_syn_0008,2024-06-24T13:30:00Z,2024-06-24T20:00:00Z,60.46,60.56,58.12,60.11,849998,RAW,true,2024-06-24T20:15:00Z
bar-0009-20240624,1,inst_syn_0009,2024-06-24T13:30:00Z,2024-06-24T20:00:00Z,17.58,18.43,17.13,18.24,3800839,RAW,true,2024-06-24T20:15:00Z
bar-0011-20240624,1,inst_syn_0011,2024-06-24T13:30:00Z,2024-06-24T20:00:00Z,267.59,270.98,263.63,269.77,8550969,RAW,true,2024-06-24T20:15:00Z
bar-0012-20240624,1,inst_syn_0012,2024-06-24T13:30:00Z,2024-06-24T20:00:00Z,75.64,79.76,73.85,78.61,5208970,RAW,true,2024-06-24T20:15:00Z
bar-0001-20240625,1,inst_syn_0001,2024-06-25T13:30:00Z,2024-06-25T20:00:00Z,45.70,46.78,43.50,43.77,1664005,RAW,true,2024-06-25T20:15:00Z
bar-0002-20240625,1,inst_syn_0002,2024-06-25T13:30:00Z,2024-06-25T20:00:00Z,141.27,144.84,137.50,144.18,780748,RAW,true,2024-06-25T20:15:00Z
bar-0003-20240625,1,inst_syn_0003,2024-06-25T13:30:00Z,2024-06-25T20:00:00Z,36.26,37.61,33.50,34.65,4658416,RAW,true,2024-06-25T20:15:00Z
bar-0004-20240625,1,inst_syn_0004,2024-06-25T13:30:00Z,2024-06-25T20:00:00Z,54.14,55.46,49.80,50.82,2474798,RAW,true,2024-06-25T20:15:00Z
bar-0005-20240625,1,inst_syn_0005,2024-06-25T13:30:00Z,2024-06-25T20:00:00Z,94.74,94.96,91.18,94.17,1535153,RAW,true,2024-06-25T20:15:00Z
bar-0006-20240625,1,inst_syn_0006,2024-06-25T13:30:00Z,2024-06-25T20:00:00Z,233.81,236.73,219.19,221.86,748108,RAW,true,2024-06-25T20:15:00Z
bar-0007-20240625,1,inst_syn_0007,2024-06-25T13:30:00Z,2024-06-25T20:00:00Z,25.08,26.23,23.87,24.07,8830131,RAW,true,2024-06-25T20:15:00Z
bar-0008-20240625,1,inst_syn_0008,2024-06-25T13:30:00Z,2024-06-25T20:00:00Z,60.24,61.27,56.86,56.86,626047,RAW,true,2024-06-25T20:15:00Z
bar-0009-20240625,1,inst_syn_0009,2024-06-25T13:30:00Z,2024-06-25T20:00:00Z,17.85,18.34,16.82,17.06,4517725,RAW,true,2024-06-25T20:15:00Z
bar-0010-20240625,1,inst_syn_0010,2024-06-25T13:30:00Z,2024-06-25T20:00:00Z,23.42,24.59,22.25,24.51,4286002,RAW,true,2024-06-25T20:15:00Z
bar-0011-20240625,1,inst_syn_0011,2024-06-25T13:30:00Z,2024-06-25T20:00:00Z,272.54,274.15,262.33,262.49,9114722,RAW,true,2024-06-25T20:15:00Z
bar-0012-20240625,1,inst_syn_0012,2024-06-25T13:30:00Z,2024-06-25T20:00:00Z,80.26,80.77,76.50,76.98,3905764,RAW,true,2024-06-25T20:15:00Z
bar-0001-20240626,1,inst_syn_0001,2024-06-26T13:30:00Z,2024-06-26T20:00:00Z,43.87,45.23,43.36,44.38,1213884,RAW,true,2024-06-26T20:15:00Z
bar-0002-20240626,1,inst_syn_0002,2024-06-26T13:30:00Z,2024-06-26T20:00:00Z,145.96,147.57,138.50,141.30,337506,RAW,true,2024-06-26T20:15:00Z
bar-0003-20240626,1,inst_syn_0003,2024-06-26T13:30:00Z,2024-06-26T20:00:00Z,34.81,35.62,33.99,34.52,3289710,RAW,true,2024-06-26T20:15:00Z
bar-0004-20240626,1,inst_syn_0004,2024-06-26T13:30:00Z,2024-06-26T20:00:00Z,51.05,51.62,49.88,50.94,2257985,RAW,true,2024-06-26T20:15:00Z
bar-0005-20240626,1,inst_syn_0005,2024-06-26T13:30:00Z,2024-06-26T20:00:00Z,93.40,93.67,90.59,90.82,1070901,RAW,true,2024-06-26T20:15:00Z
bar-0006-20240626,1,inst_syn_0006,2024-06-26T13:30:00Z,2024-06-26T20:00:00Z,226.28,235.68,220.18,226.28,685045,RAW,true,2024-06-26T20:15:00Z
bar-0007-20240626,1,inst_syn_0007,2024-06-26T13:30:00Z,2024-06-26T20:00:00Z,22.99,24.10,22.38,24.07,4891399,RAW,true,2024-06-26T20:15:00Z
bar-0008-20240626,1,inst_syn_0008,2024-06-26T13:30:00Z,2024-06-26T20:00:00Z,58.06,59.96,57.67,58.14,704941,RAW,true,2024-06-26T20:15:00Z
bar-0009-20240626,1,inst_syn_0009,2024-06-26T13:30:00Z,2024-06-26T20:00:00Z,17.16,17.36,16.75,17.13,3257736,RAW,true,2024-06-26T20:15:00Z
bar-0010-20240626,1,inst_syn_0010,2024-06-26T13:30:00Z,2024-06-26T20:00:00Z,25.49,25.62,23.57,23.66,6730832,RAW,true,2024-06-26T20:15:00Z
bar-0011-20240626,1,inst_syn_0011,2024-06-26T13:30:00Z,2024-06-26T20:00:00Z,261.49,262.87,256.27,257.28,11365841,RAW,true,2024-06-26T20:15:00Z
bar-0012-20240626,1,inst_syn_0012,2024-06-26T13:30:00Z,2024-06-26T20:00:00Z,77.14,77.32,72.93,75.15,4549610,RAW,true,2024-06-26T20:15:00Z
bar-0001-20240627,1,inst_syn_0001,2024-06-27T13:30:00Z,2024-06-27T20:00:00Z,44.47,45.04,41.09,42.81,2280819,RAW,true,2024-06-27T20:15:00Z
bar-0002-20240627,1,inst_syn_0002,2024-06-27T13:30:00Z,2024-06-27T20:00:00Z,143.49,148.83,134.18,138.89,862553,RAW,true,2024-06-27T20:15:00Z
bar-0003-20240627,1,inst_syn_0003,2024-06-27T13:30:00Z,2024-06-27T20:00:00Z,32.90,36.13,31.35,35.00,4342001,RAW,true,2024-06-27T20:15:00Z
bar-0004-20240627,1,inst_syn_0004,2024-06-27T13:30:00Z,2024-06-27T20:00:00Z,51.84,53.10,48.04,50.09,2020883,RAW,true,2024-06-27T20:15:00Z
bar-0005-20240627,1,inst_syn_0005,2024-06-27T13:30:00Z,2024-06-27T20:00:00Z,90.31,94.87,87.12,87.61,1870327,RAW,true,2024-06-27T20:15:00Z
bar-0006-20240627,1,inst_syn_0006,2024-06-27T13:30:00Z,2024-06-27T20:00:00Z,224.74,229.42,221.92,223.27,544351,RAW,true,2024-06-27T20:15:00Z
bar-0007-20240627,1,inst_syn_0007,2024-06-27T13:30:00Z,2024-06-27T20:00:00Z,23.97,25.41,22.69,22.89,9057524,RAW,true,2024-06-27T20:15:00Z
bar-0008-20240627,1,inst_syn_0008,2024-06-27T13:30:00Z,2024-06-27T20:00:00Z,58.05,59.94,56.04,59.01,936231,RAW,true,2024-06-27T20:15:00Z
bar-0009-20240627,1,inst_syn_0009,2024-06-27T13:30:00Z,2024-06-27T20:00:00Z,17.20,18.77,17.01,18.40,3684812,RAW,true,2024-06-27T20:15:00Z
bar-0010-20240627,1,inst_syn_0010,2024-06-27T13:30:00Z,2024-06-27T20:00:00Z,24.96,25.42,22.27,22.32,6084713,RAW,true,2024-06-27T20:15:00Z
bar-0011-20240627,1,inst_syn_0011,2024-06-27T13:30:00Z,2024-06-27T20:00:00Z,259.17,260.16,249.98,255.52,12959537,RAW,true,2024-06-27T20:15:00Z
bar-0012-20240627,1,inst_syn_0012,2024-06-27T13:30:00Z,2024-06-27T20:00:00Z,76.73,77.44,73.74,74.93,3371569,RAW,true,2024-06-27T20:15:00Z
bar-0001-20240628,1,inst_syn_0001,2024-06-28T13:30:00Z,2024-06-28T20:00:00Z,43.58,44.66,42.38,43.59,1794602,RAW,true,2024-06-28T20:15:00Z
bar-0002-20240628,1,inst_syn_0002,2024-06-28T13:30:00Z,2024-06-28T20:00:00Z,139.35,139.73,135.79,136.85,1032892,RAW,true,2024-06-28T20:15:00Z
bar-0003-20240628,1,inst_syn_0003,2024-06-28T13:30:00Z,2024-06-28T20:00:00Z,35.48,36.21,33.15,35.34,4767474,RAW,true,2024-06-28T20:15:00Z
bar-0004-20240628,1,inst_syn_0004,2024-06-28T13:30:00Z,2024-06-28T20:00:00Z,49.81,51.84,49.74,50.49,1373229,RAW,true,2024-06-28T20:15:00Z
bar-0005-20240628,1,inst_syn_0005,2024-06-28T13:30:00Z,2024-06-28T20:00:00Z,87.53,88.55,85.24,87.39,1597849,RAW,true,2024-06-28T20:15:00Z
bar-0006-20240628,1,inst_syn_0006,2024-06-28T13:30:00Z,2024-06-28T20:00:00Z,220.58,236.09,219.78,226.45,539828,RAW,true,2024-06-28T20:15:00Z
bar-0007-20240628,1,inst_syn_0007,2024-06-28T13:30:00Z,2024-06-28T20:00:00Z,22.84,24.47,22.44,23.45,6829371,RAW,true,2024-06-28T20:15:00Z
bar-0008-20240628,1,inst_syn_0008,2024-06-28T13:30:00Z,2024-06-28T20:00:00Z,58.97,60.92,57.39,60.75,1408906,RAW,true,2024-06-28T20:15:00Z
bar-0009-20240628,1,inst_syn_0009,2024-06-28T13:30:00Z,2024-06-28T20:00:00Z,17.58,18.47,17.26,18.13,3424938,RAW,true,2024-06-28T20:15:00Z
bar-0010-20240628,1,inst_syn_0010,2024-06-28T13:30:00Z,2024-06-28T20:00:00Z,21.86,22.67,20.98,22.60,3244682,RAW,true,2024-06-28T20:15:00Z
bar-0011-20240628,1,inst_syn_0011,2024-06-28T13:30:00Z,2024-06-28T20:00:00Z,255.49,263.72,252.91,259.48,6904451,RAW,true,2024-06-28T20:15:00Z
bar-0012-20240628,1,inst_syn_0012,2024-06-28T13:30:00Z,2024-06-28T20:00:00Z,74.15,78.33,72.79,76.47,4276287,RAW,true,2024-06-28T20:15:00Z
bar-0001-20240701,1,inst_syn_0001,2024-07-01T13:30:00Z,2024-07-01T20:00:00Z,43.29,46.07,42.05,46.03,1808001,RAW,true,2024-07-01T20:15:00Z
bar-0002-20240701,1,inst_syn_0002,2024-07-01T13:30:00Z,2024-07-01T20:00:00Z,139.88,141.12,136.28,136.87,779655,RAW,true,2024-07-01T20:15:00Z
bar-0003-20240701,1,inst_syn_0003,2024-07-01T13:30:00Z,2024-07-01T20:00:00Z,34.20,37.38,33.91,36.21,3369814,RAW,true,2024-07-01T20:15:00Z
bar-0004-20240701,1,inst_syn_0004,2024-07-01T13:30:00Z,2024-07-01T20:00:00Z,50.21,53.32,49.10,53.14,2054371,RAW,true,2024-07-01T20:15:00Z
bar-0005-20240701,1,inst_syn_0005,2024-07-01T13:30:00Z,2024-07-01T20:00:00Z,86.29,92.03,83.79,89.76,1473092,RAW,true,2024-07-01T20:15:00Z
bar-0006-20240701,1,inst_syn_0006,2024-07-01T13:30:00Z,2024-07-01T20:00:00Z,223.69,234.11,223.27,232.21,334655,RAW,true,2024-07-01T20:15:00Z
bar-0007-20240701,1,inst_syn_0007,2024-07-01T13:30:00Z,2024-07-01T20:00:00Z,24.40,24.97,22.52,23.02,9530444,RAW,true,2024-07-01T20:15:00Z
bar-0008-20240701,1,inst_syn_0008,2024-07-01T13:30:00Z,2024-07-01T20:00:00Z,60.08,62.19,58.98,61.90,1406515,RAW,true,2024-07-01T20:15:00Z
bar-0009-20240701,1,inst_syn_0009,2024-07-01T13:30:00Z,2024-07-01T20:00:00Z,17.95,18.32,17.05,18.24,3628798,RAW,true,2024-07-01T20:15:00Z
bar-0010-20240701,1,inst_syn_0010,2024-07-01T13:30:00Z,2024-07-01T20:00:00Z,22.20,22.90,22.15,22.71,4168546,RAW,true,2024-07-01T20:15:00Z
bar-0011-20240701,1,inst_syn_0011,2024-07-01T13:30:00Z,2024-07-01T20:00:00Z,258.23,273.66,257.40,267.98,9279028,RAW,true,2024-07-01T20:15:00Z
bar-0012-20240701,1,inst_syn_0012,2024-07-01T13:30:00Z,2024-07-01T20:00:00Z,76.27,81.36,75.94,79.70,3134039,RAW,true,2024-07-01T20:15:00Z
bar-0001-20240702,1,inst_syn_0001,2024-07-02T13:30:00Z,2024-07-02T20:00:00Z,45.29,46.18,44.90,45.88,1213866,RAW,true,2024-07-02T20:15:00Z
bar-0002-20240702,1,inst_syn_0002,2024-07-02T13:30:00Z,2024-07-02T20:00:00Z,135.70,137.44,134.77,136.39,546411,RAW,true,2024-07-02T20:15:00Z
bar-0003-20240702,1,inst_syn_0003,2024-07-02T13:30:00Z,2024-07-02T20:00:00Z,36.57,37.45,34.77,35.33,3060627,RAW,true,2024-07-02T20:15:00Z
bar-0004-20240702,1,inst_syn_0004,2024-07-02T13:30:00Z,2024-07-02T20:00:00Z,53.15,54.06,52.86,53.88,1561220,RAW,true,2024-07-02T20:15:00Z
bar-0005-20240702,1,inst_syn_0005,2024-07-02T13:30:00Z,2024-07-02T20:00:00Z,90.30,91.30,88.95,89.14,833764,RAW,true,2024-07-02T20:15:00Z
bar-0006-20240702,1,inst_syn_0006,2024-07-02T13:30:00Z,2024-07-02T20:00:00Z,231.24,232.54,223.35,224.23,396361,RAW,true,2024-07-02T20:15:00Z
bar-0007-20240702,1,inst_syn_0007,2024-07-02T13:30:00Z,2024-07-02T20:00:00Z,22.91,23.50,22.65,23.12,4307609,RAW,true,2024-07-02T20:15:00Z
bar-0008-20240702,1,inst_syn_0008,2024-07-02T13:30:00Z,2024-07-02T20:00:00Z,60.99,61.94,59.93,61.75,715505,RAW,true,2024-07-02T20:15:00Z
bar-0009-20240702,1,inst_syn_0009,2024-07-02T13:30:00Z,2024-07-02T20:00:00Z,18.35,18.60,17.61,17.93,2982387,RAW,true,2024-07-02T20:15:00Z
bar-0010-20240702,1,inst_syn_0010,2024-07-02T13:30:00Z,2024-07-02T20:00:00Z,22.92,23.48,21.46,21.75,3095159,RAW,true,2024-07-02T20:15:00Z
bar-0011-20240702,1,inst_syn_0011,2024-07-02T13:30:00Z,2024-07-02T20:00:00Z,266.10,267.07,263.73,265.79,7533448,RAW,true,2024-07-02T20:15:00Z
bar-0012-20240702,1,inst_syn_0012,2024-07-02T13:30:00Z,2024-07-02T20:00:00Z,79.27,79.34,78.06,78.90,3806660,RAW,true,2024-07-02T20:15:00Z
bar-0001-20240703,1,inst_syn_0001,2024-07-03T13:30:00Z,2024-07-03T20:00:00Z,45.66,46.11,45.24,45.79,1456370,RAW,true,2024-07-03T20:15:00Z
bar-0002-20240703,1,inst_syn_0002,2024-07-03T13:30:00Z,2024-07-03T20:00:00Z,134.22,136.73,130.36,136.13,123184,RAW,true,2024-07-03T20:15:00Z
bar-0003-20240703,1,inst_syn_0003,2024-07-03T13:30:00Z,2024-07-03T20:00:00Z,35.81,36.21,34.37,34.81,4592479,RAW,true,2024-07-03T20:15:00Z
bar-0004-20240703,1,inst_syn_0004,2024-07-03T13:30:00Z,2024-07-03T20:00:00Z,55.29,56.30,52.06,52.12,1618880,RAW,true,2024-07-03T20:15:00Z
bar-0005-20240703,1,inst_syn_0005,2024-07-03T13:30:00Z,2024-07-03T20:00:00Z,89.62,91.85,88.70,90.72,1018984,RAW,true,2024-07-03T20:15:00Z
bar-0006-20240703,1,inst_syn_0006,2024-07-03T13:30:00Z,2024-07-03T20:00:00Z,222.89,229.21,217.47,228.40,510942,RAW,true,2024-07-03T20:15:00Z
bar-0007-20240703,1,inst_syn_0007,2024-07-03T13:30:00Z,2024-07-03T20:00:00Z,23.23,24.37,22.77,23.65,4014493,RAW,true,2024-07-03T20:15:00Z
bar-0008-20240703,1,inst_syn_0008,2024-07-03T13:30:00Z,2024-07-03T20:00:00Z,62.19,64.95,62.01,64.07,1079066,RAW,true,2024-07-03T20:15:00Z
bar-0009-20240703,1,inst_syn_0009,2024-07-03T13:30:00Z,2024-07-03T20:00:00Z,18.35,18.78,18.11,18.27,3489435,RAW,true,2024-07-03T20:15:00Z
bar-0010-20240703,1,inst_syn_0010,2024-07-03T13:30:00Z,2024-07-03T20:00:00Z,21.84,22.79,21.58,21.75,2960478,RAW,true,2024-07-03T20:15:00Z
bar-0011-20240703,1,inst_syn_0011,2024-07-03T13:30:00Z,2024-07-03T20:00:00Z,263.92,268.82,262.19,268.27,7733310,RAW,true,2024-07-03T20:15:00Z
bar-0012-20240703,1,inst_syn_0012,2024-07-03T13:30:00Z,2024-07-03T20:00:00Z,79.24,79.79,78.84,79.19,2695120,RAW,true,2024-07-03T20:15:00Z
bar-0001-20240705,1,inst_syn_0001,2024-07-05T13:30:00Z,2024-07-05T20:00:00Z,45.63,47.10,44.80,45.10,1501358,RAW,true,2024-07-05T20:15:00Z
bar-0002-20240705,1,inst_syn_0002,2024-07-05T13:30:00Z,2024-07-05T20:00:00Z,137.07,138.70,131.01,133.80,485133,RAW,true,2024-07-05T20:15:00Z
bar-0003-20240705,1,inst_syn_0003,2024-07-05T13:30:00Z,2024-07-05T20:00:00Z,33.88,35.57,33.18,34.65,3951689,RAW,true,2024-07-05T20:15:00Z
bar-0004-20240705,1,inst_syn_0004,2024-07-05T13:30:00Z,2024-07-05T20:00:00Z,52.75,52.99,50.73,51.15,1315729,RAW,true,2024-07-05T20:15:00Z
bar-0005-20240705,1,inst_syn_0005,2024-07-05T13:30:00Z,2024-07-05T20:00:00Z,90.55,92.97,88.88,92.91,1135133,RAW,true,2024-07-05T20:15:00Z
bar-0006-20240705,1,inst_syn_0006,2024-07-05T13:30:00Z,2024-07-05T20:00:00Z,229.54,233.53,228.46,232.56,510799,RAW,true,2024-07-05T20:15:00Z
bar-0007-20240705,1,inst_syn_0007,2024-07-05T13:30:00Z,2024-07-05T20:00:00Z,23.82,24.71,22.52,22.82,7537513,RAW,true,2024-07-05T20:15:00Z
bar-0008-20240705,1,inst_syn_0008,2024-07-05T13:30:00Z,2024-07-05T20:00:00Z,63.31,64.01,62.49,63.95,877872,RAW,true,2024-07-05T20:15:00Z
bar-0009-20240705,1,inst_syn_0009,2024-07-05T13:30:00Z,2024-07-05T20:00:00Z,17.96,18.18,17.50,17.72,3036223,RAW,true,2024-07-05T20:15:00Z
bar-0010-20240705,1,inst_syn_0010,2024-07-05T13:30:00Z,2024-07-05T20:00:00Z,22.27,23.01,22.07,22.28,4705106,RAW,true,2024-07-05T20:15:00Z
bar-0011-20240705,1,inst_syn_0011,2024-07-05T13:30:00Z,2024-07-05T20:00:00Z,267.08,269.93,266.93,268.17,7237680,RAW,true,2024-07-05T20:15:00Z
bar-0012-20240705,1,inst_syn_0012,2024-07-05T13:30:00Z,2024-07-05T20:00:00Z,79.17,79.86,78.27,78.80,2356459,RAW,true,2024-07-05T20:15:00Z
bar-0001-20240708,1,inst_syn_0001,2024-07-08T13:30:00Z,2024-07-08T20:00:00Z,45.03,45.82,44.14,44.65,1376396,RAW,true,2024-07-08T20:15:00Z
bar-0002-20240708,1,inst_syn_0002,2024-07-08T13:30:00Z,2024-07-08T20:00:00Z,134.14,135.60,131.98,133.89,522554,RAW,true,2024-07-08T20:15:00Z
bar-0003-20240708,1,inst_syn_0003,2024-07-08T13:30:00Z,2024-07-08T20:00:00Z,34.84,35.24,34.40,35.20,2630074,RAW,true,2024-07-08T20:15:00Z
bar-0004-20240708,1,inst_syn_0004,2024-07-08T13:30:00Z,2024-07-08T20:00:00Z,50.26,52.44,49.99,51.92,1724749,RAW,true,2024-07-08T20:15:00Z
bar-0005-20240708,1,inst_syn_0005,2024-07-08T13:30:00Z,2024-07-08T20:00:00Z,92.14,94.74,91.70,93.22,922407,RAW,true,2024-07-08T20:15:00Z
bar-0006-20240708,1,inst_syn_0006,2024-07-08T13:30:00Z,2024-07-08T20:00:00Z,234.63,246.10,232.12,240.85,431630,RAW,true,2024-07-08T20:15:00Z
bar-0007-20240708,1,inst_syn_0007,2024-07-08T13:30:00Z,2024-07-08T20:00:00Z,22.73,23.43,22.62,23.32,7383622,RAW,true,2024-07-08T20:15:00Z
bar-0008-20240708,1,inst_syn_0008,2024-07-08T13:30:00Z,2024-07-08T20:00:00Z,63.58,65.50,63.55,63.88,795427,RAW,true,2024-07-08T20:15:00Z
bar-0009-20240708,1,inst_syn_0009,2024-07-08T13:30:00Z,2024-07-08T20:00:00Z,17.32,18.21,16.82,17.45,3317825,RAW,true,2024-07-08T20:15:00Z
bar-0010-20240708,1,inst_syn_0010,2024-07-08T13:30:00Z,2024-07-08T20:00:00Z,22.26,22.61,21.72,21.98,5743381,RAW,true,2024-07-08T20:15:00Z
bar-0011-20240708,1,inst_syn_0011,2024-07-08T13:30:00Z,2024-07-08T20:00:00Z,269.27,271.04,268.53,269.33,6217239,RAW,true,2024-07-08T20:15:00Z
bar-0012-20240708,1,inst_syn_0012,2024-07-08T13:30:00Z,2024-07-08T20:00:00Z,78.72,80.41,77.86,80.00,1863899,RAW,true,2024-07-08T20:15:00Z
bar-0001-20240709,1,inst_syn_0001,2024-07-09T13:30:00Z,2024-07-09T20:00:00Z,44.72,44.94,44.28,44.70,1045079,RAW,true,2024-07-09T20:15:00Z
bar-0002-20240709,1,inst_syn_0002,2024-07-09T13:30:00Z,2024-07-09T20:00:00Z,136.49,137.21,133.84,134.60,654911,RAW,true,2024-07-09T20:15:00Z
bar-0003-20240709,1,inst_syn_0003,2024-07-09T13:30:00Z,2024-07-09T20:00:00Z,34.68,36.32,34.32,35.30,2705114,RAW,true,2024-07-09T20:15:00Z
bar-0004-20240709,1,inst_syn_0004,2024-07-09T13:30:00Z,2024-07-09T20:00:00Z,50.65,53.84,49.75,53.56,2405222,RAW,true,2024-07-09T20:15:00Z
bar-0005-20240709,1,inst_syn_0005,2024-07-09T13:30:00Z,2024-07-09T20:00:00Z,93.62,94.57,92.58,92.82,890932,RAW,true,2024-07-09T20:15:00Z
bar-0006-20240709,1,inst_syn_0006,2024-07-09T13:30:00Z,2024-07-09T20:00:00Z,239.55,244.85,233.78,243.33,511641,RAW,true,2024-07-09T20:15:00Z
bar-0007-20240709,1,inst_syn_0007,2024-07-09T13:30:00Z,2024-07-09T20:00:00Z,23.47,24.65,22.77,23.03,6108460,RAW,true,2024-07-09T20:15:00Z
bar-0008-20240709,1,inst_syn_0008,2024-07-09T13:30:00Z,2024-07-09T20:00:00Z,64.15,64.34,62.06,63.24,473573,RAW,true,2024-07-09T20:15:00Z
bar-0009-20240709,1,inst_syn_0009,2024-07-09T13:30:00Z,2024-07-09T20:00:00Z,17.21,17.58,16.86,17.19,2474472,RAW,true,2024-07-09T20:15:00Z
bar-0010-20240709,1,inst_syn_0010,2024-07-09T13:30:00Z,2024-07-09T20:00:00Z,21.63,22.02,21.14,21.34,5358841,RAW,true,2024-07-09T20:15:00Z
bar-0011-20240709,1,inst_syn_0011,2024-07-09T13:30:00Z,2024-07-09T20:00:00Z,268.69,272.02,262.75,266.88,8316289,RAW,true,2024-07-09T20:15:00Z
bar-0012-20240709,1,inst_syn_0012,2024-07-09T13:30:00Z,2024-07-09T20:00:00Z,79.90,80.68,78.47,78.93,3067936,RAW,true,2024-07-09T20:15:00Z
bar-0001-20240710,1,inst_syn_0001,2024-07-10T13:30:00Z,2024-07-10T20:00:00Z,45.28,45.65,44.60,45.36,1290721,RAW,true,2024-07-10T20:15:00Z
bar-0002-20240710,1,inst_syn_0002,2024-07-10T13:30:00Z,2024-07-10T20:00:00Z,134.54,135.34,131.32,132.81,667469,RAW,true,2024-07-10T20:15:00Z
bar-0003-20240710,1,inst_syn_0003,2024-07-10T13:30:00Z,2024-07-10T20:00:00Z,35.59,35.67,33.57,34.14,5482707,RAW,true,2024-07-10T20:15:00Z
bar-0004-20240710,1,inst_syn_0004,2024-07-10T13:30:00Z,2024-07-10T20:00:00Z,52.32,53.46,51.57,53.33,1623013,RAW,true,2024-07-10T20:15:00Z
bar-0005-20240710,1,inst_syn_0005,2024-07-10T13:30:00Z,2024-07-10T20:00:00Z,93.86,94.84,91.98,92.52,611488,RAW,true,2024-07-10T20:15:00Z
bar-0006-20240710,1,inst_syn_0006,2024-07-10T13:30:00Z,2024-07-10T20:00:00Z,246.27,256.33,238.20,253.65,502635,RAW,true,2024-07-10T20:15:00Z
bar-0007-20240710,1,inst_syn_0007,2024-07-10T13:30:00Z,2024-07-10T20:00:00Z,22.99,23.50,21.14,21.72,7148130,RAW,true,2024-07-10T20:15:00Z
bar-0008-20240710,1,inst_syn_0008,2024-07-10T13:30:00Z,2024-07-10T20:00:00Z,63.76,64.07,62.30,62.96,671613,RAW,true,2024-07-10T20:15:00Z
bar-0009-20240710,1,inst_syn_0009,2024-07-10T13:30:00Z,2024-07-10T20:00:00Z,17.31,18.25,16.99,17.83,2836908,RAW,true,2024-07-10T20:15:00Z
bar-0010-20240710,1,inst_syn_0010,2024-07-10T13:30:00Z,2024-07-10T20:00:00Z,21.52,22.84,21.06,22.20,4301475,RAW,true,2024-07-10T20:15:00Z
bar-0011-20240710,1,inst_syn_0011,2024-07-10T13:30:00Z,2024-07-10T20:00:00Z,268.18,269.11,267.56,267.96,5507617,RAW,true,2024-07-10T20:15:00Z
bar-0012-20240710,1,inst_syn_0012,2024-07-10T13:30:00Z,2024-07-10T20:00:00Z,78.86,79.88,78.40,79.12,3383071,RAW,true,2024-07-10T20:15:00Z
bar-0001-20240711,1,inst_syn_0001,2024-07-11T13:30:00Z,2024-07-11T20:00:00Z,45.11,45.80,44.11,44.26,1665763,RAW,true,2024-07-11T20:15:00Z
bar-0002-20240711,1,inst_syn_0002,2024-07-11T13:30:00Z,2024-07-11T20:00:00Z,130.56,131.05,129.94,130.73,708951,RAW,true,2024-07-11T20:15:00Z
bar-0003-20240711,1,inst_syn_0003,2024-07-11T13:30:00Z,2024-07-11T20:00:00Z,35.18,35.75,33.39,33.89,3506049,RAW,true,2024-07-11T20:15:00Z
bar-0004-20240711,1,inst_syn_0004,2024-07-11T13:30:00Z,2024-07-11T20:00:00Z,52.89,56.11,52.18,54.75,1983750,RAW,true,2024-07-11T20:15:00Z
bar-0005-20240711,1,inst_syn_0005,2024-07-11T13:30:00Z,2024-07-11T20:00:00Z,91.93,94.54,91.60,93.71,1117171,RAW,true,2024-07-11T20:15:00Z
bar-0006-20240711,1,inst_syn_0006,2024-07-11T13:30:00Z,2024-07-11T20:00:00Z,249.22,254.56,246.08,253.71,326083,RAW,true,2024-07-11T20:15:00Z
bar-0007-20240711,1,inst_syn_0007,2024-07-11T13:30:00Z,2024-07-11T20:00:00Z,21.62,22.11,20.41,20.90,5065746,RAW,true,2024-07-11T20:15:00Z
bar-0008-20240711,1,inst_syn_0008,2024-07-11T13:30:00Z,2024-07-11T20:00:00Z,63.40,63.86,61.89,62.54,623628,RAW,true,2024-07-11T20:15:00Z
bar-0009-20240711,1,inst_syn_0009,2024-07-11T13:30:00Z,2024-07-11T20:00:00Z,18.09,18.44,17.64,18.13,2374648,RAW,true,2024-07-11T20:15:00Z
bar-0010-20240711,1,inst_syn_0010,2024-07-11T13:30:00Z,2024-07-11T20:00:00Z,22.02,23.22,21.62,22.29,4035468,RAW,true,2024-07-11T20:15:00Z
bar-0011-20240711,1,inst_syn_0011,2024-07-11T13:30:00Z,2024-07-11T20:00:00Z,269.76,270.89,263.72,267.23,5411016,RAW,true,2024-07-11T20:15:00Z
bar-0012-20240711,1,inst_syn_0012,2024-07-11T13:30:00Z,2024-07-11T20:00:00Z,79.16,79.88,78.56,78.79,1907610,RAW,true,2024-07-11T20:15:00Z
bar-0001-20240712,1,inst_syn_0001,2024-07-12T13:30:00Z,2024-07-12T20:00:00Z,43.48,43.82,42.79,43.10,1783240,RAW,true,2024-07-12T20:15:00Z
bar-0002-20240712,1,inst_syn_0002,2024-07-12T13:30:00Z,2024-07-12T20:00:00Z,130.43,131.45,129.32,129.46,650619,RAW,true,2024-07-12T20:15:00Z
bar-0003-20240712,1,inst_syn_0003,2024-07-12T13:30:00Z,2024-07-12T20:00:00Z,34.92,35.72,31.93,33.13,3709570,RAW,true,2024-07-12T20:15:00Z
bar-0004-20240712,1,inst_syn_0004,2024-07-12T13:30:00Z,2024-07-12T20:00:00Z,55.26,56.06,54.29,55.18,2236732,RAW,true,2024-07-12T20:15:00Z
bar-0005-20240712,1,inst_syn_0005,2024-07-12T13:30:00Z,2024-07-12T20:00:00Z,94.57,94.60,91.39,92.79,797228,RAW,true,2024-07-12T20:15:00Z
bar-0006-20240712,1,inst_syn_0006,2024-07-12T13:30:00Z,2024-07-12T20:00:00Z,254.13,255.09,245.90,248.24,353733,RAW,true,2024-07-12T20:15:00Z
bar-0007-20240712,1,inst_syn_0007,2024-07-12T13:30:00Z,2024-07-12T20:00:00Z,20.47,21.66,20.17,21.60,5328557,RAW,true,2024-07-12T20:15:00Z
bar-0008-20240712,1,inst_syn_0008,2024-07-12T13:30:00Z,2024-07-12T20:00:00Z,62.84,63.28,61.58,61.70,648754,RAW,true,2024-07-12T20:15:00Z
bar-0009-20240712,1,inst_syn_0009,2024-07-12T13:30:00Z,2024-07-12T20:00:00Z,17.86,18.18,17.82,17.98,2855869,RAW,true,2024-07-12T20:15:00Z
bar-0010-20240712,1,inst_syn_0010,2024-07-12T13:30:00Z,2024-07-12T20:00:00Z,22.26,22.46,21.52,21.75,4349464,RAW,true,2024-07-12T20:15:00Z
bar-0011-20240712,1,inst_syn_0011,2024-07-12T13:30:00Z,2024-07-12T20:00:00Z,266.53,268.25,265.46,265.80,7320173,RAW,true,2024-07-12T20:15:00Z
bar-0012-20240712,1,inst_syn_0012,2024-07-12T13:30:00Z,2024-07-12T20:00:00Z,78.98,79.45,78.12,78.23,736508,RAW,true,2024-07-12T20:15:00Z
bar-0001-20240715,1,inst_syn_0001,2024-07-15T13:30:00Z,2024-07-15T20:00:00Z,43.48,44.82,43.15,44.51,1048414,RAW,true,2024-07-15T20:15:00Z
bar-0002-20240715,1,inst_syn_0002,2024-07-15T13:30:00Z,2024-07-15T20:00:00Z,130.30,131.07,130.04,130.94,487566,RAW,true,2024-07-15T20:15:00Z
bar-0003-20240715,1,inst_syn_0003,2024-07-15T13:30:00Z,2024-07-15T20:00:00Z,33.54,34.24,32.88,33.17,3266781,RAW,true,2024-07-15T20:15:00Z
bar-0004-20240715,1,inst_syn_0004,2024-07-15T13:30:00Z,2024-07-15T20:00:00Z,54.79,57.17,54.17,56.48,1840455,RAW,true,2024-07-15T20:15:00Z
bar-0005-20240715,1,inst_syn_0005,2024-07-15T13:30:00Z,2024-07-15T20:00:00Z,91.65,94.72,90.18,92.55,790750,RAW,true,2024-07-15T20:15:00Z
bar-0006-20240715,1,inst_syn_0006,2024-07-15T13:30:00Z,2024-07-15T20:00:00Z,246.70,258.63,244.78,253.48,624457,RAW,true,2024-07-15T20:15:00Z
bar-0007-20240715,1,inst_syn_0007,2024-07-15T13:30:00Z,2024-07-15T20:00:00Z,21.44,22.59,21.31,22.56,4920768,RAW,true,2024-07-15T20:15:00Z
bar-0008-20240715,1,inst_syn_0008,2024-07-15T13:30:00Z,2024-07-15T20:00:00Z,62.54,63.26,62.06,62.18,950985,RAW,true,2024-07-15T20:15:00Z
bar-0009-20240715,1,inst_syn_0009,2024-07-15T13:30:00Z,2024-07-15T20:00:00Z,18.12,18.43,17.41,18.02,3484955,RAW,true,2024-07-15T20:15:00Z
bar-0010-20240715,1,inst_syn_0010,2024-07-15T13:30:00Z,2024-07-15T20:00:00Z,22.43,22.60,21.21,21.49,4461607,RAW,true,2024-07-15T20:15:00Z
bar-0011-20240715,1,inst_syn_0011,2024-07-15T13:30:00Z,2024-07-15T20:00:00Z,266.79,266.98,264.55,266.75,9685941,RAW,true,2024-07-15T20:15:00Z
bar-0012-20240715,1,inst_syn_0012,2024-07-15T13:30:00Z,2024-07-15T20:00:00Z,77.72,79.50,77.04,79.31,2112680,RAW,true,2024-07-15T20:15:00Z
bar-0001-20240716,1,inst_syn_0001,2024-07-16T13:30:00Z,2024-07-16T20:00:00Z,43.79,45.14,42.84,44.95,1121669,RAW,true,2024-07-16T20:15:00Z
bar-0002-20240716,1,inst_syn_0002,2024-07-16T13:30:00Z,2024-07-16T20:00:00Z,129.45,131.25,127.83,131.22,674844,RAW,true,2024-07-16T20:15:00Z
bar-0003-20240716,1,inst_syn_0003,2024-07-16T13:30:00Z,2024-07-16T20:00:00Z,33.53,34.58,33.04,33.65,3237271,RAW,true,2024-07-16T20:15:00Z
bar-0004-20240716,1,inst_syn_0004,2024-07-16T13:30:00Z,2024-07-16T20:00:00Z,57.18,58.77,55.48,57.04,1773593,RAW,true,2024-07-16T20:15:00Z
bar-0005-20240716,1,inst_syn_0005,2024-07-16T13:30:00Z,2024-07-16T20:00:00Z,92.72,94.11,91.56,92.58,621483,RAW,true,2024-07-16T20:15:00Z
bar-0006-20240716,1,inst_syn_0006,2024-07-16T13:30:00Z,2024-07-16T20:00:00Z,254.57,261.46,245.39,261.29,523913,RAW,true,2024-07-16T20:15:00Z
bar-0007-20240716,1,inst_syn_0007,2024-07-16T13:30:00Z,2024-07-16T20:00:00Z,22.79,22.79,21.84,22.75,5614720,RAW,true,2024-07-16T20:15:00Z
bar-0008-20240716,1,inst_syn_0008,2024-07-16T13:30:00Z,2024-07-16T20:00:00Z,61.91,62.76,61.18,62.18,774172,RAW,true,2024-07-16T20:15:00Z
bar-0009-20240716,1,inst_syn_0009,2024-07-16T13:30:00Z,2024-07-16T20:00:00Z,18.02,18.32,17.75,18.03,3472616,RAW,true,2024-07-16T20:15:00Z
bar-0010-20240716,1,inst_syn_0010,2024-07-16T13:30:00Z,2024-07-16T20:00:00Z,21.42,22.81,20.71,22.67,4521830,RAW,true,2024-07-16T20:15:00Z
bar-0011-20240716,1,inst_syn_0011,2024-07-16T13:30:00Z,2024-07-16T20:00:00Z,266.10,268.44,265.09,267.16,7642949,RAW,true,2024-07-16T20:15:00Z
bar-0012-20240716,1,inst_syn_0012,2024-07-16T13:30:00Z,2024-07-16T20:00:00Z,79.69,80.31,78.77,79.89,2199032,RAW,true,2024-07-16T20:15:00Z
bar-0001-20240717,1,inst_syn_0001,2024-07-17T13:30:00Z,2024-07-17T20:00:00Z,45.81,46.53,43.39,44.35,1269759,RAW,true,2024-07-17T20:15:00Z
bar-0002-20240717,1,inst_syn_0002,2024-07-17T13:30:00Z,2024-07-17T20:00:00Z,129.61,132.09,126.78,128.83,394240,RAW,true,2024-07-17T20:15:00Z
bar-0003-20240717,1,inst_syn_0003,2024-07-17T13:30:00Z,2024-07-17T20:00:00Z,33.90,33.97,31.86,32.12,5364384,RAW,true,2024-07-17T20:15:00Z
bar-0004-20240717,1,inst_syn_0004,2024-07-17T13:30:00Z,2024-07-17T20:00:00Z,56.80,57.65,55.70,57.29,1647236,RAW,true,2024-07-17T20:15:00Z
bar-0005-20240717,1,inst_syn_0005,2024-07-17T13:30:00Z,2024-07-17T20:00:00Z,94.14,94.93,91.66,91.88,880139,RAW,true,2024-07-17T20:15:00Z
bar-0006-20240717,1,inst_syn_0006,2024-07-17T13:30:00Z,2024-07-17T20:00:00Z,260.47,262.44,259.39,259.50,516872,RAW,true,2024-07-17T20:15:00Z
bar-0007-20240717,1,inst_syn_0007,2024-07-17T13:30:00Z,2024-07-17T20:00:00Z,22.74,22.78,21.26,21.47,5971904,RAW,true,2024-07-17T20:15:00Z
bar-0008-20240717,1,inst_syn_0008,2024-07-17T13:30:00Z,2024-07-17T20:00:00Z,61.41,61.84,59.74,60.15,745327,RAW,true,2024-07-17T20:15:00Z
bar-0009-20240717,1,inst_syn_0009,2024-07-17T13:30:00Z,2024-07-17T20:00:00Z,18.00,18.39,17.82,17.98,2179591,RAW,true,2024-07-17T20:15:00Z
bar-0010-20240717,1,inst_syn_0010,2024-07-17T13:30:00Z,2024-07-17T20:00:00Z,22.27,22.91,21.57,22.74,2468009,RAW,true,2024-07-17T20:15:00Z
bar-0011-20240717,1,inst_syn_0011,2024-07-17T13:30:00Z,2024-07-17T20:00:00Z,265.01,268.08,262.58,263.59,11132296,RAW,true,2024-07-17T20:15:00Z
bar-0012-20240717,1,inst_syn_0012,2024-07-17T13:30:00Z,2024-07-17T20:00:00Z,80.55,81.11,78.82,78.91,2379571,RAW,true,2024-07-17T20:15:00Z
bar-0001-20240718,1,inst_syn_0001,2024-07-18T13:30:00Z,2024-07-18T20:00:00Z,44.38,44.83,43.76,44.20,1198965,RAW,true,2024-07-18T20:15:00Z
bar-0002-20240718,1,inst_syn_0002,2024-07-18T13:30:00Z,2024-07-18T20:00:00Z,127.82,131.65,126.97,130.26,593967,RAW,true,2024-07-18T20:15:00Z
bar-0003-20240718,1,inst_syn_0003,2024-07-18T13:30:00Z,2024-07-18T20:00:00Z,32.42,32.74,30.41,31.32,5270123,RAW,true,2024-07-18T20:15:00Z
bar-0004-20240718,1,inst_syn_0004,2024-07-18T13:30:00Z,2024-07-18T20:00:00Z,57.28,60.03,57.21,59.36,1721376,RAW,true,2024-07-18T20:15:00Z
bar-0005-20240718,1,inst_syn_0005,2024-07-18T13:30:00Z,2024-07-18T20:00:00Z,91.80,91.84,89.37,90.35,1529834,RAW,true,2024-07-18T20:15:00Z
bar-0006-20240718,1,inst_syn_0006,2024-07-18T13:30:00Z,2024-07-18T20:00:00Z,257.98,268.10,255.43,261.81,392478,RAW,true,2024-07-18T20:15:00Z
bar-0007-20240718,1,inst_syn_0007,2024-07-18T13:30:00Z,2024-07-18T20:00:00Z,21.26,22.65,20.79,22.43,6418140,RAW,true,2024-07-18T20:15:00Z
bar-0008-20240718,1,inst_syn_0008,2024-07-18T13:30:00Z,2024-07-18T20:00:00Z,60.84,61.56,59.96,60.49,672343,RAW,true,2024-07-18T20:15:00Z
bar-0009-20240718,1,inst_syn_0009,2024-07-18T13:30:00Z,2024-07-18T20:00:00Z,17.81,18.53,17.68,17.76,2817458,RAW,true,2024-07-18T20:15:00Z
bar-0010-20240718,1,inst_syn_0010,2024-07-18T13:30:00Z,2024-07-18T20:00:00Z,22.17,23.22,21.56,21.63,7143289,RAW,true,2024-07-18T20:15:00Z
bar-0011-20240718,1,inst_syn_0011,2024-07-18T13:30:00Z,2024-07-18T20:00:00Z,261.76,264.66,261.48,264.38,5203290,RAW,true,2024-07-18T20:15:00Z
bar-0012-20240718,1,inst_syn_0012,2024-07-18T13:30:00Z,2024-07-18T20:00:00Z,78.57,78.95,77.14,78.83,2790333,RAW,true,2024-07-18T20:15:00Z
bar-0001-20240719,1,inst_syn_0001,2024-07-19T13:30:00Z,2024-07-19T20:00:00Z,45.12,45.56,44.54,44.98,1460045,RAW,true,2024-07-19T20:15:00Z
bar-0002-20240719,1,inst_syn_0002,2024-07-19T13:30:00Z,2024-07-19T20:00:00Z,130.18,133.14,125.54,126.60,699505,RAW,true,2024-07-19T20:15:00Z
bar-0003-20240719,1,inst_syn_0003,2024-07-19T13:30:00Z,2024-07-19T20:00:00Z,31.47,31.84,31.17,31.46,5416607,RAW,true,2024-07-19T20:15:00Z
bar-0004-20240719,1,inst_syn_0004,2024-07-19T13:30:00Z,2024-07-19T20:00:00Z,58.80,61.13,58.74,60.25,2080896,RAW,true,2024-07-19T20:15:00Z
bar-0005-20240719,1,inst_syn_0005,2024-07-19T13:30:00Z,2024-07-19T20:00:00Z,89.41,90.60,88.51,89.56,992359,RAW,true,2024-07-19T20:15:00Z
bar-0006-20240719,1,inst_syn_0006,2024-07-19T13:30:00Z,2024-07-19T20:00:00Z,263.75,265.22,256.34,256.36,437938,RAW,true,2024-07-19T20:15:00Z
bar-0007-20240719,1,inst_syn_0007,2024-07-19T13:30:00Z,2024-07-19T20:00:00Z,22.34,23.19,21.21,21.26,5205853,RAW,true,2024-07-19T20:15:00Z
bar-0008-20240719,1,inst_syn_0008,2024-07-19T13:30:00Z,2024-07-19T20:00:00Z,60.11,60.79,58.78,60.71,649499,RAW,true,2024-07-19T20:15:00Z
bar-0009-20240719,1,inst_syn_0009,2024-07-19T13:30:00Z,2024-07-19T20:00:00Z,17.93,18.02,17.11,17.28,1520131,RAW,true,2024-07-19T20:15:00Z
bar-0010-20240719,1,inst_syn_0010,2024-07-19T13:30:00Z,2024-07-19T20:00:00Z,21.63,21.67,20.53,21.49,4341759,RAW,true,2024-07-19T20:15:00Z
bar-0011-20240719,1,inst_syn_0011,2024-07-19T13:30:00Z,2024-07-19T20:00:00Z,264.40,264.56,261.54,261.68,10428841,RAW,true,2024-07-19T20:15:00Z
bar-0012-20240719,1,inst_syn_0012,2024-07-19T13:30:00Z,2024-07-19T20:00:00Z,79.30,80.54,76.65,77.81,3447501,RAW,true,2024-07-19T20:15:00Z
bar-0001-20240722,1,inst_syn_0001,2024-07-22T13:30:00Z,2024-07-22T20:00:00Z,45.29,45.40,44.61,44.67,1038932,RAW,true,2024-07-22T20:15:00Z
bar-0002-20240722,1,inst_syn_0002,2024-07-22T13:30:00Z,2024-07-22T20:00:00Z,127.22,127.50,123.08,124.38,553792,RAW,true,2024-07-22T20:15:00Z
bar-0003-20240722,1,inst_syn_0003,2024-07-22T13:30:00Z,2024-07-22T20:00:00Z,30.27,32.24,30.15,31.19,3664668,RAW,true,2024-07-22T20:15:00Z
bar-0004-20240722,1,inst_syn_0004,2024-07-22T13:30:00Z,2024-07-22T20:00:00Z,59.10,60.76,57.73,60.09,1460871,RAW,true,2024-07-22T20:15:00Z
bar-0005-20240722,1,inst_syn_0005,2024-07-22T13:30:00Z,2024-07-22T20:00:00Z,89.13,89.55,86.42,87.48,937153,RAW,true,2024-07-22T20:15:00Z
bar-0006-20240722,1,inst_syn_0006,2024-07-22T13:30:00Z,2024-07-22T20:00:00Z,259.11,260.98,257.03,259.07,739264,RAW,true,2024-07-22T20:15:00Z
bar-0007-20240722,1,inst_syn_0007,2024-07-22T13:30:00Z,2024-07-22T20:00:00Z,21.07,21.45,20.88,21.05,5292746,RAW,true,2024-07-22T20:15:00Z
bar-0008-20240722,1,inst_syn_0008,2024-07-22T13:30:00Z,2024-07-22T20:00:00Z,60.24,61.06,59.36,59.64,1108118,RAW,true,2024-07-22T20:15:00Z
bar-0009-20240722,1,inst_syn_0009,2024-07-22T13:30:00Z,2024-07-22T20:00:00Z,17.66,17.68,16.35,16.37,1767014,RAW,true,2024-07-22T20:15:00Z
bar-0010-20240722,1,inst_syn_0010,2024-07-22T13:30:00Z,2024-07-22T20:00:00Z,21.18,21.21,19.81,20.24,6363682,RAW,true,2024-07-22T20:15:00Z
bar-0011-20240722,1,inst_syn_0011,2024-07-22T13:30:00Z,2024-07-22T20:00:00Z,259.79,260.04,258.69,258.86,7735817,RAW,true,2024-07-22T20:15:00Z
bar-0012-20240722,1,inst_syn_0012,2024-07-22T13:30:00Z,2024-07-22T20:00:00Z,77.13,77.69,76.30,76.68,2811329,RAW,true,2024-07-22T20:15:00Z
bar-0001-20240723,1,inst_syn_0001,2024-07-23T13:30:00Z,2024-07-23T20:00:00Z,44.56,45.32,44.49,44.98,1360093,RAW,true,2024-07-23T20:15:00Z
bar-0002-20240723,1,inst_syn_0002,2024-07-23T13:30:00Z,2024-07-23T20:00:00Z,123.13,124.52,120.46,123.99,499484,RAW,true,2024-07-23T20:15:00Z
bar-0003-20240723,1,inst_syn_0003,2024-07-23T13:30:00Z,2024-07-23T20:00:00Z,31.20,32.15,29.11,29.40,5526604,RAW,true,2024-07-23T20:15:00Z
bar-0004-20240723,1,inst_syn_0004,2024-07-23T13:30:00Z,2024-07-23T20:00:00Z,59.29,61.52,58.33,61.07,2258089,RAW,true,2024-07-23T20:15:00Z
bar-0005-20240723,1,inst_syn_0005,2024-07-23T13:30:00Z,2024-07-23T20:00:00Z,88.35,89.63,86.24,86.51,471813,RAW,true,2024-07-23T20:15:00Z
bar-0006-20240723,1,inst_syn_0006,2024-07-23T13:30:00Z,2024-07-23T20:00:00Z,261.83,271.05,255.54,257.76,470608,RAW,true,2024-07-23T20:15:00Z
bar-0007-20240723,1,inst_syn_0007,2024-07-23T13:30:00Z,2024-07-23T20:00:00Z,20.95,21.45,20.23,20.39,5362091,RAW,true,2024-07-23T20:15:00Z
bar-0008-20240723,1,inst_syn_0008,2024-07-23T13:30:00Z,2024-07-23T20:00:00Z,59.86,61.40,59.39,60.91,887921,RAW,true,2024-07-23T20:15:00Z
bar-0009-20240723,1,inst_syn_0009,2024-07-23T13:30:00Z,2024-07-23T20:00:00Z,16.78,16.85,15.78,15.97,3328161,RAW,true,2024-07-23T20:15:00Z
bar-0010-20240723,1,inst_syn_0010,2024-07-23T13:30:00Z,2024-07-23T20:00:00Z,20.54,21.23,19.10,19.60,5074750,RAW,true,2024-07-23T20:15:00Z
bar-0011-20240723,1,inst_syn_0011,2024-07-23T13:30:00Z,2024-07-23T20:00:00Z,258.23,259.48,253.74,256.36,5756185,RAW,true,2024-07-23T20:15:00Z
bar-0012-20240723,1,inst_syn_0012,2024-07-23T13:30:00Z,2024-07-23T20:00:00Z,77.01,77.14,75.43,75.82,2868375,RAW,true,2024-07-23T20:15:00Z
bar-0001-20240724,1,inst_syn_0001,2024-07-24T13:30:00Z,2024-07-24T20:00:00Z,45.52,46.35,44.30,44.35,1885489,RAW,true,2024-07-24T20:15:00Z
bar-0002-20240724,1,inst_syn_0002,2024-07-24T13:30:00Z,2024-07-24T20:00:00Z,123.78,124.07,122.48,122.94,305925,RAW,true,2024-07-24T20:15:00Z
bar-0003-20240724,1,inst_syn_0003,2024-07-24T13:30:00Z,2024-07-24T20:00:00Z,29.34,29.42,28.65,29.38,3384954,RAW,true,2024-07-24T20:15:00Z
bar-0004-20240724,1,inst_syn_0004,2024-07-24T13:30:00Z,2024-07-24T20:00:00Z,61.06,65.23,60.02,64.25,2130469,RAW,true,2024-07-24T20:15:00Z
bar-0005-20240724,1,inst_syn_0005,2024-07-24T13:30:00Z,2024-07-24T20:00:00Z,86.56,88.19,86.41,86.59,1232321,RAW,true,2024-07-24T20:15:00Z
bar-0006-20240724,1,inst_syn_0006,2024-07-24T13:30:00Z,2024-07-24T20:00:00Z,259.96,265.26,257.76,257.93,390297,RAW,true,2024-07-24T20:15:00Z
bar-0007-20240724,1,inst_syn_0007,2024-07-24T13:30:00Z,2024-07-24T20:00:00Z,20.52,20.72,19.96,20.38,5617443,RAW,true,2024-07-24T20:15:00Z
bar-0008-20240724,1,inst_syn_0008,2024-07-24T13:30:00Z,2024-07-24T20:00:00Z,60.03,60.48,59.68,60.15,650541,RAW,true,2024-07-24T20:15:00Z
bar-0009-20240724,1,inst_syn_0009,2024-07-24T13:30:00Z,2024-07-24T20:00:00Z,15.71,16.40,15.60,16.22,2490891,RAW,true,2024-07-24T20:15:00Z
bar-0010-20240724,1,inst_syn_0010,2024-07-24T13:30:00Z,2024-07-24T20:00:00Z,19.71,20.17,19.61,19.97,2175032,RAW,true,2024-07-24T20:15:00Z
bar-0011-20240724,1,inst_syn_0011,2024-07-24T13:30:00Z,2024-07-24T20:00:00Z,256.07,256.14,254.00,255.83,5478864,RAW,true,2024-07-24T20:15:00Z
bar-0012-20240724,1,inst_syn_0012,2024-07-24T13:30:00Z,2024-07-24T20:00:00Z,74.92,76.42,73.91,75.60,2175928,RAW,true,2024-07-24T20:15:00Z
bar-0001-20240725,1,inst_syn_0001,2024-07-25T13:30:00Z,2024-07-25T20:00:00Z,44.72,44.79,44.56,44.61,1421521,RAW,true,2024-07-25T20:15:00Z
bar-0002-20240725,1,inst_syn_0002,2024-07-25T13:30:00Z,2024-07-25T20:00:00Z,123.41,126.20,122.33,124.75,580422,RAW,true,2024-07-25T20:15:00Z
bar-0003-20240725,1,inst_syn_0003,2024-07-25T13:30:00Z,2024-07-25T20:00:00Z,29.14,29.46,28.93,29.01,4487858,RAW,true,2024-07-25T20:15:00Z
bar-0004-20240725,1,inst_syn_0004,2024-07-25T13:30:00Z,2024-07-25T20:00:00Z,64.87,66.51,62.04,62.58,1816741,RAW,true,2024-07-25T20:15:00Z
bar-0005-20240725,1,inst_syn_0005,2024-07-25T13:30:00Z,2024-07-25T20:00:00Z,86.90,88.15,86.79,86.99,1417421,RAW,true,2024-07-25T20:15:00Z
bar-0006-20240725,1,inst_syn_0006,2024-07-25T13:30:00Z,2024-07-25T20:00:00Z,255.29,255.38,249.86,250.67,601569,RAW,true,2024-07-25T20:15:00Z
bar-0007-20240725,1,inst_syn_0007,2024-07-25T13:30:00Z,2024-07-25T20:00:00Z,20.21,20.33,19.05,19.43,5698781,RAW,true,2024-07-25T20:15:00Z
bar-0008-20240725,1,inst_syn_0008,2024-07-25T13:30:00Z,2024-07-25T20:00:00Z,60.09,60.55,58.59,59.56,538272,RAW,true,2024-07-25T20:15:00Z
bar-0009-20240725,1,inst_syn_0009,2024-07-25T13:30:00Z,2024-07-25T20:00:00Z,16.42,16.74,15.55,15.58,2211826,RAW,true,2024-07-25T20:15:00Z
bar-0010-20240725,1,inst_syn_0010,2024-07-25T13:30:00Z,2024-07-25T20:00:00Z,19.63,20.07,18.82,19.34,5298873,RAW,true,2024-07-25T20:15:00Z
bar-0011-20240725,1,inst_syn_0011,2024-07-25T13:30:00Z,2024-07-25T20:00:00Z,254.61,255.63,253.40,253.46,9996485,RAW,true,2024-07-25T20:15:00Z
bar-0012-20240725,1,inst_syn_0012,2024-07-25T13:30:00Z,2024-07-25T20:00:00Z,76.02,76.14,73.22,74.62,2340563,RAW,true,2024-07-25T20:15:00Z
bar-0001-20240726,1,inst_syn_0001,2024-07-26T13:30:00Z,2024-07-26T20:00:00Z,44.32,45.60,43.50,45.25,1302988,RAW,true,2024-07-26T20:15:00Z
bar-0002-20240726,1,inst_syn_0002,2024-07-26T13:30:00Z,2024-07-26T20:00:00Z,124.57,125.02,123.94,124.25,861796,RAW,true,2024-07-26T20:15:00Z
bar-0003-20240726,1,inst_syn_0003,2024-07-26T13:30:00Z,2024-07-26T20:00:00Z,29.19,29.56,29.01,29.05,2656093,RAW,true,2024-07-26T20:15:00Z
bar-0004-20240726,1,inst_syn_0004,2024-07-26T13:30:00Z,2024-07-26T20:00:00Z,62.51,63.22,62.27,63.01,1153762,RAW,true,2024-07-26T20:15:00Z
bar-0005-20240726,1,inst_syn_0005,2024-07-26T13:30:00Z,2024-07-26T20:00:00Z,86.17,86.61,85.92,86.32,727674,RAW,true,2024-07-26T20:15:00Z
bar-0006-20240726,1,inst_syn_0006,2024-07-26T13:30:00Z,2024-07-26T20:00:00Z,247.68,250.92,240.67,245.03,792074,RAW,true,2024-07-26T20:15:00Z
bar-0007-20240726,1,inst_syn_0007,2024-07-26T13:30:00Z,2024-07-26T20:00:00Z,19.83,20.36,19.74,19.80,5451288,RAW,true,2024-07-26T20:15:00Z
bar-0008-20240726,1,inst_syn_0008,2024-07-26T13:30:00Z,2024-07-26T20:00:00Z,60.18,60.74,58.93,59.42,567063,RAW,true,2024-07-26T20:15:00Z
bar-0009-20240726,1,inst_syn_0009,2024-07-26T13:30:00Z,2024-07-26T20:00:00Z,15.94,16.48,15.27,15.47,2975111,RAW,true,2024-07-26T20:15:00Z
bar-0010-20240726,1,inst_syn_0010,2024-07-26T13:30:00Z,2024-07-26T20:00:00Z,19.48,20.71,19.19,19.36,3159158,RAW,true,2024-07-26T20:15:00Z
bar-0011-20240726,1,inst_syn_0011,2024-07-26T13:30:00Z,2024-07-26T20:00:00Z,254.40,254.93,249.06,249.95,9672934,RAW,true,2024-07-26T20:15:00Z
bar-0012-20240726,1,inst_syn_0012,2024-07-26T13:30:00Z,2024-07-26T20:00:00Z,74.09,74.68,73.42,74.30,4596755,RAW,true,2024-07-26T20:15:00Z
bar-0001-20240729,1,inst_syn_0001,2024-07-29T13:30:00Z,2024-07-29T20:00:00Z,45.35,45.62,45.13,45.45,1100107,RAW,true,2024-07-29T20:15:00Z
bar-0002-20240729,1,inst_syn_0002,2024-07-29T13:30:00Z,2024-07-29T20:00:00Z,125.82,127.32,123.00,124.62,373094,RAW,true,2024-07-29T20:15:00Z
bar-0003-20240729,1,inst_syn_0003,2024-07-29T13:30:00Z,2024-07-29T20:00:00Z,28.60,29.35,28.58,28.69,3694225,RAW,true,2024-07-29T20:15:00Z
bar-0004-20240729,1,inst_syn_0004,2024-07-29T13:30:00Z,2024-07-29T20:00:00Z,61.89,63.09,61.05,62.90,1458556,RAW,true,2024-07-29T20:15:00Z
bar-0005-20240729,1,inst_syn_0005,2024-07-29T13:30:00Z,2024-07-29T20:00:00Z,87.58,88.09,84.99,85.31,1299389,RAW,true,2024-07-29T20:15:00Z
bar-0006-20240729,1,inst_syn_0006,2024-07-29T13:30:00Z,2024-07-29T20:00:00Z,245.15,248.21,238.78,239.15,431734,RAW,true,2024-07-29T20:15:00Z
bar-0007-20240729,1,inst_syn_0007,2024-07-29T13:30:00Z,2024-07-29T20:00:00Z,19.90,20.03,19.29,19.69,3298125,RAW,true,2024-07-29T20:15:00Z
bar-0008-20240729,1,inst_syn_0008,2024-07-29T13:30:00Z,2024-07-29T20:00:00Z,59.48,59.51,58.05,58.66,440594,RAW,true,2024-07-29T20:15:00Z
bar-0009-20240729,1,inst_syn_0009,2024-07-29T13:30:00Z,2024-07-29T20:00:00Z,15.21,15.47,15.13,15.31,3274530,RAW,true,2024-07-29T20:15:00Z
bar-0010-20240729,1,inst_syn_0010,2024-07-29T13:30:00Z,2024-07-29T20:00:00Z,19.34,19.65,18.56,19.14,3341088,RAW,true,2024-07-29T20:15:00Z
bar-0011-20240729,1,inst_syn_0011,2024-07-29T13:30:00Z,2024-07-29T20:00:00Z,253.63,256.07,249.78,250.41,6435681,RAW,true,2024-07-29T20:15:00Z
bar-0012-20240729,1,inst_syn_0012,2024-07-29T13:30:00Z,2024-07-29T20:00:00Z,74.21,74.81,73.78,74.28,2050132,RAW,true,2024-07-29T20:15:00Z
bar-0001-20240730,1,inst_syn_0001,2024-07-30T13:30:00Z,2024-07-30T20:00:00Z,44.63,46.59,44.08,45.95,1072981,RAW,true,2024-07-30T20:15:00Z
bar-0002-20240730,1,inst_syn_0002,2024-07-30T13:30:00Z,2024-07-30T20:00:00Z,125.71,126.72,123.95,124.35,749829,RAW,true,2024-07-30T20:15:00Z
bar-0003-20240730,1,inst_syn_0003,2024-07-30T13:30:00Z,2024-07-30T20:00:00Z,29.10,30.84,28.65,29.87,5295385,RAW,true,2024-07-30T20:15:00Z
bar-0004-20240730,1,inst_syn_0004,2024-07-30T13:30:00Z,2024-07-30T20:00:00Z,61.50,63.61,60.44,63.24,1634787,RAW,true,2024-07-30T20:15:00Z
bar-0005-20240730,1,inst_syn_0005,2024-07-30T13:30:00Z,2024-07-30T20:00:00Z,85.95,86.38,83.48,83.93,1218678,RAW,true,2024-07-30T20:15:00Z
bar-0006-20240730,1,inst_syn_0006,2024-07-30T13:30:00Z,2024-07-30T20:00:00Z,238.60,249.46,234.91,246.80,305703,RAW,true,2024-07-30T20:15:00Z
bar-0007-20240730,1,inst_syn_0007,2024-07-30T13:30:00Z,2024-07-30T20:00:00Z,19.72,21.50,19.33,21.10,10296221,RAW,true,2024-07-30T20:15:00Z
bar-0008-20240730,1,inst_syn_0008,2024-07-30T13:30:00Z,2024-07-30T20:00:00Z,58.10,58.56,58.00,58.54,498252,RAW,true,2024-07-30T20:15:00Z
bar-0009-20240730,1,inst_syn_0009,2024-07-30T13:30:00Z,2024-07-30T20:00:00Z,15.01,16.33,14.96,16.05,3210337,RAW,true,2024-07-30T20:15:00Z
bar-0010-20240730,1,inst_syn_0010,2024-07-30T13:30:00Z,2024-07-30T20:00:00Z,18.94,19.24,18.68,19.04,4072185,RAW,true,2024-07-30T20:15:00Z
bar-0011-20240730,1,inst_syn_0011,2024-07-30T13:30:00Z,2024-07-30T20:00:00Z,251.15,251.54,249.06,251.21,9754439,RAW,true,2024-07-30T20:15:00Z
bar-0012-20240730,1,inst_syn_0012,2024-07-30T13:30:00Z,2024-07-30T20:00:00Z,73.59,74.06,73.42,73.84,4459575,RAW,true,2024-07-30T20:15:00Z
bar-0001-20240731,1,inst_syn_0001,2024-07-31T13:30:00Z,2024-07-31T20:00:00Z,46.03,46.94,45.40,45.82,1038099,RAW,true,2024-07-31T20:15:00Z
bar-0002-20240731,1,inst_syn_0002,2024-07-31T13:30:00Z,2024-07-31T20:00:00Z,124.60,124.75,119.07,120.07,858798,RAW,true,2024-07-31T20:15:00Z
bar-0003-20240731,1,inst_syn_0003,2024-07-31T13:30:00Z,2024-07-31T20:00:00Z,29.64,31.60,28.99,31.10,4520913,RAW,true,2024-07-31T20:15:00Z
bar-0004-20240731,1,inst_syn_0004,2024-07-31T13:30:00Z,2024-07-31T20:00:00Z,63.84,64.86,61.37,61.54,1407310,RAW,true,2024-07-31T20:15:00Z
bar-0005-20240731,1,inst_syn_0005,2024-07-31T13:30:00Z,2024-07-31T20:00:00Z,82.93,85.50,82.24,85.06,1287361,RAW,true,2024-07-31T20:15:00Z
bar-0006-20240731,1,inst_syn_0006,2024-07-31T13:30:00Z,2024-07-31T20:00:00Z,243.71,246.53,239.22,239.30,327239,RAW,true,2024-07-31T20:15:00Z
bar-0007-20240731,1,inst_syn_0007,2024-07-31T13:30:00Z,2024-07-31T20:00:00Z,20.78,20.88,20.36,20.74,4634399,RAW,true,2024-07-31T20:15:00Z
bar-0008-20240731,1,inst_syn_0008,2024-07-31T13:30:00Z,2024-07-31T20:00:00Z,59.50,59.79,55.91,57.22,796283,RAW,true,2024-07-31T20:15:00Z
bar-0009-20240731,1,inst_syn_0009,2024-07-31T13:30:00Z,2024-07-31T20:00:00Z,16.10,16.21,15.36,15.79,4136219,RAW,true,2024-07-31T20:15:00Z
bar-0010-20240731,1,inst_syn_0010,2024-07-31T13:30:00Z,2024-07-31T20:00:00Z,19.24,19.72,17.50,17.56,7754099,RAW,true,2024-07-31T20:15:00Z
bar-0011-20240731,1,inst_syn_0011,2024-07-31T13:30:00Z,2024-07-31T20:00:00Z,251.53,253.49,243.41,246.96,6640279,RAW,true,2024-07-31T20:15:00Z
bar-0012-20240731,1,inst_syn_0012,2024-07-31T13:30:00Z,2024-07-31T20:00:00Z,73.07,73.19,72.59,72.61,1756171,RAW,true,2024-07-31T20:15:00Z
bar-0001-20240801,1,inst_syn_0001,2024-08-01T13:30:00Z,2024-08-01T20:00:00Z,46.12,46.38,45.32,45.98,1475746,RAW,true,2024-08-01T20:15:00Z
bar-0002-20240801,1,inst_syn_0002,2024-08-01T13:30:00Z,2024-08-01T20:00:00Z,120.88,123.01,120.78,121.87,515437,RAW,true,2024-08-01T20:15:00Z
bar-0003-20240801,1,inst_syn_0003,2024-08-01T13:30:00Z,2024-08-01T20:00:00Z,30.85,32.41,30.11,31.19,2822823,RAW,true,2024-08-01T20:15:00Z
bar-0004-20240801,1,inst_syn_0004,2024-08-01T13:30:00Z,2024-08-01T20:00:00Z,61.21,63.48,61.12,63.02,2020445,RAW,true,2024-08-01T20:15:00Z
bar-0005-20240801,1,inst_syn_0005,2024-08-01T13:30:00Z,2024-08-01T20:00:00Z,85.48,87.22,83.72,87.18,1033094,RAW,true,2024-08-01T20:15:00Z
bar-0006-20240801,1,inst_syn_0006,2024-08-01T13:30:00Z,2024-08-01T20:00:00Z,238.17,239.36,228.25,230.12,385827,RAW,true,2024-08-01T20:15:00Z
bar-0007-20240801,1,inst_syn_0007,2024-08-01T13:30:00Z,2024-08-01T20:00:00Z,20.20,21.88,19.96,21.63,5199130,RAW,true,2024-08-01T20:15:00Z
bar-0008-20240801,1,inst_syn_0008,2024-08-01T13:30:00Z,2024-08-01T20:00:00Z,56.02,57.95,55.49,57.54,496109,RAW,true,2024-08-01T20:15:00Z
bar-0009-20240801,1,inst_syn_0009,2024-08-01T13:30:00Z,2024-08-01T20:00:00Z,15.34,17.20,15.09,16.82,4063915,RAW,true,2024-08-01T20:15:00Z
bar-0010-20240801,1,inst_syn_0010,2024-08-01T13:30:00Z,2024-08-01T20:00:00Z,17.70,17.89,16.78,17.40,4910132,RAW,true,2024-08-01T20:15:00Z
bar-0011-20240801,1,inst_syn_0011,2024-08-01T13:30:00Z,2024-08-01T20:00:00Z,245.73,249.45,243.47,248.66,10100948,RAW,true,2024-08-01T20:15:00Z
bar-0012-20240801,1,inst_syn_0012,2024-08-01T13:30:00Z,2024-08-01T20:00:00Z,72.07,73.42,71.99,72.96,2483824,RAW,true,2024-08-01T20:15:00Z
bar-0001-20240802,1,inst_syn_0001,2024-08-02T13:30:00Z,2024-08-02T20:00:00Z,46.07,46.92,46.00,46.68,1267304,RAW,true,2024-08-02T20:15:00Z
bar-0002-20240802,1,inst_syn_0002,2024-08-02T13:30:00Z,2024-08-02T20:00:00Z,122.73,124.33,122.47,123.51,663730,RAW,true,2024-08-02T20:15:00Z
bar-0003-20240802,1,inst_syn_0003,2024-08-02T13:30:00Z,2024-08-02T20:00:00Z,31.05,32.08,30.61,31.63,3557934,RAW,true,2024-08-02T20:15:00Z
bar-0004-20240802,1,inst_syn_0004,2024-08-02T13:30:00Z,2024-08-02T20:00:00Z,62.14,65.18,60.76,63.18,1226492,RAW,true,2024-08-02T20:15:00Z
bar-0005-20240802,1,inst_syn_0005,2024-08-02T13:30:00Z,2024-08-02T20:00:00Z,86.78,87.14,86.09,87.00,931836,RAW,true,2024-08-02T20:15:00Z
bar-0006-20240802,1,inst_syn_0006,2024-08-02T13:30:00Z,2024-08-02T20:00:00Z,227.64,237.38,226.32,234.64,379739,RAW,true,2024-08-02T20:15:00Z
bar-0007-20240802,1,inst_syn_0007,2024-08-02T13:30:00Z,2024-08-02T20:00:00Z,21.43,22.23,20.15,21.50,6286807,RAW,true,2024-08-02T20:15:00Z
bar-0008-20240802,1,inst_syn_0008,2024-08-02T13:30:00Z,2024-08-02T20:00:00Z,57.26,57.85,56.96,57.20,809192,RAW,true,2024-08-02T20:15:00Z
bar-0009-20240802,1,inst_syn_0009,2024-08-02T13:30:00Z,2024-08-02T20:00:00Z,16.62,17.21,16.35,16.38,3567410,RAW,true,2024-08-02T20:15:00Z
bar-0010-20240802,1,inst_syn_0010,2024-08-02T13:30:00Z,2024-08-02T20:00:00Z,17.39,18.20,17.23,17.73,5230339,RAW,true,2024-08-02T20:15:00Z
bar-0011-20240802,1,inst_syn_0011,2024-08-02T13:30:00Z,2024-08-02T20:00:00Z,250.14,252.20,249.33,251.24,9575509,RAW,true,2024-08-02T20:15:00Z
bar-0012-20240802,1,inst_syn_0012,2024-08-02T13:30:00Z,2024-08-02T20:00:00Z,72.80,74.19,72.51,73.37,3589223,RAW,true,2024-08-02T20:15:00Z
bar-0001-20240805,1,inst_syn_0001,2024-08-05T13:30:00Z,2024-08-05T20:00:00Z,47.02,47.28,46.85,46.93,1674514,RAW,true,2024-08-05T20:15:00Z
bar-0002-20240805,1,inst_syn_0002,2024-08-05T13:30:00Z,2024-08-05T20:00:00Z,123.82,125.11,119.40,120.57,527406,RAW,true,2024-08-05T20:15:00Z
bar-0003-20240805,1,inst_syn_0003,2024-08-05T13:30:00Z,2024-08-05T20:00:00Z,32.30,32.79,31.34,31.49,3553341,RAW,true,2024-08-05T20:15:00Z
bar-0004-20240805,1,inst_syn_0004,2024-08-05T13:30:00Z,2024-08-05T20:00:00Z,62.72,63.10,61.30,62.00,2122654,RAW,true,2024-08-05T20:15:00Z
bar-0005-20240805,1,inst_syn_0005,2024-08-05T13:30:00Z,2024-08-05T20:00:00Z,87.70,89.40,85.00,86.53,940177,RAW,true,2024-08-05T20:15:00Z
bar-0006-20240805,1,inst_syn_0006,2024-08-05T13:30:00Z,2024-08-05T20:00:00Z,234.98,237.91,226.77,232.82,416223,RAW,true,2024-08-05T20:15:00Z
bar-0007-20240805,1,inst_syn_0007,2024-08-05T13:30:00Z,2024-08-05T20:00:00Z,21.44,22.05,21.32,21.73,5702266,RAW,true,2024-08-05T20:15:00Z
bar-0008-20240805,1,inst_syn_0008,2024-08-05T13:30:00Z,2024-08-05T20:00:00Z,57.21,57.69,55.46,56.69,1103578,RAW,true,2024-08-05T20:15:00Z
bar-0009-20240805,1,inst_syn_0009,2024-08-05T13:30:00Z,2024-08-05T20:00:00Z,16.30,16.45,15.82,16.00,2628631,RAW,true,2024-08-05T20:15:00Z
bar-0010-20240805,1,inst_syn_0010,2024-08-05T13:30:00Z,2024-08-05T20:00:00Z,17.55,18.33,17.02,17.43,4524896,RAW,true,2024-08-05T20:15:00Z
bar-0011-20240805,1,inst_syn_0011,2024-08-05T13:30:00Z,2024-08-05T20:00:00Z,252.12,254.16,247.26,248.25,6852434,RAW,true,2024-08-05T20:15:00Z
bar-0012-20240805,1,inst_syn_0012,2024-08-05T13:30:00Z,2024-08-05T20:00:00Z,73.26,73.83,71.34,72.23,3300061,RAW,true,2024-08-05T20:15:00Z
bar-0001-20240806,1,inst_syn_0001,2024-08-06T13:30:00Z,2024-08-06T20:00:00Z,47.64,48.78,47.45,47.52,1159426,RAW,true,2024-08-06T20:15:00Z
bar-0002-20240806,1,inst_syn_0002,2024-08-06T13:30:00Z,2024-08-06T20:00:00Z,120.31,120.57,117.48,119.85,522792,RAW,true,2024-08-06T20:15:00Z
bar-0003-20240806,1,inst_syn_0003,2024-08-06T13:30:00Z,2024-08-06T20:00:00Z,31.90,33.23,30.95,32.39,4665094,RAW,true,2024-08-06T20:15:00Z
bar-0004-20240806,1,inst_syn_0004,2024-08-06T13:30:00Z,2024-08-06T20:00:00Z,62.28,63.52,61.33,62.56,1771355,RAW,true,2024-08-06T20:15:00Z
bar-0005-20240806,1,inst_syn_0005,2024-08-06T13:30:00Z,2024-08-06T20:00:00Z,86.45,87.89,82.85,83.81,1150200,RAW,true,2024-08-06T20:15:00Z
bar-0006-20240806,1,inst_syn_0006,2024-08-06T13:30:00Z,2024-08-06T20:00:00Z,235.58,241.96,229.80,232.33,459757,RAW,true,2024-08-06T20:15:00Z
bar-0007-20240806,1,inst_syn_0007,2024-08-06T13:30:00Z,2024-08-06T20:00:00Z,21.63,22.72,21.57,22.51,8765538,RAW,true,2024-08-06T20:15:00Z
bar-0008-20240806,1,inst_syn_0008,2024-08-06T13:30:00Z,2024-08-06T20:00:00Z,55.44,57.37,55.29,57.09,666043,RAW,true,2024-08-06T20:15:00Z
bar-0009-20240806,1,inst_syn_0009,2024-08-06T13:30:00Z,2024-08-06T20:00:00Z,15.53,16.50,15.14,16.42,4132995,RAW,true,2024-08-06T20:15:00Z
bar-0010-20240806,1,inst_syn_0010,2024-08-06T13:30:00Z,2024-08-06T20:00:00Z,16.96,17.58,16.95,17.53,3950056,RAW,true,2024-08-06T20:15:00Z
bar-0011-20240806,1,inst_syn_0011,2024-08-06T13:30:00Z,2024-08-06T20:00:00Z,250.01,252.85,247.56,248.65,7790374,RAW,true,2024-08-06T20:15:00Z
bar-0012-20240806,1,inst_syn_0012,2024-08-06T13:30:00Z,2024-08-06T20:00:00Z,72.39,72.42,71.92,72.00,1391310,RAW,true,2024-08-06T20:15:00Z
bar-0001-20240807,1,inst_syn_0001,2024-08-07T13:30:00Z,2024-08-07T20:00:00Z,47.68,49.35,47.35,49.04,1772540,RAW,true,2024-08-07T20:15:00Z
bar-0002-20240807,1,inst_syn_0002,2024-08-07T13:30:00Z,2024-08-07T20:00:00Z,118.94,119.45,116.34,117.02,498919,RAW,true,2024-08-07T20:15:00Z
bar-0003-20240807,1,inst_syn_0003,2024-08-07T13:30:00Z,2024-08-07T20:00:00Z,32.50,33.88,31.75,33.02,3482628,RAW,true,2024-08-07T20:15:00Z
bar-0004-20240807,1,inst_syn_0004,2024-08-07T13:30:00Z,2024-08-07T20:00:00Z,61.70,67.05,60.69,66.23,1540465,RAW,true,2024-08-07T20:15:00Z
bar-0005-20240807,1,inst_syn_0005,2024-08-07T13:30:00Z,2024-08-07T20:00:00Z,83.13,85.73,82.11,85.59,1595730,RAW,true,2024-08-07T20:15:00Z
bar-0006-20240807,1,inst_syn_0006,2024-08-07T13:30:00Z,2024-08-07T20:00:00Z,232.04,235.88,229.74,232.44,424724,RAW,true,2024-08-07T20:15:00Z
bar-0007-20240807,1,inst_syn_0007,2024-08-07T13:30:00Z,2024-08-07T20:00:00Z,23.02,23.23,21.80,22.36,6148354,RAW,true,2024-08-07T20:15:00Z
bar-0008-20240807,1,inst_syn_0008,2024-08-07T13:30:00Z,2024-08-07T20:00:00Z,57.21,58.10,56.52,58.00,609747,RAW,true,2024-08-07T20:15:00Z
bar-0009-20240807,1,inst_syn_0009,2024-08-07T13:30:00Z,2024-08-07T20:00:00Z,15.87,16.83,15.54,16.53,2599072,RAW,true,2024-08-07T20:15:00Z
bar-0010-20240807,1,inst_syn_0010,2024-08-07T13:30:00Z,2024-08-07T20:00:00Z,17.70,18.06,17.14,17.69,3625551,RAW,true,2024-08-07T20:15:00Z
bar-0011-20240807,1,inst_syn_0011,2024-08-07T13:30:00Z,2024-08-07T20:00:00Z,249.66,251.98,248.66,248.77,9181284,RAW,true,2024-08-07T20:15:00Z
bar-0012-20240807,1,inst_syn_0012,2024-08-07T13:30:00Z,2024-08-07T20:00:00Z,72.09,72.82,71.85,72.53,3115343,RAW,true,2024-08-07T20:15:00Z
bar-0001-20240808,1,inst_syn_0001,2024-08-08T13:30:00Z,2024-08-08T20:00:00Z,49.69,49.81,47.78,48.16,1708633,RAW,true,2024-08-08T20:15:00Z
bar-0002-20240808,1,inst_syn_0002,2024-08-08T13:30:00Z,2024-08-08T20:00:00Z,117.59,117.85,116.09,116.59,541554,RAW,true,2024-08-08T20:15:00Z
bar-0003-20240808,1,inst_syn_0003,2024-08-08T13:30:00Z,2024-08-08T20:00:00Z,32.66,33.08,31.44,32.19,3806628,RAW,true,2024-08-08T20:15:00Z
bar-0004-20240808,1,inst_syn_0004,2024-08-08T13:30:00Z,2024-08-08T20:00:00Z,66.39,67.49,65.32,65.74,1382759,RAW,true,2024-08-08T20:15:00Z
bar-0005-20240808,1,inst_syn_0005,2024-08-08T13:30:00Z,2024-08-08T20:00:00Z,85.83,86.96,85.44,86.40,840335,RAW,true,2024-08-08T20:15:00Z
bar-0006-20240808,1,inst_syn_0006,2024-08-08T13:30:00Z,2024-08-08T20:00:00Z,235.45,240.12,230.85,231.00,544563,RAW,true,2024-08-08T20:15:00Z
bar-0007-20240808,1,inst_syn_0007,2024-08-08T13:30:00Z,2024-08-08T20:00:00Z,22.96,23.84,21.02,21.26,4950761,RAW,true,2024-08-08T20:15:00Z
bar-0008-20240808,1,inst_syn_0008,2024-08-08T13:30:00Z,2024-08-08T20:00:00Z,58.29,59.10,55.73,57.02,827067,RAW,true,2024-08-08T20:15:00Z
bar-0009-20240808,1,inst_syn_0009,2024-08-08T13:30:00Z,2024-08-08T20:00:00Z,16.85,16.98,16.35,16.37,2618504,RAW,true,2024-08-08T20:15:00Z
bar-0010-20240808,1,inst_syn_0010,2024-08-08T13:30:00Z,2024-08-08T20:00:00Z,17.76,18.12,17.09,17.66,1254868,RAW,true,2024-08-08T20:15:00Z
bar-0011-20240808,1,inst_syn_0011,2024-08-08T13:30:00Z,2024-08-08T20:00:00Z,251.26,254.77,243.47,247.16,10687566,RAW,true,2024-08-08T20:15:00Z
bar-0012-20240808,1,inst_syn_0012,2024-08-08T13:30:00Z,2024-08-08T20:00:00Z,72.81,72.85,71.41,71.48,3914429,RAW,true,2024-08-08T20:15:00Z
bar-0001-20240809,1,inst_syn_0001,2024-08-09T13:30:00Z,2024-08-09T20:00:00Z,48.42,49.16,47.50,48.89,1079225,RAW,true,2024-08-09T20:15:00Z
bar-0002-20240809,1,inst_syn_0002,2024-08-09T13:30:00Z,2024-08-09T20:00:00Z,115.35,117.87,115.00,117.60,863827,RAW,true,2024-08-09T20:15:00Z
bar-0003-20240809,1,inst_syn_0003,2024-08-09T13:30:00Z,2024-08-09T20:00:00Z,32.05,33.65,31.67,33.45,4420255,RAW,true,2024-08-09T20:15:00Z
bar-0004-20240809,1,inst_syn_0004,2024-08-09T13:30:00Z,2024-08-09T20:00:00Z,65.79,66.20,63.78,64.10,1599022,RAW,true,2024-08-09T20:15:00Z
bar-0005-20240809,1,inst_syn_0005,2024-08-09T13:30:00Z,2024-08-09T20:00:00Z,85.25,88.47,85.17,86.21,960947,RAW,true,2024-08-09T20:15:00Z
bar-0006-20240809,1,inst_syn_0006,2024-08-09T13:30:00Z,2024-08-09T20:00:00Z,227.30,237.03,226.25,234.85,432082,RAW,true,2024-08-09T20:15:00Z
bar-0007-20240809,1,inst_syn_0007,2024-08-09T13:30:00Z,2024-08-09T20:00:00Z,21.35,21.54,20.98,21.21,4284526,RAW,true,2024-08-09T20:15:00Z
bar-0008-20240809,1,inst_syn_0008,2024-08-09T13:30:00Z,2024-08-09T20:00:00Z,57.13,57.58,55.62,56.41,567356,RAW,true,2024-08-09T20:15:00Z
bar-0009-20240809,1,inst_syn_0009,2024-08-09T13:30:00Z,2024-08-09T20:00:00Z,16.33,16.97,16.11,16.96,1942181,RAW,true,2024-08-09T20:15:00Z
bar-0010-20240809,1,inst_syn_0010,2024-08-09T13:30:00Z,2024-08-09T20:00:00Z,18.13,18.18,16.58,16.92,4895792,RAW,true,2024-08-09T20:15:00Z
bar-0011-20240809,1,inst_syn_0011,2024-08-09T13:30:00Z,2024-08-09T20:00:00Z,249.98,253.02,246.77,246.90,7789802,RAW,true,2024-08-09T20:15:00Z
bar-0012-20240809,1,inst_syn_0012,2024-08-09T13:30:00Z,2024-08-09T20:00:00Z,71.86,72.55,70.29,70.59,3951755,RAW,true,2024-08-09T20:15:00Z
bar-0001-20240812,1,inst_syn_0001,2024-08-12T13:30:00Z,2024-08-12T20:00:00Z,48.45,48.75,47.82,47.85,1060425,RAW,true,2024-08-12T20:15:00Z
bar-0002-20240812,1,inst_syn_0002,2024-08-12T13:30:00Z,2024-08-12T20:00:00Z,116.51,118.04,115.18,115.36,601102,RAW,true,2024-08-12T20:15:00Z
bar-0003-20240812,1,inst_syn_0003,2024-08-12T13:30:00Z,2024-08-12T20:00:00Z,33.47,34.89,31.17,31.26,3942067,RAW,true,2024-08-12T20:15:00Z
bar-0004-20240812,1,inst_syn_0004,2024-08-12T13:30:00Z,2024-08-12T20:00:00Z,63.54,64.17,61.02,61.65,2659125,RAW,true,2024-08-12T20:15:00Z
bar-0005-20240812,1,inst_syn_0005,2024-08-12T13:30:00Z,2024-08-12T20:00:00Z,87.63,87.65,83.80,85.11,757103,RAW,true,2024-08-12T20:15:00Z
bar-0006-20240812,1,inst_syn_0006,2024-08-12T13:30:00Z,2024-08-12T20:00:00Z,233.87,234.86,225.36,229.77,379092,RAW,true,2024-08-12T20:15:00Z
bar-0007-20240812,1,inst_syn_0007,2024-08-12T13:30:00Z,2024-08-12T20:00:00Z,21.41,21.71,19.82,20.17,4381014,RAW,true,2024-08-12T20:15:00Z
bar-0008-20240812,1,inst_syn_0008,2024-08-12T13:30:00Z,2024-08-12T20:00:00Z,56.11,57.15,54.24,55.06,614946,RAW,true,2024-08-12T20:15:00Z
bar-0009-20240812,1,inst_syn_0009,2024-08-12T13:30:00Z,2024-08-12T20:00:00Z,17.05,17.28,16.29,16.60,2883435,RAW,true,2024-08-12T20:15:00Z
bar-0010-20240812,1,inst_syn_0010,2024-08-12T13:30:00Z,2024-08-12T20:00:00Z,16.79,17.04,16.30,16.86,3605536,RAW,true,2024-08-12T20:15:00Z
bar-0011-20240812,1,inst_syn_0011,2024-08-12T13:30:00Z,2024-08-12T20:00:00Z,246.99,247.52,238.94,238.98,5679775,RAW,true,2024-08-12T20:15:00Z
bar-0012-20240812,1,inst_syn_0012,2024-08-12T13:30:00Z,2024-08-12T20:00:00Z,70.64,72.16,67.55,68.08,2958653,RAW,true,2024-08-12T20:15:00Z
bar-0001-20240813,1,inst_syn_0001,2024-08-13T13:30:00Z,2024-08-13T20:00:00Z,47.92,48.51,47.72,48.51,692774,RAW,true,2024-08-13T20:15:00Z
bar-0002-20240813,1,inst_syn_0002,2024-08-13T13:30:00Z,2024-08-13T20:00:00Z,115.18,115.30,113.20,113.28,482949,RAW,true,2024-08-13T20:15:00Z
bar-0003-20240813,1,inst_syn_0003,2024-08-13T13:30:00Z,2024-08-13T20:00:00Z,31.30,31.41,30.26,30.57,3403778,RAW,true,2024-08-13T20:15:00Z
bar-0004-20240813,1,inst_syn_0004,2024-08-13T13:30:00Z,2024-08-13T20:00:00Z,61.34,61.78,60.16,60.36,2319318,RAW,true,2024-08-13T20:15:00Z
bar-0005-20240813,1,inst_syn_0005,2024-08-13T13:30:00Z,2024-08-13T20:00:00Z,84.54,85.91,83.11,83.96,1013828,RAW,true,2024-08-13T20:15:00Z
bar-0006-20240813,1,inst_syn_0006,2024-08-13T13:30:00Z,2024-08-13T20:00:00Z,228.83,232.69,222.15,228.27,341015,RAW,true,2024-08-13T20:15:00Z
bar-0007-20240813,1,inst_syn_0007,2024-08-13T13:30:00Z,2024-08-13T20:00:00Z,19.69,21.96,19.50,21.09,6363665,RAW,true,2024-08-13T20:15:00Z
bar-0008-20240813,1,inst_syn_0008,2024-08-13T13:30:00Z,2024-08-13T20:00:00Z,54.80,55.65,52.76,52.86,912502,RAW,true,2024-08-13T20:15:00Z
bar-0009-20240813,1,inst_syn_0009,2024-08-13T13:30:00Z,2024-08-13T20:00:00Z,17.10,17.12,16.50,16.68,2858628,RAW,true,2024-08-13T20:15:00Z
bar-0010-20240813,1,inst_syn_0010,2024-08-13T13:30:00Z,2024-08-13T20:00:00Z,16.96,17.45,16.71,17.21,2918585,RAW,true,2024-08-13T20:15:00Z
bar-0011-20240813,1,inst_syn_0011,2024-08-13T13:30:00Z,2024-08-13T20:00:00Z,236.97,240.26,236.67,238.18,6849478,RAW,true,2024-08-13T20:15:00Z
bar-0012-20240813,1,inst_syn_0012,2024-08-13T13:30:00Z,2024-08-13T20:00:00Z,68.20,68.57,67.57,67.62,3305476,RAW,true,2024-08-13T20:15:00Z
bar-0001-20240814,1,inst_syn_0001,2024-08-14T13:30:00Z,2024-08-14T20:00:00Z,48.71,49.32,46.84,47.45,1294059,RAW,true,2024-08-14T20:15:00Z
bar-0002-20240814,1,inst_syn_0002,2024-08-14T13:30:00Z,2024-08-14T20:00:00Z,114.34,115.39,112.49,113.73,706683,RAW,true,2024-08-14T20:15:00Z
bar-0003-20240814,1,inst_syn_0003,2024-08-14T13:30:00Z,2024-08-14T20:00:00Z,31.05,31.54,27.76,28.61,4642269,RAW,true,2024-08-14T20:15:00Z
bar-0004-20240814,1,inst_syn_0004,2024-08-14T13:30:00Z,2024-08-14T20:00:00Z,61.49,62.08,60.08,60.32,818940,RAW,true,2024-08-14T20:15:00Z
bar-0005-20240814,1,inst_syn_0005,2024-08-14T13:30:00Z,2024-08-14T20:00:00Z,84.64,85.20,81.83,82.19,444474,RAW,true,2024-08-14T20:15:00Z
bar-0006-20240814,1,inst_syn_0006,2024-08-14T13:30:00Z,2024-08-14T20:00:00Z,229.02,234.22,222.54,223.70,504114,RAW,true,2024-08-14T20:15:00Z
bar-0007-20240814,1,inst_syn_0007,2024-08-14T13:30:00Z,2024-08-14T20:00:00Z,21.34,21.47,19.89,20.28,6612801,RAW,true,2024-08-14T20:15:00Z
bar-0008-20240814,1,inst_syn_0008,2024-08-14T13:30:00Z,2024-08-14T20:00:00Z,51.89,53.68,51.82,52.80,565410,RAW,true,2024-08-14T20:15:00Z
bar-0009-20240814,1,inst_syn_0009,2024-08-14T13:30:00Z,2024-08-14T20:00:00Z,16.66,16.95,16.48,16.84,2485945,RAW,true,2024-08-14T20:15:00Z
bar-0010-20240814,1,inst_syn_0010,2024-08-14T13:30:00Z,2024-08-14T20:00:00Z,17.38,17.53,16.16,16.33,3139329,RAW,true,2024-08-14T20:15:00Z
bar-0011-20240814,1,inst_syn_0011,2024-08-14T13:30:00Z,2024-08-14T20:00:00Z,238.02,238.84,231.70,233.43,6693586,RAW,true,2024-08-14T20:15:00Z
bar-0012-20240814,1,inst_syn_0012,2024-08-14T13:30:00Z,2024-08-14T20:00:00Z,68.17,68.24,65.03,65.57,3227382,RAW,true,2024-08-14T20:15:00Z
bar-0001-20240815,1,inst_syn_0001,2024-08-15T13:30:00Z,2024-08-15T20:00:00Z,47.89,49.45,47.57,48.72,1561663,RAW,true,2024-08-15T20:15:00Z
bar-0002-20240815,1,inst_syn_0002,2024-08-15T13:30:00Z,2024-08-15T20:00:00Z,112.20,118.32,111.16,116.48,872890,RAW,true,2024-08-15T20:15:00Z
bar-0003-20240815,1,inst_syn_0003,2024-08-15T13:30:00Z,2024-08-15T20:00:00Z,29.07,29.86,28.41,29.56,4672159,RAW,true,2024-08-15T20:15:00Z
bar-0004-20240815,1,inst_syn_0004,2024-08-15T13:30:00Z,2024-08-15T20:00:00Z,60.90,62.63,60.62,62.61,1181312,RAW,true,2024-08-15T20:15:00Z
bar-0005-20240815,1,inst_syn_0005,2024-08-15T13:30:00Z,2024-08-15T20:00:00Z,82.00,84.47,81.90,82.73,1277197,RAW,true,2024-08-15T20:15:00Z
bar-0006-20240815,1,inst_syn_0006,2024-08-15T13:30:00Z,2024-08-15T20:00:00Z,221.75,225.38,219.15,223.63,359833,RAW,true,2024-08-15T20:15:00Z
bar-0007-20240815,1,inst_syn_0007,2024-08-15T13:30:00Z,2024-08-15T20:00:00Z,20.31,22.02,19.92,21.38,3659528,RAW,true,2024-08-15T20:15:00Z
bar-0008-20240815,1,inst_syn_0008,2024-08-15T13:30:00Z,2024-08-15T20:00:00Z,52.15,53.34,51.45,53.28,1049864,RAW,true,2024-08-15T20:15:00Z
bar-0009-20240815,1,inst_syn_0009,2024-08-15T13:30:00Z,2024-08-15T20:00:00Z,16.59,17.62,16.55,17.55,2822181,RAW,true,2024-08-15T20:15:00Z
bar-0010-20240815,1,inst_syn_0010,2024-08-15T13:30:00Z,2024-08-15T20:00:00Z,16.31,16.66,15.65,15.98,3815902,RAW,true,2024-08-15T20:15:00Z
bar-0011-20240815,1,inst_syn_0011,2024-08-15T13:30:00Z,2024-08-15T20:00:00Z,233.71,242.24,233.59,238.94,9602727,RAW,true,2024-08-15T20:15:00Z
bar-0012-20240815,1,inst_syn_0012,2024-08-15T13:30:00Z,2024-08-15T20:00:00Z,65.68,67.97,65.40,67.10,3671067,RAW,true,2024-08-15T20:15:00Z
bar-0001-20240816,1,inst_syn_0001,2024-08-16T13:30:00Z,2024-08-16T20:00:00Z,49.47,50.15,49.14,49.66,956566,RAW,true,2024-08-16T20:15:00Z
bar-0002-20240816,1,inst_syn_0002,2024-08-16T13:30:00Z,2024-08-16T20:00:00Z,115.51,121.88,113.85,121.14,700912,RAW,true,2024-08-16T20:15:00Z
bar-0003-20240816,1,inst_syn_0003,2024-08-16T13:30:00Z,2024-08-16T20:00:00Z,29.49,30.92,29.00,30.19,2461769,RAW,true,2024-08-16T20:15:00Z
bar-0004-20240816,1,inst_syn_0004,2024-08-16T13:30:00Z,2024-08-16T20:00:00Z,63.04,64.38,62.41,63.65,1943526,RAW,true,2024-08-16T20:15:00Z
bar-0005-20240816,1,inst_syn_0005,2024-08-16T13:30:00Z,2024-08-16T20:00:00Z,82.36,85.80,81.86,85.34,1530660,RAW,true,2024-08-16T20:15:00Z
bar-0006-20240816,1,inst_syn_0006,2024-08-16T13:30:00Z,2024-08-16T20:00:00Z,222.37,230.47,220.92,228.83,748085,RAW,true,2024-08-16T20:15:00Z
bar-0007-20240816,1,inst_syn_0007,2024-08-16T13:30:00Z,2024-08-16T20:00:00Z,21.26,21.70,20.83,21.51,4485029,RAW,true,2024-08-16T20:15:00Z
bar-0008-20240816,1,inst_syn_0008,2024-08-16T13:30:00Z,2024-08-16T20:00:00Z,52.76,54.65,52.11,54.44,713814,RAW,true,2024-08-16T20:15:00Z
bar-0009-20240816,1,inst_syn_0009,2024-08-16T13:30:00Z,2024-08-16T20:00:00Z,17.72,19.18,16.71,18.96,5301169,RAW,true,2024-08-16T20:15:00Z
bar-0010-20240816,1,inst_syn_0010,2024-08-16T13:30:00Z,2024-08-16T20:00:00Z,15.78,15.83,14.93,15.38,3374354,RAW,true,2024-08-16T20:15:00Z
bar-0011-20240816,1,inst_syn_0011,2024-08-16T13:30:00Z,2024-08-16T20:00:00Z,240.10,243.81,237.77,243.48,8056685,RAW,true,2024-08-16T20:15:00Z
bar-0012-20240816,1,inst_syn_0012,2024-08-16T13:30:00Z,2024-08-16T20:00:00Z,67.44,68.55,67.39,68.26,3406395,RAW,true,2024-08-16T20:15:00Z
bar-0001-20240819,1,inst_syn_0001,2024-08-19T13:30:00Z,2024-08-19T20:00:00Z,49.79,50.60,48.48,48.81,1891718,RAW,true,2024-08-19T20:15:00Z
bar-0002-20240819,1,inst_syn_0002,2024-08-19T13:30:00Z,2024-08-19T20:00:00Z,122.08,123.18,116.01,116.25,789778,RAW,true,2024-08-19T20:15:00Z
bar-0003-20240819,1,inst_syn_0003,2024-08-19T13:30:00Z,2024-08-19T20:00:00Z,29.27,29.76,28.29,29.54,4073804,RAW,true,2024-08-19T20:15:00Z
bar-0004-20240819,1,inst_syn_0004,2024-08-19T13:30:00Z,2024-08-19T20:00:00Z,63.03,64.98,62.72,63.53,2134402,RAW,true,2024-08-19T20:15:00Z
bar-0005-20240819,1,inst_syn_0005,2024-08-19T13:30:00Z,2024-08-19T20:00:00Z,86.19,87.89,83.49,84.17,999279,RAW,true,2024-08-19T20:15:00Z
bar-0006-20240819,1,inst_syn_0006,2024-08-19T13:30:00Z,2024-08-19T20:00:00Z,224.47,225.90,224.18,225.00,518286,RAW,true,2024-08-19T20:15:00Z
bar-0007-20240819,1,inst_syn_0007,2024-08-19T13:30:00Z,2024-08-19T20:00:00Z,21.07,21.32,20.82,21.27,5633238,RAW,true,2024-08-19T20:15:00Z
bar-0008-20240819,1,inst_syn_0008,2024-08-19T13:30:00Z,2024-08-19T20:00:00Z,53.37,55.28,52.49,54.73,182535,RAW,true,2024-08-19T20:15:00Z
bar-0009-20240819,1,inst_syn_0009,2024-08-19T13:30:00Z,2024-08-19T20:00:00Z,19.08,19.24,18.06,18.95,3382530,RAW,true,2024-08-19T20:15:00Z
bar-0010-20240819,1,inst_syn_0010,2024-08-19T13:30:00Z,2024-08-19T20:00:00Z,15.55,15.87,14.99,15.46,4471558,RAW,true,2024-08-19T20:15:00Z
bar-0011-20240819,1,inst_syn_0011,2024-08-19T13:30:00Z,2024-08-19T20:00:00Z,241.88,242.97,239.14,241.57,6993603,RAW,true,2024-08-19T20:15:00Z
bar-0012-20240819,1,inst_syn_0012,2024-08-19T13:30:00Z,2024-08-19T20:00:00Z,67.99,68.03,67.67,67.87,3356963,RAW,true,2024-08-19T20:15:00Z
bar-0001-20240820,1,inst_syn_0001,2024-08-20T13:30:00Z,2024-08-20T20:00:00Z,48.18,49.00,47.82,47.97,865913,RAW,true,2024-08-20T20:15:00Z
bar-0002-20240820,1,inst_syn_0002,2024-08-20T13:30:00Z,2024-08-20T20:00:00Z,116.99,117.92,111.20,111.90,679770,RAW,true,2024-08-20T20:15:00Z
bar-0003-20240820,1,inst_syn_0003,2024-08-20T13:30:00Z,2024-08-20T20:00:00Z,29.85,29.96,27.65,28.58,5941399,RAW,true,2024-08-20T20:15:00Z
bar-0004-20240820,1,inst_syn_0004,2024-08-20T13:30:00Z,2024-08-20T20:00:00Z,63.26,64.69,60.87,61.99,2001590,RAW,true,2024-08-20T20:15:00Z
bar-0005-20240820,1,inst_syn_0005,2024-08-20T13:30:00Z,2024-08-20T20:00:00Z,84.29,86.08,80.92,81.66,1303361,RAW,true,2024-08-20T20:15:00Z
bar-0006-20240820,1,inst_syn_0006,2024-08-20T13:30:00Z,2024-08-20T20:00:00Z,223.34,223.53,220.21,220.96,467362,RAW,true,2024-08-20T20:15:00Z
bar-0007-20240820,1,inst_syn_0007,2024-08-20T13:30:00Z,2024-08-20T20:00:00Z,21.44,21.55,19.93,20.29,4538439,RAW,true,2024-08-20T20:15:00Z
bar-0008-20240820,1,inst_syn_0008,2024-08-20T13:30:00Z,2024-08-20T20:00:00Z,54.84,55.00,53.92,53.99,873403,RAW,true,2024-08-20T20:15:00Z
bar-0009-20240820,1,inst_syn_0009,2024-08-20T13:30:00Z,2024-08-20T20:00:00Z,19.52,19.65,18.38,18.51,1981182,RAW,true,2024-08-20T20:15:00Z
bar-0010-20240820,1,inst_syn_0010,2024-08-20T13:30:00Z,2024-08-20T20:00:00Z,15.63,15.69,14.64,14.77,6092534,RAW,true,2024-08-20T20:15:00Z
bar-0011-20240820,1,inst_syn_0011,2024-08-20T13:30:00Z,2024-08-20T20:00:00Z,242.66,244.46,235.58,235.65,9415153,RAW,true,2024-08-20T20:15:00Z
bar-0012-20240820,1,inst_syn_0012,2024-08-20T13:30:00Z,2024-08-20T20:00:00Z,68.03,68.08,65.65,65.85,4242979,RAW,true,2024-08-20T20:15:00Z
bar-0001-20240821,1,inst_syn_0001,2024-08-21T13:30:00Z,2024-08-21T20:00:00Z,48.61,49.25,47.33,47.65,1579100,RAW,true,2024-08-21T20:15:00Z
bar-0002-20240821,1,inst_syn_0002,2024-08-21T13:30:00Z,2024-08-21T20:00:00Z,113.27,113.76,110.38,112.57,551493,RAW,true,2024-08-21T20:15:00Z
bar-0003-20240821,1,inst_syn_0003,2024-08-21T13:30:00Z,2024-08-21T20:00:00Z,28.76,29.08,27.58,27.96,4471537,RAW,true,2024-08-21T20:15:00Z
bar-0004-20240821,1,inst_syn_0004,2024-08-21T13:30:00Z,2024-08-21T20:00:00Z,63.05,65.72,60.89,61.71,1701235,RAW,true,2024-08-21T20:15:00Z
bar-0005-20240821,1,inst_syn_0005,2024-08-21T13:30:00Z,2024-08-21T20:00:00Z,81.06,81.71,80.79,81.02,928962,RAW,true,2024-08-21T20:15:00Z
bar-0006-20240821,1,inst_syn_0006,2024-08-21T13:30:00Z,2024-08-21T20:00:00Z,221.69,221.99,219.12,220.42,332496,RAW,true,2024-08-21T20:15:00Z
bar-0007-20240821,1,inst_syn_0007,2024-08-21T13:30:00Z,2024-08-21T20:00:00Z,20.67,21.41,18.98,19.32,6875545,RAW,true,2024-08-21T20:15:00Z
bar-0008-20240821,1,inst_syn_0008,2024-08-21T13:30:00Z,2024-08-21T20:00:00Z,53.73,55.15,53.36,54.86,626743,RAW,true,2024-08-21T20:15:00Z
bar-0009-20240821,1,inst_syn_0009,2024-08-21T13:30:00Z,2024-08-21T20:00:00Z,18.64,18.94,18.07,18.72,2911258,RAW,true,2024-08-21T20:15:00Z
bar-0010-20240821,1,inst_syn_0010,2024-08-21T13:30:00Z,2024-08-21T20:00:00Z,15.06,15.38,13.95,14.75,2463264,RAW,true,2024-08-21T20:15:00Z
bar-0011-20240821,1,inst_syn_0011,2024-08-21T13:30:00Z,2024-08-21T20:00:00Z,236.49,237.50,232.86,233.95,7648257,RAW,true,2024-08-21T20:15:00Z
bar-0012-20240821,1,inst_syn_0012,2024-08-21T13:30:00Z,2024-08-21T20:00:00Z,65.30,66.37,64.96,65.82,1661928,RAW,true,2024-08-21T20:15:00Z
bar-0001-20240822,1,inst_syn_0001,2024-08-22T13:30:00Z,2024-08-22T20:00:00Z,47.69,50.16,47.09,49.84,1388303,RAW,true,2024-08-22T20:15:00Z
bar-0002-20240822,1,inst_syn_0002,2024-08-22T13:30:00Z,2024-08-22T20:00:00Z,112.46,117.30,112.17,116.19,413344,RAW,true,2024-08-22T20:15:00Z
bar-0003-20240822,1,inst_syn_0003,2024-08-22T13:30:00Z,2024-08-22T20:00:00Z,27.90,30.99,27.65,30.19,5441187,RAW,true,2024-08-22T20:15:00Z
bar-0004-20240822,1,inst_syn_0004,2024-08-22T13:30:00Z,2024-08-22T20:00:00Z,61.19,64.47,60.19,63.82,2085671,RAW,true,2024-08-22T20:15:00Z
bar-0005-20240822,1,inst_syn_0005,2024-08-22T13:30:00Z,2024-08-22T20:00:00Z,81.96,82.77,81.71,82.40,1435550,RAW,true,2024-08-22T20:15:00Z
bar-0006-20240822,1,inst_syn_0006,2024-08-22T13:30:00Z,2024-08-22T20:00:00Z,218.60,229.61,215.72,222.77,582445,RAW,true,2024-08-22T20:15:00Z
bar-0007-20240822,1,inst_syn_0007,2024-08-22T13:30:00Z,2024-08-22T20:00:00Z,18.81,20.38,18.77,20.17,3551570,RAW,true,2024-08-22T20:15:00Z
bar-0008-20240822,1,inst_syn_0008,2024-08-22T13:30:00Z,2024-08-22T20:00:00Z,54.55,56.09,54.49,56.02,974070,RAW,true,2024-08-22T20:15:00Z
bar-0009-20240822,1,inst_syn_0009,2024-08-22T13:30:00Z,2024-08-22T20:00:00Z,18.03,20.12,17.81,19.92,3232586,RAW,true,2024-08-22T20:15:00Z
bar-0010-20240822,1,inst_syn_0010,2024-08-22T13:30:00Z,2024-08-22T20:00:00Z,14.81,15.95,14.44,15.94,6306776,RAW,true,2024-08-22T20:15:00Z
bar-0011-20240822,1,inst_syn_0011,2024-08-22T13:30:00Z,2024-08-22T20:00:00Z,234.71,241.36,234.21,241.15,9908416,RAW,true,2024-08-22T20:15:00Z
bar-0012-20240822,1,inst_syn_0012,2024-08-22T13:30:00Z,2024-08-22T20:00:00Z,64.94,68.22,64.74,68.19,4052230,RAW,true,2024-08-22T20:15:00Z
bar-0001-20240823,1,inst_syn_0001,2024-08-23T13:30:00Z,2024-08-23T20:00:00Z,50.12,50.91,50.01,50.23,1277142,RAW,true,2024-08-23T20:15:00Z
bar-0002-20240823,1,inst_syn_0002,2024-08-23T13:30:00Z,2024-08-23T20:00:00Z,117.06,118.28,113.61,117.15,586101,RAW,true,2024-08-23T20:15:00Z
bar-0003-20240823,1,inst_syn_0003,2024-08-23T13:30:00Z,2024-08-23T20:00:00Z,30.86,32.60,30.58,31.80,5080452,RAW,true,2024-08-23T20:15:00Z
bar-0004-20240823,1,inst_syn_0004,2024-08-23T13:30:00Z,2024-08-23T20:00:00Z,63.88,64.26,60.70,62.72,2465406,RAW,true,2024-08-23T20:15:00Z
bar-0005-20240823,1,inst_syn_0005,2024-08-23T13:30:00Z,2024-08-23T20:00:00Z,83.20,85.75,82.66,84.76,1082084,RAW,true,2024-08-23T20:15:00Z
bar-0006-20240823,1,inst_syn_0006,2024-08-23T13:30:00Z,2024-08-23T20:00:00Z,222.37,230.93,221.14,228.49,471481,RAW,true,2024-08-23T20:15:00Z
bar-0007-20240823,1,inst_syn_0007,2024-08-23T13:30:00Z,2024-08-23T20:00:00Z,20.66,21.48,19.51,19.81,4670659,RAW,true,2024-08-23T20:15:00Z
bar-0008-20240823,1,inst_syn_0008,2024-08-23T13:30:00Z,2024-08-23T20:00:00Z,55.89,55.95,55.22,55.81,898587,RAW,true,2024-08-23T20:15:00Z
bar-0009-20240823,1,inst_syn_0009,2024-08-23T13:30:00Z,2024-08-23T20:00:00Z,19.81,20.40,19.43,20.10,2064349,RAW,true,2024-08-23T20:15:00Z
bar-0010-20240823,1,inst_syn_0010,2024-08-23T13:30:00Z,2024-08-23T20:00:00Z,16.07,16.42,15.23,15.72,2985241,RAW,true,2024-08-23T20:15:00Z
bar-0011-20240823,1,inst_syn_0011,2024-08-23T13:30:00Z,2024-08-23T20:00:00Z,242.59,243.13,241.32,242.74,4406702,RAW,true,2024-08-23T20:15:00Z
bar-0012-20240823,1,inst_syn_0012,2024-08-23T13:30:00Z,2024-08-23T20:00:00Z,68.11,69.53,68.08,69.32,2514964,RAW,true,2024-08-23T20:15:00Z
bar-0001-20240826,1,inst_syn_0001,2024-08-26T13:30:00Z,2024-08-26T20:00:00Z,49.49,49.62,48.23,49.29,1577050,RAW,true,2024-08-26T20:15:00Z
bar-0002-20240826,1,inst_syn_0002,2024-08-26T13:30:00Z,2024-08-26T20:00:00Z,117.65,118.66,111.70,114.17,626855,RAW,true,2024-08-26T20:15:00Z
bar-0003-20240826,1,inst_syn_0003,2024-08-26T13:30:00Z,2024-08-26T20:00:00Z,32.00,32.92,31.10,32.37,5578554,RAW,true,2024-08-26T20:15:00Z
bar-0004-20240826,1,inst_syn_0004,2024-08-26T13:30:00Z,2024-08-26T20:00:00Z,62.90,64.06,61.48,62.12,2056588,RAW,true,2024-08-26T20:15:00Z
bar-0005-20240826,1,inst_syn_0005,2024-08-26T13:30:00Z,2024-08-26T20:00:00Z,84.65,85.76,82.23,83.23,1063378,RAW,true,2024-08-26T20:15:00Z
bar-0006-20240826,1,inst_syn_0006,2024-08-26T13:30:00Z,2024-08-26T20:00:00Z,230.66,232.69,230.27,231.86,414523,RAW,true,2024-08-26T20:15:00Z
bar-0007-20240826,1,inst_syn_0007,2024-08-26T13:30:00Z,2024-08-26T20:00:00Z,20.04,20.58,19.20,19.36,4255599,RAW,true,2024-08-26T20:15:00Z
bar-0008-20240826,1,inst_syn_0008,2024-08-26T13:30:00Z,2024-08-26T20:00:00Z,56.16,56.43,54.86,56.34,560562,RAW,true,2024-08-26T20:15:00Z
bar-0009-20240826,1,inst_syn_0009,2024-08-26T13:30:00Z,2024-08-26T20:00:00Z,19.68,19.84,19.56,19.72,2612610,RAW,true,2024-08-26T20:15:00Z
bar-0010-20240826,1,inst_syn_0010,2024-08-26T13:30:00Z,2024-08-26T20:00:00Z,15.67,15.69,14.38,14.49,4930655,RAW,true,2024-08-26T20:15:00Z
bar-0011-20240826,1,inst_syn_0011,2024-08-26T13:30:00Z,2024-08-26T20:00:00Z,242.19,243.33,238.38,239.20,4081258,RAW,true,2024-08-26T20:15:00Z
bar-0012-20240826,1,inst_syn_0012,2024-08-26T13:30:00Z,2024-08-26T20:00:00Z,69.12,69.37,68.14,68.49,2240410,RAW,true,2024-08-26T20:15:00Z
bar-0001-20240827,1,inst_syn_0001,2024-08-27T13:30:00Z,2024-08-27T20:00:00Z,49.28,49.56,48.99,49.20,1135175,RAW,true,2024-08-27T20:15:00Z
bar-0002-20240827,1,inst_syn_0002,2024-08-27T13:30:00Z,2024-08-27T20:00:00Z,112.29,114.24,111.97,113.51,778226,RAW,true,2024-08-27T20:15:00Z
bar-0003-20240827,1,inst_syn_0003,2024-08-27T13:30:00Z,2024-08-27T20:00:00Z,31.72,33.88,31.47,33.73,3661088,RAW,true,2024-08-27T20:15:00Z
bar-0004-20240827,1,inst_syn_0004,2024-08-27T13:30:00Z,2024-08-27T20:00:00Z,63.43,63.44,58.91,60.24,1935175,RAW,true,2024-08-27T20:15:00Z
bar-0005-20240827,1,inst_syn_0005,2024-08-27T13:30:00Z,2024-08-27T20:00:00Z,82.07,84.82,81.64,83.17,847394,RAW,true,2024-08-27T20:15:00Z
bar-0006-20240827,1,inst_syn_0006,2024-08-27T13:30:00Z,2024-08-27T20:00:00Z,231.40,239.21,226.50,235.26,557443,RAW,true,2024-08-27T20:15:00Z
bar-0007-20240827,1,inst_syn_0007,2024-08-27T13:30:00Z,2024-08-27T20:00:00Z,19.05,19.39,18.86,19.24,5279903,RAW,true,2024-08-27T20:15:00Z
bar-0008-20240827,1,inst_syn_0008,2024-08-27T13:30:00Z,2024-08-27T20:00:00Z,56.78,56.99,53.84,54.97,843950,RAW,true,2024-08-27T20:15:00Z
bar-0009-20240827,1,inst_syn_0009,2024-08-27T13:30:00Z,2024-08-27T20:00:00Z,19.73,20.28,19.36,20.03,2798350,RAW,true,2024-08-27T20:15:00Z
bar-0010-20240827,1,inst_syn_0010,2024-08-27T13:30:00Z,2024-08-27T20:00:00Z,14.20,14.27,13.46,14.01,5617467,RAW,true,2024-08-27T20:15:00Z
bar-0011-20240827,1,inst_syn_0011,2024-08-27T13:30:00Z,2024-08-27T20:00:00Z,237.18,241.30,235.92,240.06,11478083,RAW,true,2024-08-27T20:15:00Z
bar-0012-20240827,1,inst_syn_0012,2024-08-27T13:30:00Z,2024-08-27T20:00:00Z,68.31,68.81,67.47,68.34,3747149,RAW,true,2024-08-27T20:15:00Z
bar-0001-20240828,1,inst_syn_0001,2024-08-28T13:30:00Z,2024-08-28T20:00:00Z,49.05,49.82,49.00,49.66,749029,RAW,true,2024-08-28T20:15:00Z
bar-0002-20240828,1,inst_syn_0002,2024-08-28T13:30:00Z,2024-08-28T20:00:00Z,113.07,114.76,113.05,113.45,552196,RAW,true,2024-08-28T20:15:00Z
bar-0003-20240828,1,inst_syn_0003,2024-08-28T13:30:00Z,2024-08-28T20:00:00Z,33.53,34.63,33.22,34.12,3665327,RAW,true,2024-08-28T20:15:00Z
bar-0004-20240828,1,inst_syn_0004,2024-08-28T13:30:00Z,2024-08-28T20:00:00Z,59.94,60.35,59.26,59.70,1166228,RAW,true,2024-08-28T20:15:00Z
bar-0005-20240828,1,inst_syn_0005,2024-08-28T13:30:00Z,2024-08-28T20:00:00Z,83.12,84.58,81.91,84.17,955440,RAW,true,2024-08-28T20:15:00Z
bar-0006-20240828,1,inst_syn_0006,2024-08-28T13:30:00Z,2024-08-28T20:00:00Z,234.56,239.05,233.33,237.89,248515,RAW,true,2024-08-28T20:15:00Z
bar-0007-20240828,1,inst_syn_0007,2024-08-28T13:30:00Z,2024-08-28T20:00:00Z,19.45,20.14,19.23,20.10,4300896,RAW,true,2024-08-28T20:15:00Z
bar-0008-20240828,1,inst_syn_0008,2024-08-28T13:30:00Z,2024-08-28T20:00:00Z,54.69,55.05,54.28,54.78,399963,RAW,true,2024-08-28T20:15:00Z
bar-0009-20240828,1,inst_syn_0009,2024-08-28T13:30:00Z,2024-08-28T20:00:00Z,19.89,20.65,19.41,20.27,2254449,RAW,true,2024-08-28T20:15:00Z
bar-0010-20240828,1,inst_syn_0010,2024-08-28T13:30:00Z,2024-08-28T20:00:00Z,13.99,14.33,13.52,13.69,2902198,RAW,true,2024-08-28T20:15:00Z
bar-0011-20240828,1,inst_syn_0011,2024-08-28T13:30:00Z,2024-08-28T20:00:00Z,240.37,242.84,239.84,241.88,5029816,RAW,true,2024-08-28T20:15:00Z
bar-0012-20240828,1,inst_syn_0012,2024-08-28T13:30:00Z,2024-08-28T20:00:00Z,68.46,69.26,68.14,68.96,1571561,RAW,true,2024-08-28T20:15:00Z
bar-0001-20240829,1,inst_syn_0001,2024-08-29T13:30:00Z,2024-08-29T20:00:00Z,49.96,50.67,49.40,49.45,1065475,RAW,true,2024-08-29T20:15:00Z
bar-0002-20240829,1,inst_syn_0002,2024-08-29T13:30:00Z,2024-08-29T20:00:00Z,113.98,116.11,112.13,112.32,515372,RAW,true,2024-08-29T20:15:00Z
bar-0003-20240829,1,inst_syn_0003,2024-08-29T13:30:00Z,2024-08-29T20:00:00Z,34.53,35.33,34.00,34.23,3100890,RAW,true,2024-08-29T20:15:00Z
bar-0004-20240829,1,inst_syn_0004,2024-08-29T13:30:00Z,2024-08-29T20:00:00Z,60.25,61.31,60.07,60.88,1205708,RAW,true,2024-08-29T20:15:00Z
bar-0005-20240829,1,inst_syn_0005,2024-08-29T13:30:00Z,2024-08-29T20:00:00Z,83.31,84.18,82.72,83.85,872229,RAW,true,2024-08-29T20:15:00Z
bar-0006-20240829,1,inst_syn_0006,2024-08-29T13:30:00Z,2024-08-29T20:00:00Z,235.80,243.87,232.07,242.69,291567,RAW,true,2024-08-29T20:15:00Z
bar-0007-20240829,1,inst_syn_0007,2024-08-29T13:30:00Z,2024-08-29T20:00:00Z,19.99,20.49,19.61,20.04,3999034,RAW,true,2024-08-29T20:15:00Z
bar-0008-20240829,1,inst_syn_0008,2024-08-29T13:30:00Z,2024-08-29T20:00:00Z,54.81,55.65,53.71,54.65,732389,RAW,true,2024-08-29T20:15:00Z
bar-0009-20240829,1,inst_syn_0009,2024-08-29T13:30:00Z,2024-08-29T20:00:00Z,20.48,20.54,19.89,20.10,1605878,RAW,true,2024-08-29T20:15:00Z
bar-0010-20240829,1,inst_syn_0010,2024-08-29T13:30:00Z,2024-08-29T20:00:00Z,13.84,14.20,13.51,13.54,3268361,RAW,true,2024-08-29T20:15:00Z
bar-0011-20240829,1,inst_syn_0011,2024-08-29T13:30:00Z,2024-08-29T20:00:00Z,241.34,242.01,240.75,241.18,4540593,RAW,true,2024-08-29T20:15:00Z
bar-0012-20240829,1,inst_syn_0012,2024-08-29T13:30:00Z,2024-08-29T20:00:00Z,69.71,69.95,68.38,68.90,2278208,RAW,true,2024-08-29T20:15:00Z
bar-0001-20240830,1,inst_syn_0001,2024-08-30T13:30:00Z,2024-08-30T20:00:00Z,49.96,50.54,48.75,48.99,843178,RAW,true,2024-08-30T20:15:00Z
bar-0002-20240830,1,inst_syn_0002,2024-08-30T13:30:00Z,2024-08-30T20:00:00Z,111.32,112.08,109.17,110.79,435017,RAW,true,2024-08-30T20:15:00Z
bar-0003-20240830,1,inst_syn_0003,2024-08-30T13:30:00Z,2024-08-30T20:00:00Z,34.22,35.09,34.17,34.60,2149127,RAW,true,2024-08-30T20:15:00Z
bar-0004-20240830,1,inst_syn_0004,2024-08-30T13:30:00Z,2024-08-30T20:00:00Z,61.47,61.64,60.69,61.32,1041866,RAW,true,2024-08-30T20:15:00Z
bar-0005-20240830,1,inst_syn_0005,2024-08-30T13:30:00Z,2024-08-30T20:00:00Z,83.72,85.68,83.36,85.28,1253570,RAW,true,2024-08-30T20:15:00Z
bar-0006-20240830,1,inst_syn_0006,2024-08-30T13:30:00Z,2024-08-30T20:00:00Z,240.87,244.60,239.26,244.40,338523,RAW,true,2024-08-30T20:15:00Z
bar-0007-20240830,1,inst_syn_0007,2024-08-30T13:30:00Z,2024-08-30T20:00:00Z,19.88,20.37,19.30,20.20,3112492,RAW,true,2024-08-30T20:15:00Z
bar-0008-20240830,1,inst_syn_0008,2024-08-30T13:30:00Z,2024-08-30T20:00:00Z,54.31,55.82,53.82,55.81,656888,RAW,true,2024-08-30T20:15:00Z
bar-0009-20240830,1,inst_syn_0009,2024-08-30T13:30:00Z,2024-08-30T20:00:00Z,20.01,21.20,19.72,21.01,2785589,RAW,true,2024-08-30T20:15:00Z
bar-0010-20240830,1,inst_syn_0010,2024-08-30T13:30:00Z,2024-08-30T20:00:00Z,13.39,13.79,13.07,13.44,3586517,RAW,true,2024-08-30T20:15:00Z
bar-0011-20240830,1,inst_syn_0011,2024-08-30T13:30:00Z,2024-08-30T20:00:00Z,241.49,246.41,241.40,243.74,4213176,RAW,true,2024-08-30T20:15:00Z
bar-0012-20240830,1,inst_syn_0012,2024-08-30T13:30:00Z,2024-08-30T20:00:00Z,68.88,69.89,68.75,69.71,2402522,RAW,true,2024-08-30T20:15:00Z
bar-0001-20240903,1,inst_syn_0001,2024-09-03T13:30:00Z,2024-09-03T20:00:00Z,48.94,49.50,47.62,48.12,727287,RAW,true,2024-09-03T20:15:00Z
bar-0002-20240903,1,inst_syn_0002,2024-09-03T13:30:00Z,2024-09-03T20:00:00Z,110.31,111.62,109.20,109.38,646043,RAW,true,2024-09-03T20:15:00Z
bar-0003-20240903,1,inst_syn_0003,2024-09-03T13:30:00Z,2024-09-03T20:00:00Z,34.57,35.15,33.69,34.03,3694876,RAW,true,2024-09-03T20:15:00Z
bar-0004-20240903,1,inst_syn_0004,2024-09-03T13:30:00Z,2024-09-03T20:00:00Z,61.07,61.69,59.73,59.95,1779185,RAW,true,2024-09-03T20:15:00Z
bar-0005-20240903,1,inst_syn_0005,2024-09-03T13:30:00Z,2024-09-03T20:00:00Z,85.62,86.70,85.05,85.57,760785,RAW,true,2024-09-03T20:15:00Z
bar-0006-20240903,1,inst_syn_0006,2024-09-03T13:30:00Z,2024-09-03T20:00:00Z,244.08,246.65,236.33,236.77,471662,RAW,true,2024-09-03T20:15:00Z
bar-0007-20240903,1,inst_syn_0007,2024-09-03T13:30:00Z,2024-09-03T20:00:00Z,20.25,20.26,19.49,19.66,3933719,RAW,true,2024-09-03T20:15:00Z
bar-0008-20240903,1,inst_syn_0008,2024-09-03T13:30:00Z,2024-09-03T20:00:00Z,54.97,55.29,54.46,55.02,380658,RAW,true,2024-09-03T20:15:00Z
bar-0009-20240903,1,inst_syn_0009,2024-09-03T13:30:00Z,2024-09-03T20:00:00Z,21.49,21.83,21.45,21.64,3066361,RAW,true,2024-09-03T20:15:00Z
bar-0010-20240903,1,inst_syn_0010,2024-09-03T13:30:00Z,2024-09-03T20:00:00Z,13.48,13.68,12.55,12.95,3460680,RAW,true,2024-09-03T20:15:00Z
bar-0011-20240903,1,inst_syn_0011,2024-09-03T13:30:00Z,2024-09-03T20:00:00Z,243.08,243.58,238.04,239.96,7484636,RAW,true,2024-09-03T20:15:00Z
bar-0012-20240903,1,inst_syn_0012,2024-09-03T13:30:00Z,2024-09-03T20:00:00Z,69.44,69.57,67.61,68.28,2095498,RAW,true,2024-09-03T20:15:00Z
bar-0001-20240904,1,inst_syn_0001,2024-09-04T13:30:00Z,2024-09-04T20:00:00Z,47.87,48.30,46.04,46.74,769300,RAW,true,2024-09-04T20:15:00Z
bar-0002-20240904,1,inst_syn_0002,2024-09-04T13:30:00Z,2024-09-04T20:00:00Z,109.70,110.05,106.23,107.07,531051,RAW,true,2024-09-04T20:15:00Z
bar-0003-20240904,1,inst_syn_0003,2024-09-04T13:30:00Z,2024-09-04T20:00:00Z,33.60,33.88,32.31,33.03,3759385,RAW,true,2024-09-04T20:15:00Z
bar-0004-20240904,1,inst_syn_0004,2024-09-04T13:30:00Z,2024-09-04T20:00:00Z,59.51,59.83,58.32,59.19,971726,RAW,true,2024-09-04T20:15:00Z
bar-0005-20240904,1,inst_syn_0005,2024-09-04T13:30:00Z,2024-09-04T20:00:00Z,86.21,87.22,81.34,81.90,1102514,RAW,true,2024-09-04T20:15:00Z
bar-0006-20240904,1,inst_syn_0006,2024-09-04T13:30:00Z,2024-09-04T20:00:00Z,238.75,239.68,232.57,233.59,439673,RAW,true,2024-09-04T20:15:00Z
bar-0007-20240904,1,inst_syn_0007,2024-09-04T13:30:00Z,2024-09-04T20:00:00Z,19.65,20.53,19.20,20.27,5456743,RAW,true,2024-09-04T20:15:00Z
bar-0008-20240904,1,inst_syn_0008,2024-09-04T13:30:00Z,2024-09-04T20:00:00Z,55.27,55.36,52.91,53.35,622001,RAW,true,2024-09-04T20:15:00Z
bar-0009-20240904,1,inst_syn_0009,2024-09-04T13:30:00Z,2024-09-04T20:00:00Z,21.65,22.63,21.64,22.39,2076287,RAW,true,2024-09-04T20:15:00Z
bar-0010-20240904,1,inst_syn_0010,2024-09-04T13:30:00Z,2024-09-04T20:00:00Z,13.01,13.59,12.38,12.58,2756623,RAW,true,2024-09-04T20:15:00Z
bar-0011-20240904,1,inst_syn_0011,2024-09-04T13:30:00Z,2024-09-04T20:00:00Z,239.56,240.59,236.49,237.84,7663918,RAW,true,2024-09-04T20:15:00Z
bar-0012-20240904,1,inst_syn_0012,2024-09-04T13:30:00Z,2024-09-04T20:00:00Z,68.13,68.20,67.05,67.43,3026980,RAW,true,2024-09-04T20:15:00Z
bar-0001-20240905,1,inst_syn_0001,2024-09-05T13:30:00Z,2024-09-05T20:00:00Z,46.61,47.05,45.89,46.27,1169929,RAW,true,2024-09-05T20:15:00Z
bar-0002-20240905,1,inst_syn_0002,2024-09-05T13:30:00Z,2024-09-05T20:00:00Z,107.21,109.05,105.69,107.86,396046,RAW,true,2024-09-05T20:15:00Z
bar-0003-20240905,1,inst_syn_0003,2024-09-05T13:30:00Z,2024-09-05T20:00:00Z,33.01,33.50,32.77,32.80,2825714,RAW,true,2024-09-05T20:15:00Z
bar-0004-20240905,1,inst_syn_0004,2024-09-05T13:30:00Z,2024-09-05T20:00:00Z,59.29,60.41,58.83,60.40,985068,RAW,true,2024-09-05T20:15:00Z
bar-0005-20240905,1,inst_syn_0005,2024-09-05T13:30:00Z,2024-09-05T20:00:00Z,81.91,82.65,80.59,81.55,923954,RAW,true,2024-09-05T20:15:00Z
bar-0006-20240905,1,inst_syn_0006,2024-09-05T13:30:00Z,2024-09-05T20:00:00Z,232.26,234.62,229.26,229.92,389892,RAW,true,2024-09-05T20:15:00Z
bar-0007-20240905,1,inst_syn_0007,2024-09-05T13:30:00Z,2024-09-05T20:00:00Z,19.89,20.55,19.30,20.37,3459491,RAW,true,2024-09-05T20:15:00Z
bar-0008-20240905,1,inst_syn_0008,2024-09-05T13:30:00Z,2024-09-05T20:00:00Z,52.77,53.39,52.76,53.19,462945,RAW,true,2024-09-05T20:15:00Z
bar-0009-20240905,1,inst_syn_0009,2024-09-05T13:30:00Z,2024-09-05T20:00:00Z,22.31,22.83,21.97,22.23,1888496,RAW,true,2024-09-05T20:15:00Z
bar-0010-20240905,1,inst_syn_0010,2024-09-05T13:30:00Z,2024-09-05T20:00:00Z,12.64,13.44,12.44,13.40,3130888,RAW,true,2024-09-05T20:15:00Z
bar-0011-20240905,1,inst_syn_0011,2024-09-05T13:30:00Z,2024-09-05T20:00:00Z,238.47,238.67,236.96,237.37,3866520,RAW,true,2024-09-05T20:15:00Z
bar-0012-20240905,1,inst_syn_0012,2024-09-05T13:30:00Z,2024-09-05T20:00:00Z,67.46,68.12,66.59,67.06,1993475,RAW,true,2024-09-05T20:15:00Z
bar-0001-20240906,1,inst_syn_0001,2024-09-06T13:30:00Z,2024-09-06T20:00:00Z,46.10,47.53,46.05,47.07,1000360,RAW,true,2024-09-06T20:15:00Z
bar-0002-20240906,1,inst_syn_0002,2024-09-06T13:30:00Z,2024-09-06T20:00:00Z,108.70,109.56,108.46,109.36,249515,RAW,true,2024-09-06T20:15:00Z
bar-0003-20240906,1,inst_syn_0003,2024-09-06T13:30:00Z,2024-09-06T20:00:00Z,32.96,34.33,32.86,33.77,4515152,RAW,true,2024-09-06T20:15:00Z
bar-0004-20240906,1,inst_syn_0004,2024-09-06T13:30:00Z,2024-09-06T20:00:00Z,60.41,60.61,58.50,59.13,1249207,RAW,true,2024-09-06T20:15:00Z
bar-0005-20240906,1,inst_syn_0005,2024-09-06T13:30:00Z,2024-09-06T20:00:00Z,81.14,81.84,80.05,81.40,840482,RAW,true,2024-09-06T20:15:00Z
bar-0006-20240906,1,inst_syn_0006,2024-09-06T13:30:00Z,2024-09-06T20:00:00Z,228.20,230.67,225.95,229.65,282079,RAW,true,2024-09-06T20:15:00Z
bar-0007-20240906,1,inst_syn_0007,2024-09-06T13:30:00Z,2024-09-06T20:00:00Z,20.35,20.60,20.19,20.53,4652929,RAW,true,2024-09-06T20:15:00Z
bar-0008-20240906,1,inst_syn_0008,2024-09-06T13:30:00Z,2024-09-06T20:00:00Z,53.22,54.59,53.20,53.77,744511,RAW,true,2024-09-06T20:15:00Z
bar-0009-20240906,1,inst_syn_0009,2024-09-06T13:30:00Z,2024-09-06T20:00:00Z,22.01,22.54,21.60,22.04,2466394,RAW,true,2024-09-06T20:15:00Z
bar-0010-20240906,1,inst_syn_0010,2024-09-06T13:30:00Z,2024-09-06T20:00:00Z,13.51,13.75,12.84,13.06,2432851,RAW,true,2024-09-06T20:15:00Z
bar-0011-20240906,1,inst_syn_0011,2024-09-06T13:30:00Z,2024-09-06T20:00:00Z,236.92,239.62,234.28,238.67,5669846,RAW,true,2024-09-06T20:15:00Z
bar-0012-20240906,1,inst_syn_0012,2024-09-06T13:30:00Z,2024-09-06T20:00:00Z,67.41,67.83,67.01,67.20,2329705,RAW,true,2024-09-06T20:15:00Z
bar-0001-20240909,1,inst_syn_0001,2024-09-09T13:30:00Z,2024-09-09T20:00:00Z,46.66,47.84,46.29,47.41,1318381,RAW,true,2024-09-09T20:15:00Z
bar-0002-20240909,1,inst_syn_0002,2024-09-09T13:30:00Z,2024-09-09T20:00:00Z,109.39,110.21,106.81,108.30,386817,RAW,true,2024-09-09T20:15:00Z
bar-0003-20240909,1,inst_syn_0003,2024-09-09T13:30:00Z,2024-09-09T20:00:00Z,34.05,34.30,32.33,33.49,1870943,RAW,true,2024-09-09T20:15:00Z
bar-0004-20240909,1,inst_syn_0004,2024-09-09T13:30:00Z,2024-09-09T20:00:00Z,59.81,60.38,58.18,58.29,1619736,RAW,true,2024-09-09T20:15:00Z
bar-0005-20240909,1,inst_syn_0005,2024-09-09T13:30:00Z,2024-09-09T20:00:00Z,82.30,82.88,79.91,81.03,909611,RAW,true,2024-09-09T20:15:00Z
bar-0006-20240909,1,inst_syn_0006,2024-09-09T13:30:00Z,2024-09-09T20:00:00Z,228.40,231.94,225.23,226.30,382408,RAW,true,2024-09-09T20:15:00Z
bar-0007-20240909,1,inst_syn_0007,2024-09-09T13:30:00Z,2024-09-09T20:00:00Z,20.48,20.86,19.75,20.03,937515,RAW,true,2024-09-09T20:15:00Z
bar-0008-20240909,1,inst_syn_0008,2024-09-09T13:30:00Z,2024-09-09T20:00:00Z,53.66,54.07,53.18,53.61,390079,RAW,true,2024-09-09T20:15:00Z
bar-0009-20240909,1,inst_syn_0009,2024-09-09T13:30:00Z,2024-09-09T20:00:00Z,21.88,22.24,21.83,22.04,1846919,RAW,true,2024-09-09T20:15:00Z
bar-0010-20240909,1,inst_syn_0010,2024-09-09T13:30:00Z,2024-09-09T20:00:00Z,13.03,13.08,12.57,12.69,2509802,RAW,true,2024-09-09T20:15:00Z
bar-0011-20240909,1,inst_syn_0011,2024-09-09T13:30:00Z,2024-09-09T20:00:00Z,237.73,241.13,237.34,240.23,5976243,RAW,true,2024-09-09T20:15:00Z
bar-0012-20240909,1,inst_syn_0012,2024-09-09T13:30:00Z,2024-09-09T20:00:00Z,66.90,67.65,66.19,67.34,1675074,RAW,true,2024-09-09T20:15:00Z
bar-0001-20240910,1,inst_syn_0001,2024-09-10T13:30:00Z,2024-09-10T20:00:00Z,48.03,48.46,47.66,48.22,1260646,RAW,true,2024-09-10T20:15:00Z
bar-0002-20240910,1,inst_syn_0002,2024-09-10T13:30:00Z,2024-09-10T20:00:00Z,108.73,108.95,107.47,108.13,420665,RAW,true,2024-09-10T20:15:00Z
bar-0003-20240910,1,inst_syn_0003,2024-09-10T13:30:00Z,2024-09-10T20:00:00Z,33.77,34.17,33.66,33.73,4110904,RAW,true,2024-09-10T20:15:00Z
bar-0004-20240910,1,inst_syn_0004,2024-09-10T13:30:00Z,2024-09-10T20:00:00Z,58.22,59.22,57.86,58.47,1383970,RAW,true,2024-09-10T20:15:00Z
bar-0005-20240910,1,inst_syn_0005,2024-09-10T13:30:00Z,2024-09-10T20:00:00Z,81.09,82.77,80.87,81.35,661080,RAW,true,2024-09-10T20:15:00Z
bar-0006-20240910,1,inst_syn_0006,2024-09-10T13:30:00Z,2024-09-10T20:00:00Z,225.22,231.42,223.70,230.12,182052,RAW,true,2024-09-10T20:15:00Z
bar-0007-20240910,1,inst_syn_0007,2024-09-10T13:30:00Z,2024-09-10T20:00:00Z,20.19,20.35,19.17,19.83,3334703,RAW,true,2024-09-10T20:15:00Z
bar-0008-20240910,1,inst_syn_0008,2024-09-10T13:30:00Z,2024-09-10T20:00:00Z,52.91,54.53,52.55,54.48,791590,RAW,true,2024-09-10T20:15:00Z
bar-0009-20240910,1,inst_syn_0009,2024-09-10T13:30:00Z,2024-09-10T20:00:00Z,21.97,22.59,21.89,22.52,2811385,RAW,true,2024-09-10T20:15:00Z
bar-0010-20240910,1,inst_syn_0010,2024-09-10T13:30:00Z,2024-09-10T20:00:00Z,12.64,13.12,12.58,12.69,2631397,RAW,true,2024-09-10T20:15:00Z
bar-0011-20240910,1,inst_syn_0011,2024-09-10T13:30:00Z,2024-09-10T20:00:00Z,241.13,243.46,239.18,242.09,5717692,RAW,true,2024-09-10T20:15:00Z
bar-0012-20240910,1,inst_syn_0012,2024-09-10T13:30:00Z,2024-09-10T20:00:00Z,67.65,68.34,67.38,67.86,2790555,RAW,true,2024-09-10T20:15:00Z
bar-0001-20240911,1,inst_syn_0001,2024-09-11T13:30:00Z,2024-09-11T20:00:00Z,48.21,48.93,48.02,48.92,1049298,RAW,true,2024-09-11T20:15:00Z
bar-0002-20240911,1,inst_syn_0002,2024-09-11T13:30:00Z,2024-09-11T20:00:00Z,108.24,109.00,107.09,107.94,472787,RAW,true,2024-09-11T20:15:00Z
bar-0003-20240911,1,inst_syn_0003,2024-09-11T13:30:00Z,2024-09-11T20:00:00Z,33.82,34.25,33.79,33.89,2623662,RAW,true,2024-09-11T20:15:00Z
bar-0004-20240911,1,inst_syn_0004,2024-09-11T13:30:00Z,2024-09-11T20:00:00Z,58.30,58.58,58.17,58.29,1318587,RAW,true,2024-09-11T20:15:00Z
bar-0005-20240911,1,inst_syn_0005,2024-09-11T13:30:00Z,2024-09-11T20:00:00Z,80.72,81.07,80.56,80.87,589510,RAW,true,2024-09-11T20:15:00Z
bar-0006-20240911,1,inst_syn_0006,2024-09-11T13:30:00Z,2024-09-11T20:00:00Z,229.87,236.66,228.72,235.17,304901,RAW,true,2024-09-11T20:15:00Z
bar-0007-20240911,1,inst_syn_0007,2024-09-11T13:30:00Z,2024-09-11T20:00:00Z,19.62,19.70,19.01,19.38,2944726,RAW,true,2024-09-11T20:15:00Z
bar-0008-20240911,1,inst_syn_0008,2024-09-11T13:30:00Z,2024-09-11T20:00:00Z,54.65,55.07,54.36,54.80,449756,RAW,true,2024-09-11T20:15:00Z
bar-0009-20240911,1,inst_syn_0009,2024-09-11T13:30:00Z,2024-09-11T20:00:00Z,21.83,22.98,21.76,22.37,1867494,RAW,true,2024-09-11T20:15:00Z
bar-0010-20240911,1,inst_syn_0010,2024-09-11T13:30:00Z,2024-09-11T20:00:00Z,12.87,12.94,12.55,12.67,3561617,RAW,true,2024-09-11T20:15:00Z
bar-0011-20240911,1,inst_syn_0011,2024-09-11T13:30:00Z,2024-09-11T20:00:00Z,241.69,243.27,240.60,240.98,5551085,RAW,true,2024-09-11T20:15:00Z
bar-0012-20240911,1,inst_syn_0012,2024-09-11T13:30:00Z,2024-09-11T20:00:00Z,68.12,68.58,67.60,67.77,2731828,RAW,true,2024-09-11T20:15:00Z
bar-0001-20240912,1,inst_syn_0001,2024-09-12T13:30:00Z,2024-09-12T20:00:00Z,49.33,50.68,48.64,50.63,1199147,RAW,true,2024-09-12T20:15:00Z
bar-0002-20240912,1,inst_syn_0002,2024-09-12T13:30:00Z,2024-09-12T20:00:00Z,107.64,110.92,107.29,109.49,463094,RAW,true,2024-09-12T20:15:00Z
bar-0003-20240912,1,inst_syn_0003,2024-09-12T13:30:00Z,2024-09-12T20:00:00Z,33.60,34.13,33.15,34.08,2492144,RAW,true,2024-09-12T20:15:00Z
bar-0004-20240912,1,inst_syn_0004,2024-09-12T13:30:00Z,2024-09-12T20:00:00Z,58.57,59.13,56.90,57.68,1067232,RAW,true,2024-09-12T20:15:00Z
bar-0005-20240912,1,inst_syn_0005,2024-09-12T13:30:00Z,2024-09-12T20:00:00Z,79.33,85.15,79.10,83.60,940963,RAW,true,2024-09-12T20:15:00Z
bar-0006-20240912,1,inst_syn_0006,2024-09-12T13:30:00Z,2024-09-12T20:00:00Z,238.04,241.88,234.78,240.30,384340,RAW,true,2024-09-12T20:15:00Z
bar-0007-20240912,1,inst_syn_0007,2024-09-12T13:30:00Z,2024-09-12T20:00:00Z,19.25,19.95,19.02,19.91,2751217,RAW,true,2024-09-12T20:15:00Z
bar-0008-20240912,1,inst_syn_0008,2024-09-12T13:30:00Z,2024-09-12T20:00:00Z,54.79,57.10,54.48,56.97,467319,RAW,true,2024-09-12T20:15:00Z
bar-0009-20240912,1,inst_syn_0009,2024-09-12T13:30:00Z,2024-09-12T20:00:00Z,22.51,23.28,22.44,22.63,2404330,RAW,true,2024-09-12T20:15:00Z
bar-0010-20240912,1,inst_syn_0010,2024-09-12T13:30:00Z,2024-09-12T20:00:00Z,12.42,13.18,12.27,13.17,4372033,RAW,true,2024-09-12T20:15:00Z
bar-0011-20240912,1,inst_syn_0011,2024-09-12T13:30:00Z,2024-09-12T20:00:00Z,240.05,246.68,239.50,246.31,5815205,RAW,true,2024-09-12T20:15:00Z
bar-0012-20240912,1,inst_syn_0012,2024-09-12T13:30:00Z,2024-09-12T20:00:00Z,67.43,69.95,66.80,69.52,4035435,RAW,true,2024-09-12T20:15:00Z
bar-0001-20240913,1,inst_syn_0001,2024-09-13T13:30:00Z,2024-09-13T20:00:00Z,50.75,51.74,49.81,51.35,1008108,RAW,true,2024-09-13T20:15:00Z
bar-0002-20240913,1,inst_syn_0002,2024-09-13T13:30:00Z,2024-09-13T20:00:00Z,110.18,110.83,107.97,109.29,459090,RAW,true,2024-09-13T20:15:00Z
bar-0003-20240913,1,inst_syn_0003,2024-09-13T13:30:00Z,2024-09-13T20:00:00Z,34.65,35.18,34.36,35.14,3171422,RAW,true,2024-09-13T20:15:00Z
bar-0004-20240913,1,inst_syn_0004,2024-09-13T13:30:00Z,2024-09-13T20:00:00Z,57.88,59.47,57.58,58.49,1714876,RAW,true,2024-09-13T20:15:00Z
bar-0005-20240913,1,inst_syn_0005,2024-09-13T13:30:00Z,2024-09-13T20:00:00Z,83.63,86.02,83.35,85.14,749437,RAW,true,2024-09-13T20:15:00Z
bar-0006-20240913,1,inst_syn_0006,2024-09-13T13:30:00Z,2024-09-13T20:00:00Z,240.44,243.65,237.54,243.59,433751,RAW,true,2024-09-13T20:15:00Z
bar-0007-20240913,1,inst_syn_0007,2024-09-13T13:30:00Z,2024-09-13T20:00:00Z,20.19,20.29,19.70,20.14,3846188,RAW,true,2024-09-13T20:15:00Z
bar-0008-20240913,1,inst_syn_0008,2024-09-13T13:30:00Z,2024-09-13T20:00:00Z,56.74,58.09,56.51,57.70,699753,RAW,true,2024-09-13T20:15:00Z
bar-0009-20240913,1,inst_syn_0009,2024-09-13T13:30:00Z,2024-09-13T20:00:00Z,22.44,22.61,22.12,22.23,1204634,RAW,true,2024-09-13T20:15:00Z
bar-0010-20240913,1,inst_syn_0010,2024-09-13T13:30:00Z,2024-09-13T20:00:00Z,13.16,13.84,13.07,13.64,3631240,RAW,true,2024-09-13T20:15:00Z
bar-0011-20240913,1,inst_syn_0011,2024-09-13T13:30:00Z,2024-09-13T20:00:00Z,246.68,249.80,246.64,249.73,4962138,RAW,true,2024-09-13T20:15:00Z
bar-0012-20240913,1,inst_syn_0012,2024-09-13T13:30:00Z,2024-09-13T20:00:00Z,69.21,71.14,68.99,70.37,2316695,RAW,true,2024-09-13T20:15:00Z
bar-0001-20240916,1,inst_syn_0001,2024-09-16T13:30:00Z,2024-09-16T20:00:00Z,51.30,53.69,51.28,53.58,1025531,RAW,true,2024-09-16T20:15:00Z
bar-0002-20240916,1,inst_syn_0002,2024-09-16T13:30:00Z,2024-09-16T20:00:00Z,109.64,110.68,109.60,109.86,457934,RAW,true,2024-09-16T20:15:00Z
bar-0003-20240916,1,inst_syn_0003,2024-09-16T13:30:00Z,2024-09-16T20:00:00Z,35.13,36.90,34.83,36.32,1626787,RAW,true,2024-09-16T20:15:00Z
bar-0004-20240916,1,inst_syn_0004,2024-09-16T13:30:00Z,2024-09-16T20:00:00Z,59.04,60.32,58.53,60.15,1706509,RAW,true,2024-09-16T20:15:00Z
bar-0005-20240916,1,inst_syn_0005,2024-09-16T13:30:00Z,2024-09-16T20:00:00Z,85.77,88.04,85.16,87.36,559054,RAW,true,2024-09-16T20:15:00Z
bar-0006-20240916,1,inst_syn_0006,2024-09-16T13:30:00Z,2024-09-16T20:00:00Z,242.45,246.84,241.79,245.01,368879,RAW,true,2024-09-16T20:15:00Z
bar-0007-20240916,1,inst_syn_0007,2024-09-16T13:30:00Z,2024-09-16T20:00:00Z,19.86,20.25,19.39,20.14,3670828,RAW,true,2024-09-16T20:15:00Z
bar-0008-20240916,1,inst_syn_0008,2024-09-16T13:30:00Z,2024-09-16T20:00:00Z,57.56,59.74,57.38,59.45,723695,RAW,true,2024-09-16T20:15:00Z
bar-0009-20240916,1,inst_syn_0009,2024-09-16T13:30:00Z,2024-09-16T20:00:00Z,22.52,22.96,22.08,22.33,3066025,RAW,true,2024-09-16T20:15:00Z
bar-0010-20240916,1,inst_syn_0010,2024-09-16T13:30:00Z,2024-09-16T20:00:00Z,13.42,14.01,13.34,13.71,3735636,RAW,true,2024-09-16T20:15:00Z
bar-0011-20240916,1,inst_syn_0011,2024-09-16T13:30:00Z,2024-09-16T20:00:00Z,250.79,255.96,250.30,254.28,6993317,RAW,true,2024-09-16T20:15:00Z
bar-0012-20240916,1,inst_syn_0012,2024-09-16T13:30:00Z,2024-09-16T20:00:00Z,70.88,71.76,70.48,71.66,3446002,RAW,true,2024-09-16T20:15:00Z
bar-0001-20240917,1,inst_syn_0001,2024-09-17T13:30:00Z,2024-09-17T20:00:00Z,52.73,53.84,52.32,53.32,624097,RAW,true,2024-09-17T20:15:00Z
bar-0002-20240917,1,inst_syn_0002,2024-09-17T13:30:00Z,2024-09-17T20:00:00Z,109.33,111.43,108.54,110.45,315220,RAW,true,2024-09-17T20:15:00Z
bar-0003-20240917,1,inst_syn_0003,2024-09-17T13:30:00Z,2024-09-17T20:00:00Z,36.19,37.78,36.10,37.37,3893959,RAW,true,2024-09-17T20:15:00Z
bar-0004-20240917,1,inst_syn_0004,2024-09-17T13:30:00Z,2024-09-17T20:00:00Z,60.08,62.55,60.00,61.80,1797953,RAW,true,2024-09-17T20:15:00Z
bar-0005-20240917,1,inst_syn_0005,2024-09-17T13:30:00Z,2024-09-17T20:00:00Z,86.86,88.36,86.74,88.13,918041,RAW,true,2024-09-17T20:15:00Z
bar-0006-20240917,1,inst_syn_0006,2024-09-17T13:30:00Z,2024-09-17T20:00:00Z,245.56,247.22,241.13,243.07,117384,RAW,true,2024-09-17T20:15:00Z
bar-0007-20240917,1,inst_syn_0007,2024-09-17T13:30:00Z,2024-09-17T20:00:00Z,20.10,20.43,19.99,20.24,4533925,RAW,true,2024-09-17T20:15:00Z
bar-0008-20240917,1,inst_syn_0008,2024-09-17T13:30:00Z,2024-09-17T20:00:00Z,59.18,59.41,59.04,59.24,339845,RAW,true,2024-09-17T20:15:00Z
bar-0009-20240917,1,inst_syn_0009,2024-09-17T13:30:00Z,2024-09-17T20:00:00Z,22.89,23.34,22.62,23.16,1973775,RAW,true,2024-09-17T20:15:00Z
bar-0010-20240917,1,inst_syn_0010,2024-09-17T13:30:00Z,2024-09-17T20:00:00Z,13.43,13.59,13.34,13.37,2609363,RAW,true,2024-09-17T20:15:00Z
bar-0011-20240917,1,inst_syn_0011,2024-09-17T13:30:00Z,2024-09-17T20:00:00Z,255.01,256.47,254.58,256.00,4935361,RAW,true,2024-09-17T20:15:00Z
bar-0012-20240917,1,inst_syn_0012,2024-09-17T13:30:00Z,2024-09-17T20:00:00Z,71.42,71.79,70.73,71.55,1847076,RAW,true,2024-09-17T20:15:00Z
bar-0001-20240918,1,inst_syn_0001,2024-09-18T13:30:00Z,2024-09-18T20:00:00Z,53.06,53.34,52.75,53.25,1265514,RAW,true,2024-09-18T20:15:00Z
bar-0002-20240918,1,inst_syn_0002,2024-09-18T13:30:00Z,2024-09-18T20:00:00Z,110.99,111.38,107.47,108.86,395752,RAW,true,2024-09-18T20:15:00Z
bar-0003-20240918,1,inst_syn_0003,2024-09-18T13:30:00Z,2024-09-18T20:00:00Z,37.61,38.18,35.81,36.29,3323378,RAW,true,2024-09-18T20:15:00Z
bar-0004-20240918,1,inst_syn_0004,2024-09-18T13:30:00Z,2024-09-18T20:00:00Z,61.50,61.96,59.24,60.54,2263041,RAW,true,2024-09-18T20:15:00Z
bar-0005-20240918,1,inst_syn_0005,2024-09-18T13:30:00Z,2024-09-18T20:00:00Z,88.61,90.95,87.12,90.59,853724,RAW,true,2024-09-18T20:15:00Z
bar-0006-20240918,1,inst_syn_0006,2024-09-18T13:30:00Z,2024-09-18T20:00:00Z,243.51,250.15,241.27,249.54,508360,RAW,true,2024-09-18T20:15:00Z
bar-0007-20240918,1,inst_syn_0007,2024-09-18T13:30:00Z,2024-09-18T20:00:00Z,20.22,20.91,20.04,20.65,6524224,RAW,true,2024-09-18T20:15:00Z
bar-0008-20240918,1,inst_syn_0008,2024-09-18T13:30:00Z,2024-09-18T20:00:00Z,59.58,59.79,58.64,59.61,757508,RAW,true,2024-09-18T20:15:00Z
bar-0009-20240918,1,inst_syn_0009,2024-09-18T13:30:00Z,2024-09-18T20:00:00Z,23.17,23.99,22.96,23.72,2306038,RAW,true,2024-09-18T20:15:00Z
bar-0010-20240918,1,inst_syn_0010,2024-09-18T13:30:00Z,2024-09-18T20:00:00Z,13.28,13.54,13.04,13.30,969944,RAW,true,2024-09-18T20:15:00Z
bar-0011-20240918,1,inst_syn_0011,2024-09-18T13:30:00Z,2024-09-18T20:00:00Z,256.89,259.43,256.45,257.60,3867657,RAW,true,2024-09-18T20:15:00Z
bar-0012-20240918,1,inst_syn_0012,2024-09-18T13:30:00Z,2024-09-18T20:00:00Z,71.80,72.55,71.72,71.75,1821632,RAW,true,2024-09-18T20:15:00Z
bar-0001-20240919,1,inst_syn_0001,2024-09-19T13:30:00Z,2024-09-19T20:00:00Z,53.12,54.46,53.12,54.32,1175749,RAW,true,2024-09-19T20:15:00Z
bar-0002-20240919,1,inst_syn_0002,2024-09-19T13:30:00Z,2024-09-19T20:00:00Z,108.79,112.50,108.66,110.92,808259,RAW,true,2024-09-19T20:15:00Z
bar-0003-20240919,1,inst_syn_0003,2024-09-19T13:30:00Z,2024-09-19T20:00:00Z,35.78,36.48,35.76,35.92,3862543,RAW,true,2024-09-19T20:15:00Z
bar-0004-20240919,1,inst_syn_0004,2024-09-19T13:30:00Z,2024-09-19T20:00:00Z,61.00,61.94,60.32,60.46,1425079,RAW,true,2024-09-19T20:15:00Z
bar-0005-20240919,1,inst_syn_0005,2024-09-19T13:30:00Z,2024-09-19T20:00:00Z,90.11,91.77,89.48,91.25,962145,RAW,true,2024-09-19T20:15:00Z
bar-0006-20240919,1,inst_syn_0006,2024-09-19T13:30:00Z,2024-09-19T20:00:00Z,249.51,261.64,249.42,257.96,379086,RAW,true,2024-09-19T20:15:00Z
bar-0007-20240919,1,inst_syn_0007,2024-09-19T13:30:00Z,2024-09-19T20:00:00Z,20.30,21.65,20.08,21.44,4147029,RAW,true,2024-09-19T20:15:00Z
bar-0008-20240919,1,inst_syn_0008,2024-09-19T13:30:00Z,2024-09-19T20:00:00Z,59.77,60.42,58.23,58.84,696339,RAW,true,2024-09-19T20:15:00Z
bar-0009-20240919,1,inst_syn_0009,2024-09-19T13:30:00Z,2024-09-19T20:00:00Z,23.64,24.13,22.82,23.56,1340478,RAW,true,2024-09-19T20:15:00Z
bar-0010-20240919,1,inst_syn_0010,2024-09-19T13:30:00Z,2024-09-19T20:00:00Z,13.32,13.59,12.78,13.08,2774533,RAW,true,2024-09-19T20:15:00Z
bar-0011-20240919,1,inst_syn_0011,2024-09-19T13:30:00Z,2024-09-19T20:00:00Z,258.15,262.74,257.08,260.86,4568717,RAW,true,2024-09-19T20:15:00Z
bar-0012-20240919,1,inst_syn_0012,2024-09-19T13:30:00Z,2024-09-19T20:00:00Z,71.87,73.07,71.10,72.91,2179578,RAW,true,2024-09-19T20:15:00Z
bar-0001-20240920,1,inst_syn_0001,2024-09-20T13:30:00Z,2024-09-20T20:00:00Z,54.73,55.30,54.48,54.76,851710,RAW,true,2024-09-20T20:15:00Z
bar-0002-20240920,1,inst_syn_0002,2024-09-20T13:30:00Z,2024-09-20T20:00:00Z,111.14,111.29,109.33,109.83,507296,RAW,true,2024-09-20T20:15:00Z
bar-0003-20240920,1,inst_syn_0003,2024-09-20T13:30:00Z,2024-09-20T20:00:00Z,35.83,37.05,35.80,36.99,3436586,RAW,true,2024-09-20T20:15:00Z
bar-0004-20240920,1,inst_syn_0004,2024-09-20T13:30:00Z,2024-09-20T20:00:00Z,59.82,60.33,59.30,59.69,1032325,RAW,true,2024-09-20T20:15:00Z
bar-0005-20240920,1,inst_syn_0005,2024-09-20T13:30:00Z,2024-09-20T20:00:00Z,90.63,93.26,90.45,92.32,648669,RAW,true,2024-09-20T20:15:00Z
bar-0006-20240920,1,inst_syn_0006,2024-09-20T13:30:00Z,2024-09-20T20:00:00Z,255.68,262.06,254.57,259.83,408802,RAW,true,2024-09-20T20:15:00Z
bar-0007-20240920,1,inst_syn_0007,2024-09-20T13:30:00Z,2024-09-20T20:00:00Z,21.18,22.94,20.92,22.35,4709529,RAW,true,2024-09-20T20:15:00Z
bar-0008-20240920,1,inst_syn_0008,2024-09-20T13:30:00Z,2024-09-20T20:00:00Z,58.73,59.51,58.72,58.97,694619,RAW,true,2024-09-20T20:15:00Z
bar-0009-20240920,1,inst_syn_0009,2024-09-20T13:30:00Z,2024-09-20T20:00:00Z,22.87,24.99,22.65,24.54,2791820,RAW,true,2024-09-20T20:15:00Z
bar-0010-20240920,1,inst_syn_0010,2024-09-20T13:30:00Z,2024-09-20T20:00:00Z,12.83,13.44,12.71,13.32,3266323,RAW,true,2024-09-20T20:15:00Z
bar-0011-20240920,1,inst_syn_0011,2024-09-20T13:30:00Z,2024-09-20T20:00:00Z,259.69,260.51,259.14,260.08,7086747,RAW,true,2024-09-20T20:15:00Z
bar-0012-20240920,1,inst_syn_0012,2024-09-20T13:30:00Z,2024-09-20T20:00:00Z,73.04,73.45,72.15,72.61,2648715,RAW,true,2024-09-20T20:15:00Z
bar-0001-20240923,1,inst_syn_0001,2024-09-23T13:30:00Z,2024-09-23T20:00:00Z,55.00,55.06,53.15,53.56,925827,RAW,true,2024-09-23T20:15:00Z
bar-0002-20240923,1,inst_syn_0002,2024-09-23T13:30:00Z,2024-09-23T20:00:00Z,108.97,110.62,108.74,110.53,523041,RAW,true,2024-09-23T20:15:00Z
bar-0003-20240923,1,inst_syn_0003,2024-09-23T13:30:00Z,2024-09-23T20:00:00Z,36.65,38.33,35.57,37.92,3349035,RAW,true,2024-09-23T20:15:00Z
bar-0004-20240923,1,inst_syn_0004,2024-09-23T13:30:00Z,2024-09-23T20:00:00Z,59.06,59.56,57.83,58.44,1178462,RAW,true,2024-09-23T20:15:00Z
bar-0005-20240923,1,inst_syn_0005,2024-09-23T13:30:00Z,2024-09-23T20:00:00Z,92.56,95.79,92.34,94.36,603238,RAW,true,2024-09-23T20:15:00Z
bar-0006-20240923,1,inst_syn_0006,2024-09-23T13:30:00Z,2024-09-23T20:00:00Z,257.53,262.90,256.44,261.91,425813,RAW,true,2024-09-23T20:15:00Z
bar-0007-20240923,1,inst_syn_0007,2024-09-23T13:30:00Z,2024-09-23T20:00:00Z,22.22,22.49,22.09,22.25,4428923,RAW,true,2024-09-23T20:15:00Z
bar-0008-20240923,1,inst_syn_0008,2024-09-23T13:30:00Z,2024-09-23T20:00:00Z,59.08,59.86,58.75,58.83,612695,RAW,true,2024-09-23T20:15:00Z
bar-0009-20240923,1,inst_syn_0009,2024-09-23T13:30:00Z,2024-09-23T20:00:00Z,24.37,26.30,24.31,25.82,2352963,RAW,true,2024-09-23T20:15:00Z
bar-0010-20240923,1,inst_syn_0010,2024-09-23T13:30:00Z,2024-09-23T20:00:00Z,12.97,13.52,12.93,13.51,3175918,RAW,true,2024-09-23T20:15:00Z
bar-0011-20240923,1,inst_syn_0011,2024-09-23T13:30:00Z,2024-09-23T20:00:00Z,260.42,262.10,257.61,260.72,2117552,RAW,true,2024-09-23T20:15:00Z
bar-0012-20240923,1,inst_syn_0012,2024-09-23T13:30:00Z,2024-09-23T20:00:00Z,72.67,73.22,72.22,72.28,2982729,RAW,true,2024-09-23T20:15:00Z
bar-0001-20240924,1,inst_syn_0001,2024-09-24T13:30:00Z,2024-09-24T20:00:00Z,54.06,54.63,53.00,53.28,1157205,RAW,true,2024-09-24T20:15:00Z
bar-0002-20240924,1,inst_syn_0002,2024-09-24T13:30:00Z,2024-09-24T20:00:00Z,111.43,111.84,109.31,109.90,483292,RAW,true,2024-09-24T20:15:00Z
bar-0003-20240924,1,inst_syn_0003,2024-09-24T13:30:00Z,2024-09-24T20:00:00Z,37.93,38.55,37.19,37.28,2313355,RAW,true,2024-09-24T20:15:00Z
bar-0004-20240924,1,inst_syn_0004,2024-09-24T13:30:00Z,2024-09-24T20:00:00Z,57.98,58.48,57.32,58.13,982828,RAW,true,2024-09-24T20:15:00Z
bar-0005-20240924,1,inst_syn_0005,2024-09-24T13:30:00Z,2024-09-24T20:00:00Z,93.77,94.11,92.47,93.74,1106499,RAW,true,2024-09-24T20:15:00Z
bar-0006-20240924,1,inst_syn_0006,2024-09-24T13:30:00Z,2024-09-24T20:00:00Z,263.91,263.93,255.87,258.20,273742,RAW,true,2024-09-24T20:15:00Z
bar-0007-20240924,1,inst_syn_0007,2024-09-24T13:30:00Z,2024-09-24T20:00:00Z,21.74,22.09,21.43,21.86,4873181,RAW,true,2024-09-24T20:15:00Z
bar-0008-20240924,1,inst_syn_0008,2024-09-24T13:30:00Z,2024-09-24T20:00:00Z,59.55,59.80,57.61,57.97,427435,RAW,true,2024-09-24T20:15:00Z
bar-0009-20240924,1,inst_syn_0009,2024-09-24T13:30:00Z,2024-09-24T20:00:00Z,25.66,25.85,24.98,25.51,2432366,RAW,true,2024-09-24T20:15:00Z
bar-0010-20240924,1,inst_syn_0010,2024-09-24T13:30:00Z,2024-09-24T20:00:00Z,13.16,13.77,12.94,13.53,2681037,RAW,true,2024-09-24T20:15:00Z
bar-0011-20240924,1,inst_syn_0011,2024-09-24T13:30:00Z,2024-09-24T20:00:00Z,261.54,263.15,260.04,260.14,3481039,RAW,true,2024-09-24T20:15:00Z
bar-0012-20240924,1,inst_syn_0012,2024-09-24T13:30:00Z,2024-09-24T20:00:00Z,71.90,73.26,71.62,72.68,2013870,RAW,true,2024-09-24T20:15:00Z
bar-0001-20240925,1,inst_syn_0001,2024-09-25T13:30:00Z,2024-09-25T20:00:00Z,53.03,53.49,52.76,52.89,939774,RAW,true,2024-09-25T20:15:00Z
bar-0002-20240925,1,inst_syn_0002,2024-09-25T13:30:00Z,2024-09-25T20:00:00Z,110.46,110.61,108.87,109.91,566395,RAW,true,2024-09-25T20:15:00Z
bar-0003-20240925,1,inst_syn_0003,2024-09-25T13:30:00Z,2024-09-25T20:00:00Z,37.26,38.77,37.18,38.09,2037164,RAW,true,2024-09-25T20:15:00Z
bar-0004-20240925,1,inst_syn_0004,2024-09-25T13:30:00Z,2024-09-25T20:00:00Z,57.48,58.08,56.10,56.12,1218008,RAW,true,2024-09-25T20:15:00Z
bar-0005-20240925,1,inst_syn_0005,2024-09-25T13:30:00Z,2024-09-25T20:00:00Z,94.85,95.81,91.73,92.15,680896,RAW,true,2024-09-25T20:15:00Z
bar-0006-20240925,1,inst_syn_0006,2024-09-25T13:30:00Z,2024-09-25T20:00:00Z,255.04,257.81,251.46,252.42,342349,RAW,true,2024-09-25T20:15:00Z
bar-0007-20240925,1,inst_syn_0007,2024-09-25T13:30:00Z,2024-09-25T20:00:00Z,21.84,22.17,21.61,21.69,4344888,RAW,true,2024-09-25T20:15:00Z
bar-0008-20240925,1,inst_syn_0008,2024-09-25T13:30:00Z,2024-09-25T20:00:00Z,58.38,58.39,56.94,57.30,671918,RAW,true,2024-09-25T20:15:00Z
bar-0009-20240925,1,inst_syn_0009,2024-09-25T13:30:00Z,2024-09-25T20:00:00Z,24.88,25.85,24.60,25.43,2126661,RAW,true,2024-09-25T20:15:00Z
bar-0010-20240925,1,inst_syn_0010,2024-09-25T13:30:00Z,2024-09-25T20:00:00Z,13.38,13.77,13.03,13.53,2003308,RAW,true,2024-09-25T20:15:00Z
bar-0011-20240925,1,inst_syn_0011,2024-09-25T13:30:00Z,2024-09-25T20:00:00Z,259.39,260.33,259.19,259.21,6019796,RAW,true,2024-09-25T20:15:00Z
bar-0012-20240925,1,inst_syn_0012,2024-09-25T13:30:00Z,2024-09-25T20:00:00Z,72.81,73.09,71.21,71.81,1840745,RAW,true,2024-09-25T20:15:00Z
bar-0001-20240926,1,inst_syn_0001,2024-09-26T13:30:00Z,2024-09-26T20:00:00Z,52.95,53.11,51.13,51.36,619752,RAW,true,2024-09-26T20:15:00Z
bar-0002-20240926,1,inst_syn_0002,2024-09-26T13:30:00Z,2024-09-26T20:00:00Z,110.12,110.31,106.72,106.78,606903,RAW,true,2024-09-26T20:15:00Z
bar-0003-20240926,1,inst_syn_0003,2024-09-26T13:30:00Z,2024-09-26T20:00:00Z,38.14,39.25,37.77,38.32,2997812,RAW,true,2024-09-26T20:15:00Z
bar-0004-20240926,1,inst_syn_0004,2024-09-26T13:30:00Z,2024-09-26T20:00:00Z,55.13,56.22,54.12,54.43,1614378,RAW,true,2024-09-26T20:15:00Z
bar-0005-20240926,1,inst_syn_0005,2024-09-26T13:30:00Z,2024-09-26T20:00:00Z,92.66,93.71,91.09,91.44,766049,RAW,true,2024-09-26T20:15:00Z
bar-0006-20240926,1,inst_syn_0006,2024-09-26T13:30:00Z,2024-09-26T20:00:00Z,251.20,252.74,248.09,252.21,390060,RAW,true,2024-09-26T20:15:00Z
bar-0007-20240926,1,inst_syn_0007,2024-09-26T13:30:00Z,2024-09-26T20:00:00Z,21.31,21.41,20.56,20.59,4845583,RAW,true,2024-09-26T20:15:00Z
bar-0008-20240926,1,inst_syn_0008,2024-09-26T13:30:00Z,2024-09-26T20:00:00Z,57.18,57.71,55.84,55.89,870826,RAW,true,2024-09-26T20:15:00Z
bar-0009-20240926,1,inst_syn_0009,2024-09-26T13:30:00Z,2024-09-26T20:00:00Z,25.46,25.91,25.44,25.74,2111506,RAW,true,2024-09-26T20:15:00Z
bar-0010-20240926,1,inst_syn_0010,2024-09-26T13:30:00Z,2024-09-26T20:00:00Z,13.86,13.92,13.35,13.46,2669113,RAW,true,2024-09-26T20:15:00Z
bar-0011-20240926,1,inst_syn_0011,2024-09-26T13:30:00Z,2024-09-26T20:00:00Z,259.91,260.98,253.98,254.30,7491969,RAW,true,2024-09-26T20:15:00Z
bar-0012-20240926,1,inst_syn_0012,2024-09-26T13:30:00Z,2024-09-26T20:00:00Z,72.29,72.32,70.56,70.82,1911306,RAW,true,2024-09-26T20:15:00Z
bar-0001-20240927,1,inst_syn_0001,2024-09-27T13:30:00Z,2024-09-27T20:00:00Z,51.16,51.96,50.89,50.97,844953,RAW,true,2024-09-27T20:15:00Z
bar-0002-20240927,1,inst_syn_0002,2024-09-27T13:30:00Z,2024-09-27T20:00:00Z,107.34,107.86,104.74,105.16,508736,RAW,true,2024-09-27T20:15:00Z
bar-0003-20240927,1,inst_syn_0003,2024-09-27T13:30:00Z,2024-09-27T20:00:00Z,38.35,38.91,37.42,37.48,3010608,RAW,true,2024-09-27T20:15:00Z
bar-0004-20240927,1,inst_syn_0004,2024-09-27T13:30:00Z,2024-09-27T20:00:00Z,54.35,56.11,54.32,55.51,1173261,RAW,true,2024-09-27T20:15:00Z
bar-0005-20240927,1,inst_syn_0005,2024-09-27T13:30:00Z,2024-09-27T20:00:00Z,90.95,91.74,89.20,89.56,715708,RAW,true,2024-09-27T20:15:00Z
bar-0006-20240927,1,inst_syn_0006,2024-09-27T13:30:00Z,2024-09-27T20:00:00Z,252.83,257.49,252.79,254.41,638185,RAW,true,2024-09-27T20:15:00Z
bar-0007-20240927,1,inst_syn_0007,2024-09-27T13:30:00Z,2024-09-27T20:00:00Z,20.41,21.33,20.40,20.86,4204750,RAW,true,2024-09-27T20:15:00Z
bar-0008-20240927,1,inst_syn_0008,2024-09-27T13:30:00Z,2024-09-27T20:00:00Z,56.20,56.25,55.83,56.00,569679,RAW,true,2024-09-27T20:15:00Z
bar-0009-20240927,1,inst_syn_0009,2024-09-27T13:30:00Z,2024-09-27T20:00:00Z,25.13,27.04,25.09,26.20,2811316,RAW,true,2024-09-27T20:15:00Z
bar-0010-20240927,1,inst_syn_0010,2024-09-27T13:30:00Z,2024-09-27T20:00:00Z,13.39,13.85,13.03,13.59,2873230,RAW,true,2024-09-27T20:15:00Z
bar-0011-20240927,1,inst_syn_0011,2024-09-27T13:30:00Z,2024-09-27T20:00:00Z,253.84,254.38,253.61,253.73,3127043,RAW,true,2024-09-27T20:15:00Z
bar-0012-20240927,1,inst_syn_0012,2024-09-27T13:30:00Z,2024-09-27T20:00:00Z,70.43,70.47,70.42,70.44,2750303,RAW,true,2024-09-27T20:15:00Z
bar-0001-20240930,1,inst_syn_0001,2024-09-30T13:30:00Z,2024-09-30T20:00:00Z,50.85,52.32,50.26,51.93,1555240,RAW,true,2024-09-30T20:15:00Z
bar-0002-20240930,1,inst_syn_0002,2024-09-30T13:30:00Z,2024-09-30T20:00:00Z,104.39,104.74,104.17,104.24,424214,RAW,true,2024-09-30T20:15:00Z
bar-0003-20240930,1,inst_syn_0003,2024-09-30T13:30:00Z,2024-09-30T20:00:00Z,37.08,38.72,36.53,37.91,2811396,RAW,true,2024-09-30T20:15:00Z
bar-0004-20240930,1,inst_syn_0004,2024-09-30T13:30:00Z,2024-09-30T20:00:00Z,54.71,55.14,54.03,54.93,1296384,RAW,true,2024-09-30T20:15:00Z
bar-0005-20240930,1,inst_syn_0005,2024-09-30T13:30:00Z,2024-09-30T20:00:00Z,88.49,91.03,88.00,90.61,784657,RAW,true,2024-09-30T20:15:00Z
bar-0006-20240930,1,inst_syn_0006,2024-09-30T13:30:00Z,2024-09-30T20:00:00Z,253.26,257.13,252.95,255.34,176372,RAW,true,2024-09-30T20:15:00Z
bar-0007-20240930,1,inst_syn_0007,2024-09-30T13:30:00Z,2024-09-30T20:00:00Z,20.42,21.01,19.95,20.79,2323403,RAW,true,2024-09-30T20:15:00Z
bar-0008-20240930,1,inst_syn_0008,2024-09-30T13:30:00Z,2024-09-30T20:00:00Z,55.59,57.18,54.64,56.58,281988,RAW,true,2024-09-30T20:15:00Z
bar-0009-20240930,1,inst_syn_0009,2024-09-30T13:30:00Z,2024-09-30T20:00:00Z,26.19,27.74,25.99,27.47,3028926,RAW,true,2024-09-30T20:15:00Z
bar-0010-20240930,1,inst_syn_0010,2024-09-30T13:30:00Z,2024-09-30T20:00:00Z,13.63,13.71,13.05,13.26,3803825,RAW,true,2024-09-30T20:15:00Z
bar-0011-20240930,1,inst_syn_0011,2024-09-30T13:30:00Z,2024-09-30T20:00:00Z,252.61,254.55,252.36,254.19,5494735,RAW,true,2024-09-30T20:15:00Z
bar-0012-20240930,1,inst_syn_0012,2024-09-30T13:30:00Z,2024-09-30T20:00:00Z,69.96,71.13,69.80,70.64,2142612,RAW,true,2024-09-30T20:15:00Z
bar-0001-20241001,1,inst_syn_0001,2024-10-01T13:30:00Z,2024-10-01T20:00:00Z,52.23,52.67,51.39,51.59,1196562,RAW,true,2024-10-01T20:15:00Z
bar-0002-20241001,1,inst_syn_0002,2024-10-01T13:30:00Z,2024-10-01T20:00:00Z,105.49,105.89,102.24,104.00,474369,RAW,true,2024-10-01T20:15:00Z
bar-0003-20241001,1,inst_syn_0003,2024-10-01T13:30:00Z,2024-10-01T20:00:00Z,38.05,38.34,36.75,37.34,2985039,RAW,true,2024-10-01T20:15:00Z
bar-0004-20241001,1,inst_syn_0004,2024-10-01T13:30:00Z,2024-10-01T20:00:00Z,54.10,54.81,53.64,54.15,1358530,RAW,true,2024-10-01T20:15:00Z
bar-0005-20241001,1,inst_syn_0005,2024-10-01T13:30:00Z,2024-10-01T20:00:00Z,90.49,90.83,89.51,90.79,562466,RAW,true,2024-10-01T20:15:00Z
bar-0006-20241001,1,inst_syn_0006,2024-10-01T13:30:00Z,2024-10-01T20:00:00Z,253.08,259.09,252.89,256.36,282052,RAW,true,2024-10-01T20:15:00Z
bar-0007-20241001,1,inst_syn_0007,2024-10-01T13:30:00Z,2024-10-01T20:00:00Z,20.73,21.50,20.25,21.39,4418044,RAW,true,2024-10-01T20:15:00Z
bar-0008-20241001,1,inst_syn_0008,2024-10-01T13:30:00Z,2024-10-01T20:00:00Z,56.51,56.73,54.71,55.89,585975,RAW,true,2024-10-01T20:15:00Z
bar-0009-20241001,1,inst_syn_0009,2024-10-01T13:30:00Z,2024-10-01T20:00:00Z,27.07,28.11,26.47,28.02,2885657,RAW,true,2024-10-01T20:15:00Z
bar-0010-20241001,1,inst_syn_0010,2024-10-01T13:30:00Z,2024-10-01T20:00:00Z,13.27,13.72,13.18,13.56,4213894,RAW,true,2024-10-01T20:15:00Z
bar-0011-20241001,1,inst_syn_0011,2024-10-01T13:30:00Z,2024-10-01T20:00:00Z,253.64,254.95,252.51,254.51,3445778,RAW,true,2024-10-01T20:15:00Z
bar-0012-20241001,1,inst_syn_0012,2024-10-01T13:30:00Z,2024-10-01T20:00:00Z,70.89,71.22,69.94,70.41,1987725,RAW,true,2024-10-01T20:15:00Z
bar-0001-20241002,1,inst_syn_0001,2024-10-02T13:30:00Z,2024-10-02T20:00:00Z,51.94,52.18,50.97,51.52,1143011,RAW,true,2024-10-02T20:15:00Z
bar-0002-20241002,1,inst_syn_0002,2024-10-02T13:30:00Z,2024-10-02T20:00:00Z,103.68,105.37,103.53,103.86,510188,RAW,true,2024-10-02T20:15:00Z
bar-0003-20241002,1,inst_syn_0003,2024-10-02T13:30:00Z,2024-10-02T20:00:00Z,37.53,37.57,36.71,37.27,2549801,RAW,true,2024-10-02T20:15:00Z
bar-0004-20241002,1,inst_syn_0004,2024-10-02T13:30:00Z,2024-10-02T20:00:00Z,54.88,54.91,52.32,53.15,1130782,RAW,true,2024-10-02T20:15:00Z
bar-0005-20241002,1,inst_syn_0005,2024-10-02T13:30:00Z,2024-10-02T20:00:00Z,91.58,91.80,90.25,90.79,593486,RAW,true,2024-10-02T20:15:00Z
bar-0006-20241002,1,inst_syn_0006,2024-10-02T13:30:00Z,2024-10-02T20:00:00Z,253.29,261.17,251.26,257.47,241437,RAW,true,2024-10-02T20:15:00Z
bar-0007-20241002,1,inst_syn_0007,2024-10-02T13:30:00Z,2024-10-02T20:00:00Z,21.68,21.97,19.98,20.44,3188033,RAW,true,2024-10-02T20:15:00Z
bar-0008-20241002,1,inst_syn_0008,2024-10-02T13:30:00Z,2024-10-02T20:00:00Z,55.58,55.74,54.20,54.91,677053,RAW,true,2024-10-02T20:15:00Z
bar-0009-20241002,1,inst_syn_0009,2024-10-02T13:30:00Z,2024-10-02T20:00:00Z,28.47,29.02,26.92,27.14,2731192,RAW,true,2024-10-02T20:15:00Z
bar-0010-20241002,1,inst_syn_0010,2024-10-02T13:30:00Z,2024-10-02T20:00:00Z,13.69,13.98,13.46,13.69,3901121,RAW,true,2024-10-02T20:15:00Z
bar-0011-20241002,1,inst_syn_0011,2024-10-02T13:30:00Z,2024-10-02T20:00:00Z,254.75,255.80,252.72,253.46,7566477,RAW,true,2024-10-02T20:15:00Z
bar-0012-20241002,1,inst_syn_0012,2024-10-02T13:30:00Z,2024-10-02T20:00:00Z,70.55,71.35,70.05,70.08,1858568,RAW,true,2024-10-02T20:15:00Z
bar-0001-20241003,1,inst_syn_0001,2024-10-03T13:30:00Z,2024-10-03T20:00:00Z,51.76,51.81,49.46,49.60,1195981,RAW,true,2024-10-03T20:15:00Z
bar-0002-20241003,1,inst_syn_0002,2024-10-03T13:30:00Z,2024-10-03T20:00:00Z,104.24,105.56,103.95,104.30,470088,RAW,true,2024-10-03T20:15:00Z
bar-0003-20241003,1,inst_syn_0003,2024-10-03T13:30:00Z,2024-10-03T20:00:00Z,37.23,38.25,36.72,37.12,1846936,RAW,true,2024-10-03T20:15:00Z
bar-0004-20241003,1,inst_syn_0004,2024-10-03T13:30:00Z,2024-10-03T20:00:00Z,53.24,54.04,52.12,52.35,1276149,RAW,true,2024-10-03T20:15:00Z
bar-0005-20241003,1,inst_syn_0005,2024-10-03T13:30:00Z,2024-10-03T20:00:00Z,91.13,91.24,88.37,88.80,925356,RAW,true,2024-10-03T20:15:00Z
bar-0006-20241003,1,inst_syn_0006,2024-10-03T13:30:00Z,2024-10-03T20:00:00Z,258.69,259.71,248.91,248.98,530513,RAW,true,2024-10-03T20:15:00Z
bar-0007-20241003,1,inst_syn_0007,2024-10-03T13:30:00Z,2024-10-03T20:00:00Z,20.70,20.76,20.34,20.49,5870157,RAW,true,2024-10-03T20:15:00Z
bar-0008-20241003,1,inst_syn_0008,2024-10-03T13:30:00Z,2024-10-03T20:00:00Z,54.70,55.03,54.43,55.02,500787,RAW,true,2024-10-03T20:15:00Z
bar-0009-20241003,1,inst_syn_0009,2024-10-03T13:30:00Z,2024-10-03T20:00:00Z,27.46,27.63,26.74,26.83,2681605,RAW,true,2024-10-03T20:15:00Z
bar-0010-20241003,1,inst_syn_0010,2024-10-03T13:30:00Z,2024-10-03T20:00:00Z,13.72,13.73,13.19,13.26,3416739,RAW,true,2024-10-03T20:15:00Z
bar-0011-20241003,1,inst_syn_0011,2024-10-03T13:30:00Z,2024-10-03T20:00:00Z,252.50,254.39,249.71,251.18,4786827,RAW,true,2024-10-03T20:15:00Z
bar-0012-20241003,1,inst_syn_0012,2024-10-03T13:30:00Z,2024-10-03T20:00:00Z,69.61,69.74,68.06,68.77,1217466,RAW,true,2024-10-03T20:15:00Z
bar-0001-20241004,1,inst_syn_0001,2024-10-04T13:30:00Z,2024-10-04T20:00:00Z,49.05,50.41,48.88,50.07,1008635,RAW,true,2024-10-04T20:15:00Z
bar-0002-20241004,1,inst_syn_0002,2024-10-04T13:30:00Z,2024-10-04T20:00:00Z,103.51,103.72,102.69,103.54,443818,RAW,true,2024-10-04T20:15:00Z
bar-0003-20241004,1,inst_syn_0003,2024-10-04T13:30:00Z,2024-10-04T20:00:00Z,36.83,37.06,36.11,36.43,3204206,RAW,true,2024-10-04T20:15:00Z
bar-0004-20241004,1,inst_syn_0004,2024-10-04T13:30:00Z,2024-10-04T20:00:00Z,52.44,53.26,52.05,53.24,1072615,RAW,true,2024-10-04T20:15:00Z
bar-0005-20241004,1,inst_syn_0005,2024-10-04T13:30:00Z,2024-10-04T20:00:00Z,88.58,89.65,88.07,89.49,773699,RAW,true,2024-10-04T20:15:00Z
bar-0006-20241004,1,inst_syn_0006,2024-10-04T13:30:00Z,2024-10-04T20:00:00Z,251.44,252.50,247.96,250.46,293840,RAW,true,2024-10-04T20:15:00Z
bar-0007-20241004,1,inst_syn_0007,2024-10-04T13:30:00Z,2024-10-04T20:00:00Z,20.50,20.52,19.96,20.42,3881370,RAW,true,2024-10-04T20:15:00Z
bar-0008-20241004,1,inst_syn_0008,2024-10-04T13:30:00Z,2024-10-04T20:00:00Z,55.19,55.33,54.58,54.73,685726,RAW,true,2024-10-04T20:15:00Z
bar-0009-20241004,1,inst_syn_0009,2024-10-04T13:30:00Z,2024-10-04T20:00:00Z,27.40,27.57,25.77,26.15,2214955,RAW,true,2024-10-04T20:15:00Z
bar-0010-20241004,1,inst_syn_0010,2024-10-04T13:30:00Z,2024-10-04T20:00:00Z,13.46,13.81,13.32,13.78,3547360,RAW,true,2024-10-04T20:15:00Z
bar-0011-20241004,1,inst_syn_0011,2024-10-04T13:30:00Z,2024-10-04T20:00:00Z,252.65,252.70,249.29,249.59,3736074,RAW,true,2024-10-04T20:15:00Z
bar-0012-20241004,1,inst_syn_0012,2024-10-04T13:30:00Z,2024-10-04T20:00:00Z,69.13,69.21,68.70,68.75,2668726,RAW,true,2024-10-04T20:15:00Z
bar-0001-20241007,1,inst_syn_0001,2024-10-07T13:30:00Z,2024-10-07T20:00:00Z,50.42,50.54,49.10,49.63,1226025,RAW,true,2024-10-07T20:15:00Z
bar-0002-20241007,1,inst_syn_0002,2024-10-07T13:30:00Z,2024-10-07T20:00:00Z,103.25,103.57,102.66,102.94,339546,RAW,true,2024-10-07T20:15:00Z
bar-0003-20241007,1,inst_syn_0003,2024-10-07T13:30:00Z,2024-10-07T20:00:00Z,36.56,36.76,35.13,35.66,4056352,RAW,true,2024-10-07T20:15:00Z
bar-0004-20241007,1,inst_syn_0004,2024-10-07T13:30:00Z,2024-10-07T20:00:00Z,53.23,53.78,52.65,53.73,1168573,RAW,true,2024-10-07T20:15:00Z
bar-0005-20241007,1,inst_syn_0005,2024-10-07T13:30:00Z,2024-10-07T20:00:00Z,89.21,91.29,88.98,90.85,938497,RAW,true,2024-10-07T20:15:00Z
bar-0006-20241007,1,inst_syn_0006,2024-10-07T13:30:00Z,2024-10-07T20:00:00Z,248.36,260.53,247.12,258.82,429493,RAW,true,2024-10-07T20:15:00Z
bar-0007-20241007,1,inst_syn_0007,2024-10-07T13:30:00Z,2024-10-07T20:00:00Z,20.36,20.56,19.80,20.35,3619744,RAW,true,2024-10-07T20:15:00Z
bar-0008-20241007,1,inst_syn_0008,2024-10-07T13:30:00Z,2024-10-07T20:00:00Z,54.78,57.16,54.20,56.21,844961,RAW,true,2024-10-07T20:15:00Z
bar-0009-20241007,1,inst_syn_0009,2024-10-07T13:30:00Z,2024-10-07T20:00:00Z,25.78,26.60,25.54,26.57,2928628,RAW,true,2024-10-07T20:15:00Z
bar-0010-20241007,1,inst_syn_0010,2024-10-07T13:30:00Z,2024-10-07T20:00:00Z,14.03,14.08,13.65,13.75,3788217,RAW,true,2024-10-07T20:15:00Z
bar-0011-20241007,1,inst_syn_0011,2024-10-07T13:30:00Z,2024-10-07T20:00:00Z,249.19,250.14,247.93,249.34,7098530,RAW,true,2024-10-07T20:15:00Z
bar-0012-20241007,1,inst_syn_0012,2024-10-07T13:30:00Z,2024-10-07T20:00:00Z,68.83,69.48,68.57,69.02,3056053,RAW,true,2024-10-07T20:15:00Z
bar-0001-20241008,1,inst_syn_0001,2024-10-08T13:30:00Z,2024-10-08T20:00:00Z,49.91,50.01,48.26,48.63,614953,RAW,true,2024-10-08T20:15:00Z
bar-0002-20241008,1,inst_syn_0002,2024-10-08T13:30:00Z,2024-10-08T20:00:00Z,103.36,103.39,101.78,102.40,532321,RAW,true,2024-10-08T20:15:00Z
bar-0003-20241008,1,inst_syn_0003,2024-10-08T13:30:00Z,2024-10-08T20:00:00Z,35.45,35.65,34.71,35.57,1959351,RAW,true,2024-10-08T20:15:00Z
bar-0004-20241008,1,inst_syn_0004,2024-10-08T13:30:00Z,2024-10-08T20:00:00Z,54.37,54.56,52.96,53.12,1463449,RAW,true,2024-10-08T20:15:00Z
bar-0005-20241008,1,inst_syn_0005,2024-10-08T13:30:00Z,2024-10-08T20:00:00Z,90.17,91.78,89.72,91.41,711778,RAW,true,2024-10-08T20:15:00Z
bar-0006-20241008,1,inst_syn_0006,2024-10-08T13:30:00Z,2024-10-08T20:00:00Z,258.88,264.33,250.86,251.30,415548,RAW,true,2024-10-08T20:15:00Z
bar-0007-20241008,1,inst_syn_0007,2024-10-08T13:30:00Z,2024-10-08T20:00:00Z,20.47,20.70,18.95,19.55,4520617,RAW,true,2024-10-08T20:15:00Z
bar-0008-20241008,1,inst_syn_0008,2024-10-08T13:30:00Z,2024-10-08T20:00:00Z,56.10,56.67,56.00,56.22,506393,RAW,true,2024-10-08T20:15:00Z
bar-0009-20241008,1,inst_syn_0009,2024-10-08T13:30:00Z,2024-10-08T20:00:00Z,26.75,27.25,25.75,26.51,1187532,RAW,true,2024-10-08T20:15:00Z
bar-0010-20241008,1,inst_syn_0010,2024-10-08T13:30:00Z,2024-10-08T20:00:00Z,13.93,13.96,12.90,12.95,4258807,RAW,true,2024-10-08T20:15:00Z
bar-0011-20241008,1,inst_syn_0011,2024-10-08T13:30:00Z,2024-10-08T20:00:00Z,248.79,250.77,247.76,247.78,5592862,RAW,true,2024-10-08T20:15:00Z
bar-0012-20241008,1,inst_syn_0012,2024-10-08T13:30:00Z,2024-10-08T20:00:00Z,68.89,69.19,68.55,68.66,1377674,RAW,true,2024-10-08T20:15:00Z
bar-0001-20241009,1,inst_syn_0001,2024-10-09T13:30:00Z,2024-10-09T20:00:00Z,49.00,49.47,47.12,47.58,972179,RAW,true,2024-10-09T20:15:00Z
bar-0002-20241009,1,inst_syn_0002,2024-10-09T13:30:00Z,2024-10-09T20:00:00Z,103.10,103.90,101.86,102.45,386238,RAW,true,2024-10-09T20:15:00Z
bar-0003-20241009,1,inst_syn_0003,2024-10-09T13:30:00Z,2024-10-09T20:00:00Z,35.45,36.11,34.60,34.66,4023140,RAW,true,2024-10-09T20:15:00Z
bar-0004-20241009,1,inst_syn_0004,2024-10-09T13:30:00Z,2024-10-09T20:00:00Z,52.82,52.97,50.51,51.08,1525135,RAW,true,2024-10-09T20:15:00Z
bar-0005-20241009,1,inst_syn_0005,2024-10-09T13:30:00Z,2024-10-09T20:00:00Z,92.32,92.80,89.83,90.59,490409,RAW,true,2024-10-09T20:15:00Z
bar-0006-20241009,1,inst_syn_0006,2024-10-09T13:30:00Z,2024-10-09T20:00:00Z,250.71,254.18,248.88,252.71,269950,RAW,true,2024-10-09T20:15:00Z
bar-0007-20241009,1,inst_syn_0007,2024-10-09T13:30:00Z,2024-10-09T20:00:00Z,19.45,20.06,19.11,19.69,3511706,RAW,true,2024-10-09T20:15:00Z
bar-0008-20241009,1,inst_syn_0008,2024-10-09T13:30:00Z,2024-10-09T20:00:00Z,56.54,56.62,55.60,56.02,554676,RAW,true,2024-10-09T20:15:00Z
bar-0009-20241009,1,inst_syn_0009,2024-10-09T13:30:00Z,2024-10-09T20:00:00Z,26.19,27.71,25.94,26.70,1481193,RAW,true,2024-10-09T20:15:00Z
bar-0010-20241009,1,inst_syn_0010,2024-10-09T13:30:00Z,2024-10-09T20:00:00Z,13.02,13.57,12.96,13.45,4516824,RAW,true,2024-10-09T20:15:00Z
bar-0011-20241009,1,inst_syn_0011,2024-10-09T13:30:00Z,2024-10-09T20:00:00Z,246.58,247.50,246.13,246.17,9323667,RAW,true,2024-10-09T20:15:00Z
bar-0012-20241009,1,inst_syn_0012,2024-10-09T13:30:00Z,2024-10-09T20:00:00Z,68.46,68.53,68.14,68.28,885721,RAW,true,2024-10-09T20:15:00Z
bar-0001-20241010,1,inst_syn_0001,2024-10-10T13:30:00Z,2024-10-10T20:00:00Z,47.42,48.61,47.18,47.85,1026047,RAW,true,2024-10-10T20:15:00Z
bar-0002-20241010,1,inst_syn_0002,2024-10-10T13:30:00Z,2024-10-10T20:00:00Z,103.79,105.52,102.71,103.74,338915,RAW,true,2024-10-10T20:15:00Z
bar-0003-20241010,1,inst_syn_0003,2024-10-10T13:30:00Z,2024-10-10T20:00:00Z,33.91,35.14,33.81,34.81,2298821,RAW,true,2024-10-10T20:15:00Z
bar-0004-20241010,1,inst_syn_0004,2024-10-10T13:30:00Z,2024-10-10T20:00:00Z,50.94,51.32,50.31,51.03,1230301,RAW,true,2024-10-10T20:15:00Z
bar-0005-20241010,1,inst_syn_0005,2024-10-10T13:30:00Z,2024-10-10T20:00:00Z,90.25,93.68,89.06,92.30,708198,RAW,true,2024-10-10T20:15:00Z
bar-0006-20241010,1,inst_syn_0006,2024-10-10T13:30:00Z,2024-10-10T20:00:00Z,254.67,256.63,251.99,252.74,449753,RAW,true,2024-10-10T20:15:00Z
bar-0007-20241010,1,inst_syn_0007,2024-10-10T13:30:00Z,2024-10-10T20:00:00Z,19.64,19.92,19.15,19.86,2385456,RAW,true,2024-10-10T20:15:00Z
bar-0008-20241010,1,inst_syn_0008,2024-10-10T13:30:00Z,2024-10-10T20:00:00Z,55.97,57.29,55.65,56.34,659519,RAW,true,2024-10-10T20:15:00Z
bar-0009-20241010,1,inst_syn_0009,2024-10-10T13:30:00Z,2024-10-10T20:00:00Z,26.93,27.03,26.26,26.66,1487766,RAW,true,2024-10-10T20:15:00Z
bar-0010-20241010,1,inst_syn_0010,2024-10-10T13:30:00Z,2024-10-10T20:00:00Z,13.48,13.67,13.05,13.43,1525338,RAW,true,2024-10-10T20:15:00Z
bar-0011-20241010,1,inst_syn_0011,2024-10-10T13:30:00Z,2024-10-10T20:00:00Z,246.30,246.38,243.67,246.36,7445913,RAW,true,2024-10-10T20:15:00Z
bar-0012-20241010,1,inst_syn_0012,2024-10-10T13:30:00Z,2024-10-10T20:00:00Z,67.94,69.07,67.47,68.86,2535572,RAW,true,2024-10-10T20:15:00Z
bar-0001-20241011,1,inst_syn_0001,2024-10-11T13:30:00Z,2024-10-11T20:00:00Z,47.81,48.35,47.73,48.34,824737,RAW,true,2024-10-11T20:15:00Z
bar-0002-20241011,1,inst_syn_0002,2024-10-11T13:30:00Z,2024-10-11T20:00:00Z,103.17,104.14,102.64,104.01,423198,RAW,true,2024-10-11T20:15:00Z
bar-0003-20241011,1,inst_syn_0003,2024-10-11T13:30:00Z,2024-10-11T20:00:00Z,34.61,35.01,33.31,34.01,3425373,RAW,true,2024-10-11T20:15:00Z
bar-0004-20241011,1,inst_syn_0004,2024-10-11T13:30:00Z,2024-10-11T20:00:00Z,50.40,52.51,50.15,52.00,1718346,RAW,true,2024-10-11T20:15:00Z
bar-0005-20241011,1,inst_syn_0005,2024-10-11T13:30:00Z,2024-10-11T20:00:00Z,92.35,93.65,92.30,93.19,696368,RAW,true,2024-10-11T20:15:00Z
bar-0006-20241011,1,inst_syn_0006,2024-10-11T13:30:00Z,2024-10-11T20:00:00Z,254.66,261.28,249.66,258.87,340114,RAW,true,2024-10-11T20:15:00Z
bar-0007-20241011,1,inst_syn_0007,2024-10-11T13:30:00Z,2024-10-11T20:00:00Z,19.98,20.43,19.80,20.17,4520108,RAW,true,2024-10-11T20:15:00Z
bar-0008-20241011,1,inst_syn_0008,2024-10-11T13:30:00Z,2024-10-11T20:00:00Z,56.32,56.86,55.53,56.25,643782,RAW,true,2024-10-11T20:15:00Z
bar-0009-20241011,1,inst_syn_0009,2024-10-11T13:30:00Z,2024-10-11T20:00:00Z,27.10,27.31,25.29,26.03,1867839,RAW,true,2024-10-11T20:15:00Z
bar-0010-20241011,1,inst_syn_0010,2024-10-11T13:30:00Z,2024-10-11T20:00:00Z,13.00,13.97,12.96,13.82,3299662,RAW,true,2024-10-11T20:15:00Z
bar-0011-20241011,1,inst_syn_0011,2024-10-11T13:30:00Z,2024-10-11T20:00:00Z,247.33,248.71,246.76,248.08,6014366,RAW,true,2024-10-11T20:15:00Z
bar-0012-20241011,1,inst_syn_0012,2024-10-11T13:30:00Z,2024-10-11T20:00:00Z,68.73,69.44,68.71,69.10,3064805,RAW,true,2024-10-11T20:15:00Z
bar-0001-20241014,1,inst_syn_0001,2024-10-14T13:30:00Z,2024-10-14T20:00:00Z,47.74,48.82,47.55,48.80,1483270,RAW,true,2024-10-14T20:15:00Z
bar-0002-20241014,1,inst_syn_0002,2024-10-14T13:30:00Z,2024-10-14T20:00:00Z,103.11,105.17,101.65,105.12,432199,RAW,true,2024-10-14T20:15:00Z
bar-0003-20241014,1,inst_syn_0003,2024-10-14T13:30:00Z,2024-10-14T20:00:00Z,34.04,34.38,33.80,34.27,3746617,RAW,true,2024-10-14T20:15:00Z
bar-0004-20241014,1,inst_syn_0004,2024-10-14T13:30:00Z,2024-10-14T20:00:00Z,51.63,53.03,51.43,52.60,1423236,RAW,true,2024-10-14T20:15:00Z
bar-0005-20241014,1,inst_syn_0005,2024-10-14T13:30:00Z,2024-10-14T20:00:00Z,92.82,94.55,91.96,94.45,882346,RAW,true,2024-10-14T20:15:00Z
bar-0006-20241014,1,inst_syn_0006,2024-10-14T13:30:00Z,2024-10-14T20:00:00Z,260.54,270.50,256.00,269.44,323677,RAW,true,2024-10-14T20:15:00Z
bar-0007-20241014,1,inst_syn_0007,2024-10-14T13:30:00Z,2024-10-14T20:00:00Z,19.87,20.19,19.55,20.02,3049494,RAW,true,2024-10-14T20:15:00Z
bar-0008-20241014,1,inst_syn_0008,2024-10-14T13:30:00Z,2024-10-14T20:00:00Z,55.97,56.52,55.95,56.36,741697,RAW,true,2024-10-14T20:15:00Z
bar-0009-20241014,1,inst_syn_0009,2024-10-14T13:30:00Z,2024-10-14T20:00:00Z,26.10,26.53,25.56,26.22,1355046,RAW,true,2024-10-14T20:15:00Z
bar-0010-20241014,1,inst_syn_0010,2024-10-14T13:30:00Z,2024-10-14T20:00:00Z,13.76,14.45,13.67,14.30,1333641,RAW,true,2024-10-14T20:15:00Z
bar-0011-20241014,1,inst_syn_0011,2024-10-14T13:30:00Z,2024-10-14T20:00:00Z,247.14,251.13,246.39,250.71,7898040,RAW,true,2024-10-14T20:15:00Z
bar-0012-20241014,1,inst_syn_0012,2024-10-14T13:30:00Z,2024-10-14T20:00:00Z,69.05,69.94,69.03,69.51,1571329,RAW,true,2024-10-14T20:15:00Z
bar-0001-20241015,1,inst_syn_0001,2024-10-15T13:30:00Z,2024-10-15T20:00:00Z,48.75,49.15,48.26,48.62,873476,RAW,true,2024-10-15T20:15:00Z
bar-0002-20241015,1,inst_syn_0002,2024-10-15T13:30:00Z,2024-10-15T20:00:00Z,105.57,105.99,102.70,102.87,456379,RAW,true,2024-10-15T20:15:00Z
bar-0003-20241015,1,inst_syn_0003,2024-10-15T13:30:00Z,2024-10-15T20:00:00Z,34.36,34.45,33.97,34.04,2549751,RAW,true,2024-10-15T20:15:00Z
bar-0004-20241015,1,inst_syn_0004,2024-10-15T13:30:00Z,2024-10-15T20:00:00Z,53.13,53.45,52.61,53.06,1529488,RAW,true,2024-10-15T20:15:00Z
bar-0005-20241015,1,inst_syn_0005,2024-10-15T13:30:00Z,2024-10-15T20:00:00Z,94.43,94.58,93.23,93.36,555592,RAW,true,2024-10-15T20:15:00Z
bar-0006-20241015,1,inst_syn_0006,2024-10-15T13:30:00Z,2024-10-15T20:00:00Z,268.95,271.63,268.72,269.79,304521,RAW,true,2024-10-15T20:15:00Z
bar-0007-20241015,1,inst_syn_0007,2024-10-15T13:30:00Z,2024-10-15T20:00:00Z,19.68,20.85,19.32,20.26,3826107,RAW,true,2024-10-15T20:15:00Z
bar-0008-20241015,1,inst_syn_0008,2024-10-15T13:30:00Z,2024-10-15T20:00:00Z,56.70,57.38,56.36,57.05,839304,RAW,true,2024-10-15T20:15:00Z
bar-0009-20241015,1,inst_syn_0009,2024-10-15T13:30:00Z,2024-10-15T20:00:00Z,25.88,27.57,25.45,26.88,1919069,RAW,true,2024-10-15T20:15:00Z
bar-0010-20241015,1,inst_syn_0010,2024-10-15T13:30:00Z,2024-10-15T20:00:00Z,14.47,14.68,13.70,13.91,3554106,RAW,true,2024-10-15T20:15:00Z
bar-0011-20241015,1,inst_syn_0011,2024-10-15T13:30:00Z,2024-10-15T20:00:00Z,251.19,251.72,249.67,251.21,7292799,RAW,true,2024-10-15T20:15:00Z
bar-0012-20241015,1,inst_syn_0012,2024-10-15T13:30:00Z,2024-10-15T20:00:00Z,69.46,70.70,68.45,70.41,1027615,RAW,true,2024-10-15T20:15:00Z
bar-0001-20241016,1,inst_syn_0001,2024-10-16T13:30:00Z,2024-10-16T20:00:00Z,48.71,49.31,47.54,47.97,981839,RAW,true,2024-10-16T20:15:00Z
bar-0002-20241016,1,inst_syn_0002,2024-10-16T13:30:00Z,2024-10-16T20:00:00Z,102.43,102.89,99.53,99.60,541637,RAW,true,2024-10-16T20:15:00Z
bar-0003-20241016,1,inst_syn_0003,2024-10-16T13:30:00Z,2024-10-16T20:00:00Z,34.29,34.34,33.13,33.79,2813802,RAW,true,2024-10-16T20:15:00Z
bar-0004-20241016,1,inst_syn_0004,2024-10-16T13:30:00Z,2024-10-16T20:00:00Z,52.86,53.27,50.96,51.24,1840112,RAW,true,2024-10-16T20:15:00Z
bar-0005-20241016,1,inst_syn_0005,2024-10-16T13:30:00Z,2024-10-16T20:00:00Z,93.30,93.54,91.62,91.90,469501,RAW,true,2024-10-16T20:15:00Z
bar-0006-20241016,1,inst_syn_0006,2024-10-16T13:30:00Z,2024-10-16T20:00:00Z,269.15,270.38,268.80,270.12,347562,RAW,true,2024-10-16T20:15:00Z
bar-0007-20241016,1,inst_syn_0007,2024-10-16T13:30:00Z,2024-10-16T20:00:00Z,20.53,20.81,20.00,20.16,4052686,RAW,true,2024-10-16T20:15:00Z
bar-0008-20241016,1,inst_syn_0008,2024-10-16T13:30:00Z,2024-10-16T20:00:00Z,57.18,57.86,56.54,57.32,771708,RAW,true,2024-10-16T20:15:00Z
bar-0009-20241016,1,inst_syn_0009,2024-10-16T13:30:00Z,2024-10-16T20:00:00Z,27.06,27.37,25.36,25.46,1205527,RAW,true,2024-10-16T20:15:00Z
bar-0010-20241016,1,inst_syn_0010,2024-10-16T13:30:00Z,2024-10-16T20:00:00Z,13.81,14.44,13.77,13.79,3758627,RAW,true,2024-10-16T20:15:00Z
bar-0011-20241016,1,inst_syn_0011,2024-10-16T13:30:00Z,2024-10-16T20:00:00Z,251.57,251.59,246.99,247.20,7697953,RAW,true,2024-10-16T20:15:00Z
bar-0012-20241016,1,inst_syn_0012,2024-10-16T13:30:00Z,2024-10-16T20:00:00Z,70.40,70.51,69.54,69.95,2339066,RAW,true,2024-10-16T20:15:00Z
bar-0001-20241017,1,inst_syn_0001,2024-10-17T13:30:00Z,2024-10-17T20:00:00Z,48.35,48.99,48.27,48.89,1308737,RAW,true,2024-10-17T20:15:00Z
bar-0002-20241017,1,inst_syn_0002,2024-10-17T13:30:00Z,2024-10-17T20:00:00Z,99.10,100.20,99.06,99.15,561793,RAW,true,2024-10-17T20:15:00Z
bar-0003-20241017,1,inst_syn_0003,2024-10-17T13:30:00Z,2024-10-17T20:00:00Z,34.51,35.28,32.87,33.57,2689015,RAW,true,2024-10-17T20:15:00Z
bar-0004-20241017,1,inst_syn_0004,2024-10-17T13:30:00Z,2024-10-17T20:00:00Z,51.17,53.10,50.99,52.37,1391947,RAW,true,2024-10-17T20:15:00Z
bar-0005-20241017,1,inst_syn_0005,2024-10-17T13:30:00Z,2024-10-17T20:00:00Z,91.73,92.32,91.66,91.99,661130,RAW,true,2024-10-17T20:15:00Z
bar-0006-20241017,1,inst_syn_0006,2024-10-17T13:30:00Z,2024-10-17T20:00:00Z,265.41,269.55,265.36,268.12,408623,RAW,true,2024-10-17T20:15:00Z
bar-0007-20241017,1,inst_syn_0007,2024-10-17T13:30:00Z,2024-10-17T20:00:00Z,20.16,21.27,19.75,20.58,4496600,RAW,true,2024-10-17T20:15:00Z
bar-0008-20241017,1,inst_syn_0008,2024-10-17T13:30:00Z,2024-10-17T20:00:00Z,56.94,57.12,56.15,56.82,414731,RAW,true,2024-10-17T20:15:00Z
bar-0009-20241017,1,inst_syn_0009,2024-10-17T13:30:00Z,2024-10-17T20:00:00Z,25.54,25.69,24.58,25.18,1664896,RAW,true,2024-10-17T20:15:00Z
bar-0010-20241017,1,inst_syn_0010,2024-10-17T13:30:00Z,2024-10-17T20:00:00Z,13.61,13.99,12.97,13.35,3122805,RAW,true,2024-10-17T20:15:00Z
bar-0011-20241017,1,inst_syn_0011,2024-10-17T13:30:00Z,2024-10-17T20:00:00Z,247.52,248.76,246.52,247.61,6837418,RAW,true,2024-10-17T20:15:00Z
bar-0012-20241017,1,inst_syn_0012,2024-10-17T13:30:00Z,2024-10-17T20:00:00Z,69.60,70.48,69.53,70.12,1275914,RAW,true,2024-10-17T20:15:00Z
bar-0001-20241018,1,inst_syn_0001,2024-10-18T13:30:00Z,2024-10-18T20:00:00Z,48.57,48.89,47.86,48.12,985071,RAW,true,2024-10-18T20:15:00Z
bar-0002-20241018,1,inst_syn_0002,2024-10-18T13:30:00Z,2024-10-18T20:00:00Z,98.48,99.71,97.88,99.12,690939,RAW,true,2024-10-18T20:15:00Z
bar-0003-20241018,1,inst_syn_0003,2024-10-18T13:30:00Z,2024-10-18T20:00:00Z,33.75,33.94,32.63,32.66,4011438,RAW,true,2024-10-18T20:15:00Z
bar-0004-20241018,1,inst_syn_0004,2024-10-18T13:30:00Z,2024-10-18T20:00:00Z,52.45,52.48,51.45,51.48,1682345,RAW,true,2024-10-18T20:15:00Z
bar-0005-20241018,1,inst_syn_0005,2024-10-18T13:30:00Z,2024-10-18T20:00:00Z,91.25,92.04,90.74,91.81,630923,RAW,true,2024-10-18T20:15:00Z
bar-0006-20241018,1,inst_syn_0006,2024-10-18T13:30:00Z,2024-10-18T20:00:00Z,270.64,271.26,259.29,264.05,475705,RAW,true,2024-10-18T20:15:00Z
bar-0007-20241018,1,inst_syn_0007,2024-10-18T13:30:00Z,2024-10-18T20:00:00Z,21.02,21.03,20.05,20.13,5238948,RAW,true,2024-10-18T20:15:00Z
bar-0008-20241018,1,inst_syn_0008,2024-10-18T13:30:00Z,2024-10-18T20:00:00Z,56.39,56.41,54.94,55.29,774970,RAW,true,2024-10-18T20:15:00Z
bar-0009-20241018,1,inst_syn_0009,2024-10-18T13:30:00Z,2024-10-18T20:00:00Z,25.56,26.25,24.73,25.91,1461831,RAW,true,2024-10-18T20:15:00Z
bar-0010-20241018,1,inst_syn_0010,2024-10-18T13:30:00Z,2024-10-18T20:00:00Z,13.26,13.27,12.73,12.83,4159279,RAW,true,2024-10-18T20:15:00Z
bar-0011-20241018,1,inst_syn_0011,2024-10-18T13:30:00Z,2024-10-18T20:00:00Z,246.68,247.56,244.48,245.13,4672483,RAW,true,2024-10-18T20:15:00Z
bar-0012-20241018,1,inst_syn_0012,2024-10-18T13:30:00Z,2024-10-18T20:00:00Z,70.26,70.48,67.96,68.37,1785962,RAW,true,2024-10-18T20:15:00Z
bar-0001-20241021,1,inst_syn_0001,2024-10-21T13:30:00Z,2024-10-21T20:00:00Z,48.22,48.86,47.90,48.68,644464,RAW,true,2024-10-21T20:15:00Z
bar-0002-20241021,1,inst_syn_0002,2024-10-21T13:30:00Z,2024-10-21T20:00:00Z,98.88,100.17,97.97,98.90,391335,RAW,true,2024-10-21T20:15:00Z
bar-0003-20241021,1,inst_syn_0003,2024-10-21T13:30:00Z,2024-10-21T20:00:00Z,32.79,33.27,31.86,32.42,2243645,RAW,true,2024-10-21T20:15:00Z
bar-0004-20241021,1,inst_syn_0004,2024-10-21T13:30:00Z,2024-10-21T20:00:00Z,51.58,52.08,49.31,49.57,2030814,RAW,true,2024-10-21T20:15:00Z
bar-0005-20241021,1,inst_syn_0005,2024-10-21T13:30:00Z,2024-10-21T20:00:00Z,91.41,92.49,89.56,91.06,709371,RAW,true,2024-10-21T20:15:00Z
bar-0006-20241021,1,inst_syn_0006,2024-10-21T13:30:00Z,2024-10-21T20:00:00Z,263.14,265.95,261.70,264.49,389907,RAW,true,2024-10-21T20:15:00Z
bar-0007-20241021,1,inst_syn_0007,2024-10-21T13:30:00Z,2024-10-21T20:00:00Z,20.09,20.67,20.06,20.61,3952591,RAW,true,2024-10-21T20:15:00Z
bar-0008-20241021,1,inst_syn_0008,2024-10-21T13:30:00Z,2024-10-21T20:00:00Z,54.97,56.65,54.61,56.23,972758,RAW,true,2024-10-21T20:15:00Z
bar-0009-20241021,1,inst_syn_0009,2024-10-21T13:30:00Z,2024-10-21T20:00:00Z,26.07,26.58,25.55,25.58,2937595,RAW,true,2024-10-21T20:15:00Z
bar-0010-20241021,1,inst_syn_0010,2024-10-21T13:30:00Z,2024-10-21T20:00:00Z,12.93,13.08,12.44,12.56,2749729,RAW,true,2024-10-21T20:15:00Z
bar-0011-20241021,1,inst_syn_0011,2024-10-21T13:30:00Z,2024-10-21T20:00:00Z,245.42,245.93,243.43,245.24,2032527,RAW,true,2024-10-21T20:15:00Z
bar-0012-20241021,1,inst_syn_0012,2024-10-21T13:30:00Z,2024-10-21T20:00:00Z,67.79,68.34,67.32,68.30,2049053,RAW,true,2024-10-21T20:15:00Z
bar-0001-20241022,1,inst_syn_0001,2024-10-22T13:30:00Z,2024-10-22T20:00:00Z,49.12,49.89,49.00,49.47,1205575,RAW,true,2024-10-22T20:15:00Z
bar-0002-20241022,1,inst_syn_0002,2024-10-22T13:30:00Z,2024-10-22T20:00:00Z,98.93,99.69,97.63,98.97,477382,RAW,true,2024-10-22T20:15:00Z
bar-0003-20241022,1,inst_syn_0003,2024-10-22T13:30:00Z,2024-10-22T20:00:00Z,32.47,34.09,32.37,33.80,4016292,RAW,true,2024-10-22T20:15:00Z
bar-0004-20241022,1,inst_syn_0004,2024-10-22T13:30:00Z,2024-10-22T20:00:00Z,49.22,50.94,49.03,50.41,1011277,RAW,true,2024-10-22T20:15:00Z
bar-0005-20241022,1,inst_syn_0005,2024-10-22T13:30:00Z,2024-10-22T20:00:00Z,90.37,92.90,89.45,92.03,518857,RAW,true,2024-10-22T20:15:00Z
bar-0006-20241022,1,inst_syn_0006,2024-10-22T13:30:00Z,2024-10-22T20:00:00Z,262.22,268.47,258.80,268.46,297163,RAW,true,2024-10-22T20:15:00Z
bar-0007-20241022,1,inst_syn_0007,2024-10-22T13:30:00Z,2024-10-22T20:00:00Z,20.30,20.86,19.71,20.08,4114446,RAW,true,2024-10-22T20:15:00Z
bar-0008-20241022,1,inst_syn_0008,2024-10-22T13:30:00Z,2024-10-22T20:00:00Z,56.43,57.60,56.09,56.90,576003,RAW,true,2024-10-22T20:15:00Z
bar-0009-20241022,1,inst_syn_0009,2024-10-22T13:30:00Z,2024-10-22T20:00:00Z,25.94,26.20,25.37,25.53,1865827,RAW,true,2024-10-22T20:15:00Z
bar-0010-20241022,1,inst_syn_0010,2024-10-22T13:30:00Z,2024-10-22T20:00:00Z,12.59,12.88,12.30,12.64,3583709,RAW,true,2024-10-22T20:15:00Z
bar-0011-20241022,1,inst_syn_0011,2024-10-22T13:30:00Z,2024-10-22T20:00:00Z,244.73,245.33,242.48,245.03,6887726,RAW,true,2024-10-22T20:15:00Z
bar-0012-20241022,1,inst_syn_0012,2024-10-22T13:30:00Z,2024-10-22T20:00:00Z,68.70,68.90,67.70,67.82,1419831,RAW,true,2024-10-22T20:15:00Z
bar-0001-20241023,1,inst_syn_0001,2024-10-23T13:30:00Z,2024-10-23T20:00:00Z,49.76,50.58,49.16,50.37,831360,RAW,true,2024-10-23T20:15:00Z
bar-0002-20241023,1,inst_syn_0002,2024-10-23T13:30:00Z,2024-10-23T20:00:00Z,98.61,99.62,98.45,98.75,361818,RAW,true,2024-10-23T20:15:00Z
bar-0003-20241023,1,inst_syn_0003,2024-10-23T13:30:00Z,2024-10-23T20:00:00Z,34.29,34.98,34.21,34.39,2533047,RAW,true,2024-10-23T20:15:00Z
bar-0004-20241023,1,inst_syn_0004,2024-10-23T13:30:00Z,2024-10-23T20:00:00Z,50.86,52.39,50.44,51.52,1831182,RAW,true,2024-10-23T20:15:00Z
bar-0005-20241023,1,inst_syn_0005,2024-10-23T13:30:00Z,2024-10-23T20:00:00Z,90.41,92.40,89.69,92.27,471203,RAW,true,2024-10-23T20:15:00Z
bar-0006-20241023,1,inst_syn_0006,2024-10-23T13:30:00Z,2024-10-23T20:00:00Z,265.51,274.54,262.38,272.90,412206,RAW,true,2024-10-23T20:15:00Z
bar-0007-20241023,1,inst_syn_0007,2024-10-23T13:30:00Z,2024-10-23T20:00:00Z,19.27,20.56,19.25,20.21,3317775,RAW,true,2024-10-23T20:15:00Z
bar-0008-20241023,1,inst_syn_0008,2024-10-23T13:30:00Z,2024-10-23T20:00:00Z,56.93,58.56,56.91,57.96,704744,RAW,true,2024-10-23T20:15:00Z
bar-0009-20241023,1,inst_syn_0009,2024-10-23T13:30:00Z,2024-10-23T20:00:00Z,25.33,26.29,24.99,26.23,1212562,RAW,true,2024-10-23T20:15:00Z
bar-0010-20241023,1,inst_syn_0010,2024-10-23T13:30:00Z,2024-10-23T20:00:00Z,12.67,12.87,12.36,12.42,3198514,RAW,true,2024-10-23T20:15:00Z
bar-0011-20241023,1,inst_syn_0011,2024-10-23T13:30:00Z,2024-10-23T20:00:00Z,245.31,247.35,243.49,246.52,7600791,RAW,true,2024-10-23T20:15:00Z
bar-0012-20241023,1,inst_syn_0012,2024-10-23T13:30:00Z,2024-10-23T20:00:00Z,67.96,69.48,67.15,68.97,2421363,RAW,true,2024-10-23T20:15:00Z
bar-0001-20241024,1,inst_syn_0001,2024-10-24T13:30:00Z,2024-10-24T20:00:00Z,50.58,51.41,50.43,51.33,1015645,RAW,true,2024-10-24T20:15:00Z
bar-0002-20241024,1,inst_syn_0002,2024-10-24T13:30:00Z,2024-10-24T20:00:00Z,97.88,99.41,97.79,98.55,251572,RAW,true,2024-10-24T20:15:00Z
bar-0003-20241024,1,inst_syn_0003,2024-10-24T13:30:00Z,2024-10-24T20:00:00Z,35.03,35.48,33.85,33.88,2074674,RAW,true,2024-10-24T20:15:00Z
bar-0004-20241024,1,inst_syn_0004,2024-10-24T13:30:00Z,2024-10-24T20:00:00Z,51.76,52.79,51.47,52.50,1560221,RAW,true,2024-10-24T20:15:00Z
bar-0005-20241024,1,inst_syn_0005,2024-10-24T13:30:00Z,2024-10-24T20:00:00Z,92.12,93.62,92.10,92.87,816079,RAW,true,2024-10-24T20:15:00Z
bar-0006-20241024,1,inst_syn_0006,2024-10-24T13:30:00Z,2024-10-24T20:00:00Z,273.48,275.03,271.41,274.95,265602,RAW,true,2024-10-24T20:15:00Z
bar-0007-20241024,1,inst_syn_0007,2024-10-24T13:30:00Z,2024-10-24T20:00:00Z,20.42,20.92,20.19,20.73,4872037,RAW,true,2024-10-24T20:15:00Z
bar-0008-20241024,1,inst_syn_0008,2024-10-24T13:30:00Z,2024-10-24T20:00:00Z,58.06,58.56,57.10,58.18,646279,RAW,true,2024-10-24T20:15:00Z
bar-0009-20241024,1,inst_syn_0009,2024-10-24T13:30:00Z,2024-10-24T20:00:00Z,25.78,28.34,25.58,27.82,2014879,RAW,true,2024-10-24T20:15:00Z
bar-0010-20241024,1,inst_syn_0010,2024-10-24T13:30:00Z,2024-10-24T20:00:00Z,12.40,12.59,11.97,12.10,3404318,RAW,true,2024-10-24T20:15:00Z
bar-0011-20241024,1,inst_syn_0011,2024-10-24T13:30:00Z,2024-10-24T20:00:00Z,245.95,247.40,245.58,247.02,5916254,RAW,true,2024-10-24T20:15:00Z
bar-0012-20241024,1,inst_syn_0012,2024-10-24T13:30:00Z,2024-10-24T20:00:00Z,69.30,69.71,68.80,69.12,1990146,RAW,true,2024-10-24T20:15:00Z
bar-0001-20241025,1,inst_syn_0001,2024-10-25T13:30:00Z,2024-10-25T20:00:00Z,51.22,53.21,50.66,52.89,1319139,RAW,true,2024-10-25T20:15:00Z
bar-0002-20241025,1,inst_syn_0002,2024-10-25T13:30:00Z,2024-10-25T20:00:00Z,99.38,101.14,99.20,99.60,603384,RAW,true,2024-10-25T20:15:00Z
bar-0003-20241025,1,inst_syn_0003,2024-10-25T13:30:00Z,2024-10-25T20:00:00Z,33.69,35.60,33.40,35.35,2742394,RAW,true,2024-10-25T20:15:00Z
bar-0004-20241025,1,inst_syn_0004,2024-10-25T13:30:00Z,2024-10-25T20:00:00Z,52.14,54.26,51.52,53.40,1842512,RAW,true,2024-10-25T20:15:00Z
bar-0005-20241025,1,inst_syn_0005,2024-10-25T13:30:00Z,2024-10-25T20:00:00Z,93.50,93.65,91.27,92.32,449265,RAW,true,2024-10-25T20:15:00Z
bar-0006-20241025,1,inst_syn_0006,2024-10-25T13:30:00Z,2024-10-25T20:00:00Z,273.55,286.06,272.95,280.27,313397,RAW,true,2024-10-25T20:15:00Z
bar-0007-20241025,1,inst_syn_0007,2024-10-25T13:30:00Z,2024-10-25T20:00:00Z,20.43,21.50,19.98,21.31,3414475,RAW,true,2024-10-25T20:15:00Z
bar-0008-20241025,1,inst_syn_0008,2024-10-25T13:30:00Z,2024-10-25T20:00:00Z,58.00,58.51,57.52,58.45,539586,RAW,true,2024-10-25T20:15:00Z
bar-0009-20241025,1,inst_syn_0009,2024-10-25T13:30:00Z,2024-10-25T20:00:00Z,27.92,28.19,27.21,27.40,2793144,RAW,true,2024-10-25T20:15:00Z
bar-0010-20241025,1,inst_syn_0010,2024-10-25T13:30:00Z,2024-10-25T20:00:00Z,11.99,12.84,11.83,12.35,2613676,RAW,true,2024-10-25T20:15:00Z
bar-0011-20241025,1,inst_syn_0011,2024-10-25T13:30:00Z,2024-10-25T20:00:00Z,247.73,249.56,246.96,248.95,7226596,RAW,true,2024-10-25T20:15:00Z
bar-0012-20241025,1,inst_syn_0012,2024-10-25T13:30:00Z,2024-10-25T20:00:00Z,68.79,69.83,68.56,69.80,1370240,RAW,true,2024-10-25T20:15:00Z
bar-0001-20241028,1,inst_syn_0001,2024-10-28T13:30:00Z,2024-10-28T20:00:00Z,52.97,53.95,51.11,51.24,961915,RAW,true,2024-10-28T20:15:00Z
bar-0002-20241028,1,inst_syn_0002,2024-10-28T13:30:00Z,2024-10-28T20:00:00Z,100.74,101.69,97.84,99.69,546141,RAW,true,2024-10-28T20:15:00Z
bar-0003-20241028,1,inst_syn_0003,2024-10-28T13:30:00Z,2024-10-28T20:00:00Z,34.72,35.26,34.30,34.93,2346335,RAW,true,2024-10-28T20:15:00Z
bar-0004-20241028,1,inst_syn_0004,2024-10-28T13:30:00Z,2024-10-28T20:00:00Z,53.51,53.74,52.10,52.72,1799788,RAW,true,2024-10-28T20:15:00Z
bar-0005-20241028,1,inst_syn_0005,2024-10-28T13:30:00Z,2024-10-28T20:00:00Z,91.98,92.66,91.86,92.15,505053,RAW,true,2024-10-28T20:15:00Z
bar-0006-20241028,1,inst_syn_0006,2024-10-28T13:30:00Z,2024-10-28T20:00:00Z,279.85,282.83,266.29,270.48,371409,RAW,true,2024-10-28T20:15:00Z
bar-0007-20241028,1,inst_syn_0007,2024-10-28T13:30:00Z,2024-10-28T20:00:00Z,21.53,21.89,21.20,21.73,3347099,RAW,true,2024-10-28T20:15:00Z
bar-0008-20241028,1,inst_syn_0008,2024-10-28T13:30:00Z,2024-10-28T20:00:00Z,58.74,59.12,58.45,59.09,770394,RAW,true,2024-10-28T20:15:00Z
bar-0009-20241028,1,inst_syn_0009,2024-10-28T13:30:00Z,2024-10-28T20:00:00Z,27.14,27.29,26.79,26.80,2071600,RAW,true,2024-10-28T20:15:00Z
bar-0010-20241028,1,inst_syn_0010,2024-10-28T13:30:00Z,2024-10-28T20:00:00Z,12.53,12.62,11.66,11.77,2881241,RAW,true,2024-10-28T20:15:00Z
bar-0011-20241028,1,inst_syn_0011,2024-10-28T13:30:00Z,2024-10-28T20:00:00Z,249.92,251.21,244.19,244.77,7117199,RAW,true,2024-10-28T20:15:00Z
bar-0012-20241028,1,inst_syn_0012,2024-10-28T13:30:00Z,2024-10-28T20:00:00Z,69.57,69.99,68.66,68.75,2264904,RAW,true,2024-10-28T20:15:00Z
bar-0001-20241029,1,inst_syn_0001,2024-10-29T13:30:00Z,2024-10-29T20:00:00Z,50.46,50.92,50.43,50.87,746497,RAW,true,2024-10-29T20:15:00Z
bar-0002-20241029,1,inst_syn_0002,2024-10-29T13:30:00Z,2024-10-29T20:00:00Z,98.86,100.43,98.29,99.65,710546,RAW,true,2024-10-29T20:15:00Z
bar-0003-20241029,1,inst_syn_0003,2024-10-29T13:30:00Z,2024-10-29T20:00:00Z,35.22,35.71,35.18,35.51,3916731,RAW,true,2024-10-29T20:15:00Z
bar-0004-20241029,1,inst_syn_0004,2024-10-29T13:30:00Z,2024-10-29T20:00:00Z,52.74,54.02,51.64,53.88,1956348,RAW,true,2024-10-29T20:15:00Z
bar-0005-20241029,1,inst_syn_0005,2024-10-29T13:30:00Z,2024-10-29T20:00:00Z,91.28,91.33,90.85,91.18,687505,RAW,true,2024-10-29T20:15:00Z
bar-0006-20241029,1,inst_syn_0006,2024-10-29T13:30:00Z,2024-10-29T20:00:00Z,264.29,276.21,261.48,275.44,454097,RAW,true,2024-10-29T20:15:00Z
bar-0007-20241029,1,inst_syn_0007,2024-10-29T13:30:00Z,2024-10-29T20:00:00Z,21.69,22.97,21.60,22.59,4332135,RAW,true,2024-10-29T20:15:00Z
bar-0008-20241029,1,inst_syn_0008,2024-10-29T13:30:00Z,2024-10-29T20:00:00Z,58.76,58.81,57.61,58.37,585455,RAW,true,2024-10-29T20:15:00Z
bar-0009-20241029,1,inst_syn_0009,2024-10-29T13:30:00Z,2024-10-29T20:00:00Z,26.71,26.97,26.68,26.90,2177822,RAW,true,2024-10-29T20:15:00Z
bar-0010-20241029,1,inst_syn_0010,2024-10-29T13:30:00Z,2024-10-29T20:00:00Z,11.92,12.73,11.44,12.40,2748683,RAW,true,2024-10-29T20:15:00Z
bar-0011-20241029,1,inst_syn_0011,2024-10-29T13:30:00Z,2024-10-29T20:00:00Z,246.15,248.89,245.06,245.99,5054420,RAW,true,2024-10-29T20:15:00Z
bar-0012-20241029,1,inst_syn_0012,2024-10-29T13:30:00Z,2024-10-29T20:00:00Z,69.12,69.46,68.79,69.08,2195936,RAW,true,2024-10-29T20:15:00Z
bar-0001-20241030,1,inst_syn_0001,2024-10-30T13:30:00Z,2024-10-30T20:00:00Z,50.74,52.18,50.61,51.61,381455,RAW,true,2024-10-30T20:15:00Z
bar-0002-20241030,1,inst_syn_0002,2024-10-30T13:30:00Z,2024-10-30T20:00:00Z,99.09,101.36,98.03,100.97,461546,RAW,true,2024-10-30T20:15:00Z
bar-0003-20241030,1,inst_syn_0003,2024-10-30T13:30:00Z,2024-10-30T20:00:00Z,35.14,37.32,35.01,36.49,3463681,RAW,true,2024-10-30T20:15:00Z
bar-0004-20241030,1,inst_syn_0004,2024-10-30T13:30:00Z,2024-10-30T20:00:00Z,53.50,53.99,52.05,52.66,1174540,RAW,true,2024-10-30T20:15:00Z
bar-0005-20241030,1,inst_syn_0005,2024-10-30T13:30:00Z,2024-10-30T20:00:00Z,91.89,92.35,90.50,91.61,837853,RAW,true,2024-10-30T20:15:00Z
bar-0006-20241030,1,inst_syn_0006,2024-10-30T13:30:00Z,2024-10-30T20:00:00Z,272.04,275.70,271.86,275.37,221097,RAW,true,2024-10-30T20:15:00Z
bar-0007-20241030,1,inst_syn_0007,2024-10-30T13:30:00Z,2024-10-30T20:00:00Z,22.15,24.49,22.02,23.69,4489254,RAW,true,2024-10-30T20:15:00Z
bar-0008-20241030,1,inst_syn_0008,2024-10-30T13:30:00Z,2024-10-30T20:00:00Z,57.84,59.17,57.77,59.10,744324,RAW,true,2024-10-30T20:15:00Z
bar-0009-20241030,1,inst_syn_0009,2024-10-30T13:30:00Z,2024-10-30T20:00:00Z,26.43,28.40,26.42,27.82,1746046,RAW,true,2024-10-30T20:15:00Z
bar-0010-20241030,1,inst_syn_0010,2024-10-30T13:30:00Z,2024-10-30T20:00:00Z,12.51,12.76,12.09,12.11,3524734,RAW,true,2024-10-30T20:15:00Z
bar-0011-20241030,1,inst_syn_0011,2024-10-30T13:30:00Z,2024-10-30T20:00:00Z,247.01,247.98,245.81,247.29,5933452,RAW,true,2024-10-30T20:15:00Z
bar-0012-20241030,1,inst_syn_0012,2024-10-30T13:30:00Z,2024-10-30T20:00:00Z,69.06,70.13,68.73,70.09,3147606,RAW,true,2024-10-30T20:15:00Z
bar-0001-20241031,1,inst_syn_0001,2024-10-31T13:30:00Z,2024-10-31T20:00:00Z,51.74,52.18,51.14,52.05,855367,RAW,true,2024-10-31T20:15:00Z
bar-0002-20241031,1,inst_syn_0002,2024-10-31T13:30:00Z,2024-10-31T20:00:00Z,101.76,102.88,100.85,101.11,244312,RAW,true,2024-10-31T20:15:00Z
bar-0003-20241031,1,inst_syn_0003,2024-10-31T13:30:00Z,2024-10-31T20:00:00Z,36.80,37.22,36.44,36.52,2635634,RAW,true,2024-10-31T20:15:00Z
bar-0004-20241031,1,inst_syn_0004,2024-10-31T13:30:00Z,2024-10-31T20:00:00Z,52.30,53.77,52.25,53.23,1028771,RAW,true,2024-10-31T20:15:00Z
bar-0005-20241031,1,inst_syn_0005,2024-10-31T13:30:00Z,2024-10-31T20:00:00Z,92.03,92.49,90.23,90.83,786270,RAW,true,2024-10-31T20:15:00Z
bar-0006-20241031,1,inst_syn_0006,2024-10-31T13:30:00Z,2024-10-31T20:00:00Z,273.89,278.06,270.98,277.25,374587,RAW,true,2024-10-31T20:15:00Z
bar-0007-20241031,1,inst_syn_0007,2024-10-31T13:30:00Z,2024-10-31T20:00:00Z,23.84,23.91,23.01,23.46,6539134,RAW,true,2024-10-31T20:15:00Z
bar-0008-20241031,1,inst_syn_0008,2024-10-31T13:30:00Z,2024-10-31T20:00:00Z,59.47,60.77,59.19,60.26,619724,RAW,true,2024-10-31T20:15:00Z
bar-0009-20241031,1,inst_syn_0009,2024-10-31T13:30:00Z,2024-10-31T20:00:00Z,27.76,27.78,27.48,27.66,1975374,RAW,true,2024-10-31T20:15:00Z
bar-0010-20241031,1,inst_syn_0010,2024-10-31T13:30:00Z,2024-10-31T20:00:00Z,12.27,12.33,11.67,11.72,3043654,RAW,true,2024-10-31T20:15:00Z
bar-0011-20241031,1,inst_syn_0011,2024-10-31T13:30:00Z,2024-10-31T20:00:00Z,248.14,249.21,248.02,248.97,5294417,RAW,true,2024-10-31T20:15:00Z
bar-0012-20241031,1,inst_syn_0012,2024-10-31T13:30:00Z,2024-10-31T20:00:00Z,70.22,71.63,70.16,70.72,2078823,RAW,true,2024-10-31T20:15:00Z
bar-0001-20241101,1,inst_syn_0001,2024-11-01T13:30:00Z,2024-11-01T20:00:00Z,52.24,52.90,52.22,52.39,891502,RAW,true,2024-11-01T20:15:00Z
bar-0002-20241101,1,inst_syn_0002,2024-11-01T13:30:00Z,2024-11-01T20:00:00Z,100.26,102.94,99.53,102.91,548790,RAW,true,2024-11-01T20:15:00Z
bar-0003-20241101,1,inst_syn_0003,2024-11-01T13:30:00Z,2024-11-01T20:00:00Z,36.40,36.41,34.80,35.88,3280755,RAW,true,2024-11-01T20:15:00Z
bar-0004-20241101,1,inst_syn_0004,2024-11-01T13:30:00Z,2024-11-01T20:00:00Z,53.24,54.18,53.00,54.03,1334558,RAW,true,2024-11-01T20:15:00Z
bar-0005-20241101,1,inst_syn_0005,2024-11-01T13:30:00Z,2024-11-01T20:00:00Z,90.33,92.25,88.96,91.56,455188,RAW,true,2024-11-01T20:15:00Z
bar-0006-20241101,1,inst_syn_0006,2024-11-01T13:30:00Z,2024-11-01T20:00:00Z,278.67,284.18,277.56,282.71,329047,RAW,true,2024-11-01T20:15:00Z
bar-0007-20241101,1,inst_syn_0007,2024-11-01T13:30:00Z,2024-11-01T20:00:00Z,23.26,23.58,22.55,22.75,2092475,RAW,true,2024-11-01T20:15:00Z
bar-0008-20241101,1,inst_syn_0008,2024-11-01T13:30:00Z,2024-11-01T20:00:00Z,60.32,60.35,58.36,59.09,613936,RAW,true,2024-11-01T20:15:00Z
bar-0009-20241101,1,inst_syn_0009,2024-11-01T13:30:00Z,2024-11-01T20:00:00Z,27.53,28.60,27.08,28.23,2151159,RAW,true,2024-11-01T20:15:00Z
bar-0010-20241101,1,inst_syn_0010,2024-11-01T13:30:00Z,2024-11-01T20:00:00Z,11.55,11.79,11.37,11.78,2473736,RAW,true,2024-11-01T20:15:00Z
bar-0011-20241101,1,inst_syn_0011,2024-11-01T13:30:00Z,2024-11-01T20:00:00Z,248.41,249.38,246.96,247.61,4663081,RAW,true,2024-11-01T20:15:00Z
bar-0012-20241101,1,inst_syn_0012,2024-11-01T13:30:00Z,2024-11-01T20:00:00Z,70.82,70.99,69.70,70.49,2304524,RAW,true,2024-11-01T20:15:00Z
bar-0001-20241104,1,inst_syn_0001,2024-11-04T14:30:00Z,2024-11-04T21:00:00Z,52.27,52.82,51.04,51.64,926306,RAW,true,2024-11-04T21:15:00Z
bar-0002-20241104,1,inst_syn_0002,2024-11-04T14:30:00Z,2024-11-04T21:00:00Z,102.81,103.49,100.75,101.41,368852,RAW,true,2024-11-04T21:15:00Z
bar-0003-20241104,1,inst_syn_0003,2024-11-04T14:30:00Z,2024-11-04T21:00:00Z,35.22,36.53,34.86,36.10,2728915,RAW,true,2024-11-04T21:15:00Z
bar-0004-20241104,1,inst_syn_0004,2024-11-04T14:30:00Z,2024-11-04T21:00:00Z,53.40,53.62,51.62,52.48,1391521,RAW,true,2024-11-04T21:15:00Z
bar-0005-20241104,1,inst_syn_0005,2024-11-04T14:30:00Z,2024-11-04T21:00:00Z,91.51,92.47,91.12,91.27,448077,RAW,true,2024-11-04T21:15:00Z
bar-0006-20241104,1,inst_syn_0006,2024-11-04T14:30:00Z,2024-11-04T21:00:00Z,285.40,285.68,282.71,285.40,229768,RAW,true,2024-11-04T21:15:00Z
bar-0007-20241104,1,inst_syn_0007,2024-11-04T14:30:00Z,2024-11-04T21:00:00Z,23.29,23.38,22.08,22.18,3588206,RAW,true,2024-11-04T21:15:00Z
bar-0008-20241104,1,inst_syn_0008,2024-11-04T14:30:00Z,2024-11-04T21:00:00Z,58.78,61.17,58.73,60.00,677250,RAW,true,2024-11-04T21:15:00Z
bar-0009-20241104,1,inst_syn_0009,2024-11-04T14:30:00Z,2024-11-04T21:00:00Z,28.39,28.57,27.86,28.23,2827674,RAW,true,2024-11-04T21:15:00Z
bar-0010-20241104,1,inst_syn_0010,2024-11-04T14:30:00Z,2024-11-04T21:00:00Z,11.64,11.96,11.31,11.34,3277279,RAW,true,2024-11-04T21:15:00Z
bar-0011-20241104,1,inst_syn_0011,2024-11-04T14:30:00Z,2024-11-04T21:00:00Z,248.68,249.62,246.40,247.37,5044788,RAW,true,2024-11-04T21:15:00Z
bar-0012-20241104,1,inst_syn_0012,2024-11-04T14:30:00Z,2024-11-04T21:00:00Z,70.26,70.87,69.94,70.58,2274322,RAW,true,2024-11-04T21:15:00Z
bar-0001-20241105,1,inst_syn_0001,2024-11-05T14:30:00Z,2024-11-05T21:00:00Z,52.48,52.63,51.78,52.13,1425725,RAW,true,2024-11-05T21:15:00Z
bar-0002-20241105,1,inst_syn_0002,2024-11-05T14:30:00Z,2024-11-05T21:00:00Z,100.35,103.28,99.58,103.21,274075,RAW,true,2024-11-05T21:15:00Z
bar-0003-20241105,1,inst_syn_0003,2024-11-05T14:30:00Z,2024-11-05T21:00:00Z,36.25,36.35,35.36,35.70,2814766,RAW,true,2024-11-05T21:15:00Z
bar-0004-20241105,1,inst_syn_0004,2024-11-05T14:30:00Z,2024-11-05T21:00:00Z,51.57,55.31,51.09,53.86,1954784,RAW,true,2024-11-05T21:15:00Z
bar-0005-20241105,1,inst_syn_0005,2024-11-05T14:30:00Z,2024-11-05T21:00:00Z,90.80,92.99,90.08,92.54,697416,RAW,true,2024-11-05T21:15:00Z
bar-0006-20241105,1,inst_syn_0006,2024-11-05T14:30:00Z,2024-11-05T21:00:00Z,287.86,294.00,284.65,293.23,397400,RAW,true,2024-11-05T21:15:00Z
bar-0007-20241105,1,inst_syn_0007,2024-11-05T14:30:00Z,2024-11-05T21:00:00Z,21.72,22.49,21.62,22.41,4748250,RAW,true,2024-11-05T21:15:00Z
bar-0008-20241105,1,inst_syn_0008,2024-11-05T14:30:00Z,2024-11-05T21:00:00Z,60.03,61.52,59.96,61.35,769425,RAW,true,2024-11-05T21:15:00Z
bar-0009-20241105,1,inst_syn_0009,2024-11-05T14:30:00Z,2024-11-05T21:00:00Z,28.43,28.57,27.70,27.77,2104394,RAW,true,2024-11-05T21:15:00Z
bar-0010-20241105,1,inst_syn_0010,2024-11-05T14:30:00Z,2024-11-05T21:00:00Z,11.29,11.49,11.13,11.36,2914913,RAW,true,2024-11-05T21:15:00Z
bar-0011-20241105,1,inst_syn_0011,2024-11-05T14:30:00Z,2024-11-05T21:00:00Z,247.88,252.06,247.78,251.53,5743201,RAW,true,2024-11-05T21:15:00Z
bar-0012-20241105,1,inst_syn_0012,2024-11-05T14:30:00Z,2024-11-05T21:00:00Z,70.79,72.95,70.09,72.48,1648814,RAW,true,2024-11-05T21:15:00Z
bar-0001-20241106,1,inst_syn_0001,2024-11-06T14:30:00Z,2024-11-06T21:00:00Z,52.75,53.01,52.11,52.23,944620,RAW,true,2024-11-06T21:15:00Z
bar-0002-20241106,1,inst_syn_0002,2024-11-06T14:30:00Z,2024-11-06T21:00:00Z,103.83,103.87,100.83,100.95,715635,RAW,true,2024-11-06T21:15:00Z
bar-0003-20241106,1,inst_syn_0003,2024-11-06T14:30:00Z,2024-11-06T21:00:00Z,35.96,35.99,34.53,34.55,2527663,RAW,true,2024-11-06T21:15:00Z
bar-0004-20241106,1,inst_syn_0004,2024-11-06T14:30:00Z,2024-11-06T21:00:00Z,53.42,54.30,53.05,53.85,1171317,RAW,true,2024-11-06T21:15:00Z
bar-0005-20241106,1,inst_syn_0005,2024-11-06T14:30:00Z,2024-11-06T21:00:00Z,91.67,92.24,90.89,92.10,786414,RAW,true,2024-11-06T21:15:00Z
bar-0006-20241106,1,inst_syn_0006,2024-11-06T14:30:00Z,2024-11-06T21:00:00Z,291.79,299.75,289.36,293.53,174584,RAW,true,2024-11-06T21:15:00Z
bar-0007-20241106,1,inst_syn_0007,2024-11-06T14:30:00Z,2024-11-06T21:00:00Z,22.57,22.94,22.07,22.09,3962097,RAW,true,2024-11-06T21:15:00Z
bar-0008-20241106,1,inst_syn_0008,2024-11-06T14:30:00Z,2024-11-06T21:00:00Z,60.38,61.59,59.94,60.86,420648,RAW,true,2024-11-06T21:15:00Z
bar-0009-20241106,1,inst_syn_0009,2024-11-06T14:30:00Z,2024-11-06T21:00:00Z,27.52,28.42,26.83,28.13,2790732,RAW,true,2024-11-06T21:15:00Z
bar-0010-20241106,1,inst_syn_0010,2024-11-06T14:30:00Z,2024-11-06T21:00:00Z,11.40,11.68,11.18,11.56,3101221,RAW,true,2024-11-06T21:15:00Z
bar-0011-20241106,1,inst_syn_0011,2024-11-06T14:30:00Z,2024-11-06T21:00:00Z,251.69,252.28,250.84,251.11,8159820,RAW,true,2024-11-06T21:15:00Z
bar-0012-20241106,1,inst_syn_0012,2024-11-06T14:30:00Z,2024-11-06T21:00:00Z,73.09,73.62,71.83,72.01,3050601,RAW,true,2024-11-06T21:15:00Z
bar-0001-20241107,1,inst_syn_0001,2024-11-07T14:30:00Z,2024-11-07T21:00:00Z,52.22,53.39,52.14,53.07,325000,RAW,true,2024-11-07T21:15:00Z
bar-0002-20241107,1,inst_syn_0002,2024-11-07T14:30:00Z,2024-11-07T21:00:00Z,101.56,102.13,100.74,102.05,326969,RAW,true,2024-11-07T21:15:00Z
bar-0003-20241107,1,inst_syn_0003,2024-11-07T14:30:00Z,2024-11-07T21:00:00Z,34.34,35.68,34.21,35.57,2199725,RAW,true,2024-11-07T21:15:00Z
bar-0004-20241107,1,inst_syn_0004,2024-11-07T14:30:00Z,2024-11-07T21:00:00Z,54.06,54.83,52.58,52.64,693917,RAW,true,2024-11-07T21:15:00Z
bar-0005-20241107,1,inst_syn_0005,2024-11-07T14:30:00Z,2024-11-07T21:00:00Z,92.09,93.03,91.81,92.29,494344,RAW,true,2024-11-07T21:15:00Z
bar-0006-20241107,1,inst_syn_0006,2024-11-07T14:30:00Z,2024-11-07T21:00:00Z,294.96,297.01,288.88,290.67,305312,RAW,true,2024-11-07T21:15:00Z
bar-0007-20241107,1,inst_syn_0007,2024-11-07T14:30:00Z,2024-11-07T21:00:00Z,22.27,22.54,21.60,21.93,4732432,RAW,true,2024-11-07T21:15:00Z
bar-0008-20241107,1,inst_syn_0008,2024-11-07T14:30:00Z,2024-11-07T21:00:00Z,61.32,61.33,60.84,61.23,555811,RAW,true,2024-11-07T21:15:00Z
bar-0009-20241107,1,inst_syn_0009,2024-11-07T14:30:00Z,2024-11-07T21:00:00Z,27.92,28.37,27.23,27.61,1601031,RAW,true,2024-11-07T21:15:00Z
bar-0010-20241107,1,inst_syn_0010,2024-11-07T14:30:00Z,2024-11-07T21:00:00Z,11.48,12.07,11.23,11.71,3125753,RAW,true,2024-11-07T21:15:00Z
bar-0011-20241107,1,inst_syn_0011,2024-11-07T14:30:00Z,2024-11-07T21:00:00Z,252.06,253.50,250.43,250.64,2802764,RAW,true,2024-11-07T21:15:00Z
bar-0012-20241107,1,inst_syn_0012,2024-11-07T14:30:00Z,2024-11-07T21:00:00Z,72.25,72.77,71.94,72.02,1669716,RAW,true,2024-11-07T21:15:00Z
bar-0001-20241108,1,inst_syn_0001,2024-11-08T14:30:00Z,2024-11-08T21:00:00Z,53.01,53.02,52.72,52.82,724634,RAW,true,2024-11-08T21:15:00Z
bar-0002-20241108,1,inst_syn_0002,2024-11-08T14:30:00Z,2024-11-08T21:00:00Z,102.37,102.62,101.81,101.90,335368,RAW,true,2024-11-08T21:15:00Z
bar-0003-20241108,1,inst_syn_0003,2024-11-08T14:30:00Z,2024-11-08T21:00:00Z,35.60,36.04,35.29,35.62,1588641,RAW,true,2024-11-08T21:15:00Z
bar-0004-20241108,1,inst_syn_0004,2024-11-08T14:30:00Z,2024-11-08T21:00:00Z,52.66,52.92,52.00,52.07,1161268,RAW,true,2024-11-08T21:15:00Z
bar-0005-20241108,1,inst_syn_0005,2024-11-08T14:30:00Z,2024-11-08T21:00:00Z,92.18,93.23,91.48,91.62,562484,RAW,true,2024-11-08T21:15:00Z
bar-0006-20241108,1,inst_syn_0006,2024-11-08T14:30:00Z,2024-11-08T21:00:00Z,290.76,292.19,288.73,290.44,296651,RAW,true,2024-11-08T21:15:00Z
bar-0007-20241108,1,inst_syn_0007,2024-11-08T14:30:00Z,2024-11-08T21:00:00Z,22.03,22.66,21.78,21.83,2261476,RAW,true,2024-11-08T21:15:00Z
bar-0008-20241108,1,inst_syn_0008,2024-11-08T14:30:00Z,2024-11-08T21:00:00Z,60.95,61.21,60.53,60.67,501956,RAW,true,2024-11-08T21:15:00Z
bar-0009-20241108,1,inst_syn_0009,2024-11-08T14:30:00Z,2024-11-08T21:00:00Z,27.77,28.05,26.62,26.81,1939210,RAW,true,2024-11-08T21:15:00Z
bar-0010-20241108,1,inst_syn_0010,2024-11-08T14:30:00Z,2024-11-08T21:00:00Z,11.96,12.29,11.73,11.76,2221082,RAW,true,2024-11-08T21:15:00Z
bar-0011-20241108,1,inst_syn_0011,2024-11-08T14:30:00Z,2024-11-08T21:00:00Z,250.98,251.81,248.20,249.05,4622519,RAW,true,2024-11-08T21:15:00Z
bar-0012-20241108,1,inst_syn_0012,2024-11-08T14:30:00Z,2024-11-08T21:00:00Z,72.34,72.45,70.77,71.17,1689294,RAW,true,2024-11-08T21:15:00Z
bar-0001-20241111,1,inst_syn_0001,2024-11-11T14:30:00Z,2024-11-11T21:00:00Z,52.78,54.74,52.51,54.31,799146,RAW,true,2024-11-11T21:15:00Z
bar-0002-20241111,1,inst_syn_0002,2024-11-11T14:30:00Z,2024-11-11T21:00:00Z,101.72,102.72,100.84,101.21,450773,RAW,true,2024-11-11T21:15:00Z
bar-0003-20241111,1,inst_syn_0003,2024-11-11T14:30:00Z,2024-11-11T21:00:00Z,35.69,35.95,35.61,35.64,1789985,RAW,true,2024-11-11T21:15:00Z
bar-0004-20241111,1,inst_syn_0004,2024-11-11T14:30:00Z,2024-11-11T21:00:00Z,51.67,52.36,50.12,50.89,814095,RAW,true,2024-11-11T21:15:00Z
bar-0005-20241111,1,inst_syn_0005,2024-11-11T14:30:00Z,2024-11-11T21:00:00Z,91.50,91.70,90.86,91.00,496636,RAW,true,2024-11-11T21:15:00Z
bar-0006-20241111,1,inst_syn_0006,2024-11-11T14:30:00Z,2024-11-11T21:00:00Z,292.53,293.79,286.02,289.62,144432,RAW,true,2024-11-11T21:15:00Z
bar-0007-20241111,1,inst_syn_0007,2024-11-11T14:30:00Z,2024-11-11T21:00:00Z,21.35,22.71,21.29,22.50,3100699,RAW,true,2024-11-11T21:15:00Z
bar-0008-20241111,1,inst_syn_0008,2024-11-11T14:30:00Z,2024-11-11T21:00:00Z,59.92,60.33,59.71,60.16,167013,RAW,true,2024-11-11T21:15:00Z
bar-0009-20241111,1,inst_syn_0009,2024-11-11T14:30:00Z,2024-11-11T21:00:00Z,26.73,26.98,26.08,26.39,2245818,RAW,true,2024-11-11T21:15:00Z
bar-0010-20241111,1,inst_syn_0010,2024-11-11T14:30:00Z,2024-11-11T21:00:00Z,12.00,12.44,11.68,11.76,2854463,RAW,true,2024-11-11T21:15:00Z
bar-0011-20241111,1,inst_syn_0011,2024-11-11T14:30:00Z,2024-11-11T21:00:00Z,249.78,250.40,248.36,249.44,5022089,RAW,true,2024-11-11T21:15:00Z
bar-0012-20241111,1,inst_syn_0012,2024-11-11T14:30:00Z,2024-11-11T21:00:00Z,70.88,72.09,70.74,72.00,1905132,RAW,true,2024-11-11T21:15:00Z
bar-0001-20241112,1,inst_syn_0001,2024-11-12T14:30:00Z,2024-11-12T21:00:00Z,54.18,55.43,53.36,55.22,613631,RAW,true,2024-11-12T21:15:00Z
bar-0002-20241112,1,inst_syn_0002,2024-11-12T14:30:00Z,2024-11-12T21:00:00Z,101.11,102.98,100.53,102.40,608692,RAW,true,2024-11-12T21:15:00Z
bar-0003-20241112,1,inst_syn_0003,2024-11-12T14:30:00Z,2024-11-12T21:00:00Z,35.56,36.28,35.24,35.99,2535545,RAW,true,2024-11-12T21:15:00Z
bar-0004-20241112,1,inst_syn_0004,2024-11-12T14:30:00Z,2024-11-12T21:00:00Z,51.43,51.84,51.12,51.26,1266192,RAW,true,2024-11-12T21:15:00Z
bar-0005-20241112,1,inst_syn_0005,2024-11-12T14:30:00Z,2024-11-12T21:00:00Z,90.29,92.12,88.97,91.88,681420,RAW,true,2024-11-12T21:15:00Z
bar-0006-20241112,1,inst_syn_0006,2024-11-12T14:30:00Z,2024-11-12T21:00:00Z,287.46,291.38,286.33,289.95,237726,RAW,true,2024-11-12T21:15:00Z
bar-0007-20241112,1,inst_syn_0007,2024-11-12T14:30:00Z,2024-11-12T21:00:00Z,22.35,22.73,22.02,22.15,3272144,RAW,true,2024-11-12T21:15:00Z
bar-0008-20241112,1,inst_syn_0008,2024-11-12T14:30:00Z,2024-11-12T21:00:00Z,60.05,60.87,60.00,60.70,367551,RAW,true,2024-11-12T21:15:00Z
bar-0009-20241112,1,inst_syn_0009,2024-11-12T14:30:00Z,2024-11-12T21:00:00Z,26.30,27.18,25.90,26.90,1278825,RAW,true,2024-11-12T21:15:00Z
bar-0010-20241112,1,inst_syn_0010,2024-11-12T14:30:00Z,2024-11-12T21:00:00Z,11.79,12.20,11.66,12.05,1155419,RAW,true,2024-11-12T21:15:00Z
bar-0011-20241112,1,inst_syn_0011,2024-11-12T14:30:00Z,2024-11-12T21:00:00Z,249.89,250.02,248.33,249.38,2910298,RAW,true,2024-11-12T21:15:00Z
bar-0012-20241112,1,inst_syn_0012,2024-11-12T14:30:00Z,2024-11-12T21:00:00Z,71.98,72.95,71.45,72.58,1186127,RAW,true,2024-11-12T21:15:00Z
bar-0001-20241113,1,inst_syn_0001,2024-11-13T14:30:00Z,2024-11-13T21:00:00Z,55.69,56.59,55.05,55.19,567702,RAW,true,2024-11-13T21:15:00Z
bar-0002-20241113,1,inst_syn_0002,2024-11-13T14:30:00Z,2024-11-13T21:00:00Z,102.10,103.90,102.03,103.83,412664,RAW,true,2024-11-13T21:15:00Z
bar-0003-20241113,1,inst_syn_0003,2024-11-13T14:30:00Z,2024-11-13T21:00:00Z,35.62,37.15,35.49,36.80,2228528,RAW,true,2024-11-13T21:15:00Z
bar-0004-20241113,1,inst_syn_0004,2024-11-13T14:30:00Z,2024-11-13T21:00:00Z,51.32,51.35,49.97,50.31,1266002,RAW,true,2024-11-13T21:15:00Z
bar-0005-20241113,1,inst_syn_0005,2024-11-13T14:30:00Z,2024-11-13T21:00:00Z,91.68,93.61,91.03,92.99,737409,RAW,true,2024-11-13T21:15:00Z
bar-0006-20241113,1,inst_syn_0006,2024-11-13T14:30:00Z,2024-11-13T21:00:00Z,289.48,301.34,289.02,295.27,446432,RAW,true,2024-11-13T21:15:00Z
bar-0007-20241113,1,inst_syn_0007,2024-11-13T14:30:00Z,2024-11-13T21:00:00Z,21.94,21.96,21.55,21.86,2425148,RAW,true,2024-11-13T21:15:00Z
bar-0008-20241113,1,inst_syn_0008,2024-11-13T14:30:00Z,2024-11-13T21:00:00Z,60.22,61.34,59.93,60.98,419400,RAW,true,2024-11-13T21:15:00Z
bar-0009-20241113,1,inst_syn_0009,2024-11-13T14:30:00Z,2024-11-13T21:00:00Z,27.00,27.28,26.36,26.91,1204687,RAW,true,2024-11-13T21:15:00Z
bar-0010-20241113,1,inst_syn_0010,2024-11-13T14:30:00Z,2024-11-13T21:00:00Z,12.00,12.51,11.99,12.27,3469044,RAW,true,2024-11-13T21:15:00Z
bar-0011-20241113,1,inst_syn_0011,2024-11-13T14:30:00Z,2024-11-13T21:00:00Z,249.98,250.56,249.33,250.49,3772261,RAW,true,2024-11-13T21:15:00Z
bar-0012-20241113,1,inst_syn_0012,2024-11-13T14:30:00Z,2024-11-13T21:00:00Z,72.72,73.21,72.11,72.71,1460671,RAW,true,2024-11-13T21:15:00Z
bar-0001-20241114,1,inst_syn_0001,2024-11-14T14:30:00Z,2024-11-14T21:00:00Z,55.68,55.90,55.58,55.73,882659,RAW,true,2024-11-14T21:15:00Z
bar-0002-20241114,1,inst_syn_0002,2024-11-14T14:30:00Z,2024-11-14T21:00:00Z,103.37,103.49,102.74,103.32,220071,RAW,true,2024-11-14T21:15:00Z
bar-0003-20241114,1,inst_syn_0003,2024-11-14T14:30:00Z,2024-11-14T21:00:00Z,36.92,36.95,35.50,35.72,1570118,RAW,true,2024-11-14T21:15:00Z
bar-0004-20241114,1,inst_syn_0004,2024-11-14T14:30:00Z,2024-11-14T21:00:00Z,50.25,50.42,49.94,50.35,853112,RAW,true,2024-11-14T21:15:00Z
bar-0005-20241114,1,inst_syn_0005,2024-11-14T14:30:00Z,2024-11-14T21:00:00Z,92.32,93.43,91.86,92.97,549209,RAW,true,2024-11-14T21:15:00Z
bar-0006-20241114,1,inst_syn_0006,2024-11-14T14:30:00Z,2024-11-14T21:00:00Z,292.65,295.29,290.48,293.62,218376,RAW,true,2024-11-14T21:15:00Z
bar-0007-20241114,1,inst_syn_0007,2024-11-14T14:30:00Z,2024-11-14T21:00:00Z,22.15,22.35,21.85,21.99,2878830,RAW,true,2024-11-14T21:15:00Z
bar-0008-20241114,1,inst_syn_0008,2024-11-14T14:30:00Z,2024-11-14T21:00:00Z,60.31,62.04,60.24,61.88,648578,RAW,true,2024-11-14T21:15:00Z
bar-0009-20241114,1,inst_syn_0009,2024-11-14T14:30:00Z,2024-11-14T21:00:00Z,27.44,27.53,26.35,26.48,1937393,RAW,true,2024-11-14T21:15:00Z
bar-0010-20241114,1,inst_syn_0010,2024-11-14T14:30:00Z,2024-11-14T21:00:00Z,12.11,12.49,11.89,12.35,1741456,RAW,true,2024-11-14T21:15:00Z
bar-0011-20241114,1,inst_syn_0011,2024-11-14T14:30:00Z,2024-11-14T21:00:00Z,251.74,251.86,250.78,250.85,2732511,RAW,true,2024-11-14T21:15:00Z
bar-0012-20241114,1,inst_syn_0012,2024-11-14T14:30:00Z,2024-11-14T21:00:00Z,72.80,72.99,72.63,72.93,1069221,RAW,true,2024-11-14T21:15:00Z
bar-0001-20241115,1,inst_syn_0001,2024-11-15T14:30:00Z,2024-11-15T21:00:00Z,55.52,56.14,55.29,55.32,871692,RAW,true,2024-11-15T21:15:00Z
bar-0002-20241115,1,inst_syn_0002,2024-11-15T14:30:00Z,2024-11-15T21:00:00Z,103.00,106.48,102.43,105.78,172683,RAW,true,2024-11-15T21:15:00Z
bar-0003-20241115,1,inst_syn_0003,2024-11-15T14:30:00Z,2024-11-15T21:00:00Z,35.51,36.34,35.04,36.26,872312,RAW,true,2024-11-15T21:15:00Z
bar-0004-20241115,1,inst_syn_0004,2024-11-15T14:30:00Z,2024-11-15T21:00:00Z,50.54,51.24,50.16,50.67,1099244,RAW,true,2024-11-15T21:15:00Z
bar-0005-20241115,1,inst_syn_0005,2024-11-15T14:30:00Z,2024-11-15T21:00:00Z,93.16,94.92,92.84,94.75,723130,RAW,true,2024-11-15T21:15:00Z
bar-0006-20241115,1,inst_syn_0006,2024-11-15T14:30:00Z,2024-11-15T21:00:00Z,297.86,299.80,293.06,295.07,244721,RAW,true,2024-11-15T21:15:00Z
bar-0007-20241115,1,inst_syn_0007,2024-11-15T14:30:00Z,2024-11-15T21:00:00Z,22.59,22.86,21.13,21.56,1356178,RAW,true,2024-11-15T21:15:00Z
bar-0008-20241115,1,inst_syn_0008,2024-11-15T14:30:00Z,2024-11-15T21:00:00Z,61.85,63.05,61.66,62.17,413288,RAW,true,2024-11-15T21:15:00Z
bar-0009-20241115,1,inst_syn_0009,2024-11-15T14:30:00Z,2024-11-15T21:00:00Z,26.85,27.71,25.71,25.95,2136407,RAW,true,2024-11-15T21:15:00Z
bar-0010-20241115,1,inst_syn_0010,2024-11-15T14:30:00Z,2024-11-15T21:00:00Z,12.21,13.27,12.01,13.14,2998006,RAW,true,2024-11-15T21:15:00Z
bar-0011-20241115,1,inst_syn_0011,2024-11-15T14:30:00Z,2024-11-15T21:00:00Z,251.18,255.27,250.50,253.24,4721655,RAW,true,2024-11-15T21:15:00Z
bar-0012-20241115,1,inst_syn_0012,2024-11-15T14:30:00Z,2024-11-15T21:00:00Z,73.48,74.15,73.17,73.92,1684460,RAW,true,2024-11-15T21:15:00Z
bar-0001-20241118,1,inst_syn_0001,2024-11-18T14:30:00Z,2024-11-18T21:00:00Z,55.09,55.80,54.71,55.56,678048,RAW,true,2024-11-18T21:15:00Z
bar-0002-20241118,1,inst_syn_0002,2024-11-18T14:30:00Z,2024-11-18T21:00:00Z,105.18,106.94,104.97,106.53,270038,RAW,true,2024-11-18T21:15:00Z
bar-0003-20241118,1,inst_syn_0003,2024-11-18T14:30:00Z,2024-11-18T21:00:00Z,36.07,37.12,35.44,36.74,1565849,RAW,true,2024-11-18T21:15:00Z
bar-0004-20241118,1,inst_syn_0004,2024-11-18T14:30:00Z,2024-11-18T21:00:00Z,50.11,50.34,49.91,50.04,730116,RAW,true,2024-11-18T21:15:00Z
bar-0005-20241118,1,inst_syn_0005,2024-11-18T14:30:00Z,2024-11-18T21:00:00Z,94.65,95.84,94.63,94.68,558293,RAW,true,2024-11-18T21:15:00Z
bar-0006-20241118,1,inst_syn_0006,2024-11-18T14:30:00Z,2024-11-18T21:00:00Z,295.82,299.71,292.57,298.12,137342,RAW,true,2024-11-18T21:15:00Z
bar-0007-20241118,1,inst_syn_0007,2024-11-18T14:30:00Z,2024-11-18T21:00:00Z,21.57,21.63,20.86,21.18,3767371,RAW,true,2024-11-18T21:15:00Z
bar-0008-20241118,1,inst_syn_0008,2024-11-18T14:30:00Z,2024-11-18T21:00:00Z,62.73,63.52,61.82,62.05,414344,RAW,true,2024-11-18T21:15:00Z
bar-0009-20241118,1,inst_syn_0009,2024-11-18T14:30:00Z,2024-11-18T21:00:00Z,26.15,26.33,26.14,26.18,2009367,RAW,true,2024-11-18T21:15:00Z
bar-0010-20241118,1,inst_syn_0010,2024-11-18T14:30:00Z,2024-11-18T21:00:00Z,13.23,13.30,12.78,12.85,1579092,RAW,true,2024-11-18T21:15:00Z
bar-0011-20241118,1,inst_syn_0011,2024-11-18T14:30:00Z,2024-11-18T21:00:00Z,252.97,254.42,251.38,251.75,4781200,RAW,true,2024-11-18T21:15:00Z
bar-0012-20241118,1,inst_syn_0012,2024-11-18T14:30:00Z,2024-11-18T21:00:00Z,73.53,73.83,73.39,73.52,1294505,RAW,true,2024-11-18T21:15:00Z
bar-0001-20241119,1,inst_syn_0001,2024-11-19T14:30:00Z,2024-11-19T21:00:00Z,54.93,55.22,54.40,55.04,943257,RAW,true,2024-11-19T21:15:00Z
bar-0002-20241119,1,inst_syn_0002,2024-11-19T14:30:00Z,2024-11-19T21:00:00Z,106.49,106.67,105.55,106.02,420093,RAW,true,2024-11-19T21:15:00Z
bar-0003-20241119,1,inst_syn_0003,2024-11-19T14:30:00Z,2024-11-19T21:00:00Z,36.96,37.43,36.47,37.23,2425840,RAW,true,2024-11-19T21:15:00Z
bar-0004-20241119,1,inst_syn_0004,2024-11-19T14:30:00Z,2024-11-19T21:00:00Z,50.46,50.70,49.22,49.92,1095776,RAW,true,2024-11-19T21:15:00Z
bar-0005-20241119,1,inst_syn_0005,2024-11-19T14:30:00Z,2024-11-19T21:00:00Z,95.18,95.99,94.53,95.72,352616,RAW,true,2024-11-19T21:15:00Z
bar-0006-20241119,1,inst_syn_0006,2024-11-19T14:30:00Z,2024-11-19T21:00:00Z,298.43,304.36,295.21,302.91,260697,RAW,true,2024-11-19T21:15:00Z
bar-0007-20241119,1,inst_syn_0007,2024-11-19T14:30:00Z,2024-11-19T21:00:00Z,21.18,21.59,20.69,20.96,2269495,RAW,true,2024-11-19T21:15:00Z
bar-0008-20241119,1,inst_syn_0008,2024-11-19T14:30:00Z,2024-11-19T21:00:00Z,62.15,62.16,61.34,61.69,451492,RAW,true,2024-11-19T21:15:00Z
bar-0009-20241119,1,inst_syn_0009,2024-11-19T14:30:00Z,2024-11-19T21:00:00Z,26.38,27.36,26.03,27.10,1878160,RAW,true,2024-11-19T21:15:00Z
bar-0010-20241119,1,inst_syn_0010,2024-11-19T14:30:00Z,2024-11-19T21:00:00Z,12.73,13.16,12.46,13.14,2374180,RAW,true,2024-11-19T21:15:00Z
bar-0011-20241119,1,inst_syn_0011,2024-11-19T14:30:00Z,2024-11-19T21:00:00Z,251.20,251.27,249.74,250.34,4593938,RAW,true,2024-11-19T21:15:00Z
bar-0012-20241119,1,inst_syn_0012,2024-11-19T14:30:00Z,2024-11-19T21:00:00Z,74.14,74.49,72.81,72.87,1740857,RAW,true,2024-11-19T21:15:00Z
bar-0001-20241120,1,inst_syn_0001,2024-11-20T14:30:00Z,2024-11-20T21:00:00Z,55.20,55.86,54.72,55.84,514756,RAW,true,2024-11-20T21:15:00Z
bar-0002-20241120,1,inst_syn_0002,2024-11-20T14:30:00Z,2024-11-20T21:00:00Z,106.34,106.94,105.29,106.59,229477,RAW,true,2024-11-20T21:15:00Z
bar-0003-20241120,1,inst_syn_0003,2024-11-20T14:30:00Z,2024-11-20T21:00:00Z,36.77,38.77,36.16,38.44,2806665,RAW,true,2024-11-20T21:15:00Z
bar-0004-20241120,1,inst_syn_0004,2024-11-20T14:30:00Z,2024-11-20T21:00:00Z,50.46,51.49,49.40,49.94,581926,RAW,true,2024-11-20T21:15:00Z
bar-0005-20241120,1,inst_syn_0005,2024-11-20T14:30:00Z,2024-11-20T21:00:00Z,95.03,95.74,93.67,95.52,374629,RAW,true,2024-11-20T21:15:00Z
bar-0006-20241120,1,inst_syn_0006,2024-11-20T14:30:00Z,2024-11-20T21:00:00Z,300.74,304.26,298.38,302.81,231885,RAW,true,2024-11-20T21:15:00Z
bar-0007-20241120,1,inst_syn_0007,2024-11-20T14:30:00Z,2024-11-20T21:00:00Z,20.73,20.98,20.49,20.50,1895574,RAW,true,2024-11-20T21:15:00Z
bar-0008-20241120,1,inst_syn_0008,2024-11-20T14:30:00Z,2024-11-20T21:00:00Z,61.34,61.71,61.04,61.51,311360,RAW,true,2024-11-20T21:15:00Z
bar-0009-20241120,1,inst_syn_0009,2024-11-20T14:30:00Z,2024-11-20T21:00:00Z,27.36,27.55,26.60,27.03,1080120,RAW,true,2024-11-20T21:15:00Z
bar-0010-20241120,1,inst_syn_0010,2024-11-20T14:30:00Z,2024-11-20T21:00:00Z,13.18,13.56,13.06,13.26,1422575,RAW,true,2024-11-20T21:15:00Z
bar-0011-20241120,1,inst_syn_0011,2024-11-20T14:30:00Z,2024-11-20T21:00:00Z,250.49,253.01,250.46,252.90,3821379,RAW,true,2024-11-20T21:15:00Z
bar-0012-20241120,1,inst_syn_0012,2024-11-20T14:30:00Z,2024-11-20T21:00:00Z,72.58,73.93,72.28,73.59,1835427,RAW,true,2024-11-20T21:15:00Z
bar-0001-20241121,1,inst_syn_0001,2024-11-21T14:30:00Z,2024-11-21T21:00:00Z,56.08,56.12,55.22,55.30,631119,RAW,true,2024-11-21T21:15:00Z
bar-0002-20241121,1,inst_syn_0002,2024-11-21T14:30:00Z,2024-11-21T21:00:00Z,106.90,106.94,105.15,105.72,328662,RAW,true,2024-11-21T21:15:00Z
bar-0003-20241121,1,inst_syn_0003,2024-11-21T14:30:00Z,2024-11-21T21:00:00Z,38.52,38.53,38.35,38.52,1654527,RAW,true,2024-11-21T21:15:00Z
bar-0004-20241121,1,inst_syn_0004,2024-11-21T14:30:00Z,2024-11-21T21:00:00Z,49.30,49.40,48.31,48.36,959212,RAW,true,2024-11-21T21:15:00Z
bar-0005-20241121,1,inst_syn_0005,2024-11-21T14:30:00Z,2024-11-21T21:00:00Z,94.96,95.24,93.16,93.28,591420,RAW,true,2024-11-21T21:15:00Z
bar-0006-20241121,1,inst_syn_0006,2024-11-21T14:30:00Z,2024-11-21T21:00:00Z,302.64,303.08,299.51,302.65,236895,RAW,true,2024-11-21T21:15:00Z
bar-0007-20241121,1,inst_syn_0007,2024-11-21T14:30:00Z,2024-11-21T21:00:00Z,20.53,21.02,19.89,20.14,2182811,RAW,true,2024-11-21T21:15:00Z
bar-0008-20241121,1,inst_syn_0008,2024-11-21T14:30:00Z,2024-11-21T21:00:00Z,61.95,62.05,61.41,61.68,576044,RAW,true,2024-11-21T21:15:00Z
bar-0009-20241121,1,inst_syn_0009,2024-11-21T14:30:00Z,2024-11-21T21:00:00Z,27.76,27.79,27.35,27.37,2116457,RAW,true,2024-11-21T21:15:00Z
bar-0010-20241121,1,inst_syn_0010,2024-11-21T14:30:00Z,2024-11-21T21:00:00Z,13.26,13.42,13.23,13.29,2150608,RAW,true,2024-11-21T21:15:00Z
bar-0011-20241121,1,inst_syn_0011,2024-11-21T14:30:00Z,2024-11-21T21:00:00Z,253.70,255.27,249.84,249.85,2635174,RAW,true,2024-11-21T21:15:00Z
bar-0012-20241121,1,inst_syn_0012,2024-11-21T14:30:00Z,2024-11-21T21:00:00Z,73.69,74.12,72.82,72.95,2225837,RAW,true,2024-11-21T21:15:00Z
bar-0001-20241122,1,inst_syn_0001,2024-11-22T14:30:00Z,2024-11-22T21:00:00Z,55.41,55.83,54.92,55.24,783215,RAW,true,2024-11-22T21:15:00Z
bar-0002-20241122,1,inst_syn_0002,2024-11-22T14:30:00Z,2024-11-22T21:00:00Z,105.66,106.51,105.04,106.02,392945,RAW,true,2024-11-22T21:15:00Z
bar-0003-20241122,1,inst_syn_0003,2024-11-22T14:30:00Z,2024-11-22T21:00:00Z,39.38,39.86,38.35,39.09,2068741,RAW,true,2024-11-22T21:15:00Z
bar-0004-20241122,1,inst_syn_0004,2024-11-22T14:30:00Z,2024-11-22T21:00:00Z,47.65,48.10,47.36,47.77,1036821,RAW,true,2024-11-22T21:15:00Z
bar-0005-20241122,1,inst_syn_0005,2024-11-22T14:30:00Z,2024-11-22T21:00:00Z,93.65,93.77,92.96,93.49,601376,RAW,true,2024-11-22T21:15:00Z
bar-0006-20241122,1,inst_syn_0006,2024-11-22T14:30:00Z,2024-11-22T21:00:00Z,303.78,304.27,292.90,297.14,157540,RAW,true,2024-11-22T21:15:00Z
bar-0007-20241122,1,inst_syn_0007,2024-11-22T14:30:00Z,2024-11-22T21:00:00Z,20.29,20.65,20.10,20.52,2851517,RAW,true,2024-11-22T21:15:00Z
bar-0008-20241122,1,inst_syn_0008,2024-11-22T14:30:00Z,2024-11-22T21:00:00Z,62.60,62.69,60.50,61.05,304026,RAW,true,2024-11-22T21:15:00Z
bar-0009-20241122,1,inst_syn_0009,2024-11-22T14:30:00Z,2024-11-22T21:00:00Z,27.21,28.17,26.77,28.15,1733061,RAW,true,2024-11-22T21:15:00Z
bar-0010-20241122,1,inst_syn_0010,2024-11-22T14:30:00Z,2024-11-22T21:00:00Z,13.36,13.43,13.21,13.34,1862639,RAW,true,2024-11-22T21:15:00Z
bar-0011-20241122,1,inst_syn_0011,2024-11-22T14:30:00Z,2024-11-22T21:00:00Z,248.97,251.50,248.44,251.05,3912848,RAW,true,2024-11-22T21:15:00Z
bar-0012-20241122,1,inst_syn_0012,2024-11-22T14:30:00Z,2024-11-22T21:00:00Z,72.72,73.67,72.41,73.37,2129060,RAW,true,2024-11-22T21:15:00Z
bar-0001-20241125,1,inst_syn_0001,2024-11-25T14:30:00Z,2024-11-25T21:00:00Z,55.33,55.68,53.96,54.23,565982,RAW,true,2024-11-25T21:15:00Z
bar-0002-20241125,1,inst_syn_0002,2024-11-25T14:30:00Z,2024-11-25T21:00:00Z,105.96,107.38,105.79,106.81,406849,RAW,true,2024-11-25T21:15:00Z
bar-0003-20241125,1,inst_syn_0003,2024-11-25T14:30:00Z,2024-11-25T21:00:00Z,38.84,39.54,38.66,39.29,1579225,RAW,true,2024-11-25T21:15:00Z
bar-0004-20241125,1,inst_syn_0004,2024-11-25T14:30:00Z,2024-11-25T21:00:00Z,47.55,47.92,47.51,47.68,764425,RAW,true,2024-11-25T21:15:00Z
bar-0005-20241125,1,inst_syn_0005,2024-11-25T14:30:00Z,2024-11-25T21:00:00Z,93.70,94.15,91.72,93.10,610945,RAW,true,2024-11-25T21:15:00Z
bar-0006-20241125,1,inst_syn_0006,2024-11-25T14:30:00Z,2024-11-25T21:00:00Z,297.39,297.77,291.85,295.84,292109,RAW,true,2024-11-25T21:15:00Z
bar-0007-20241125,1,inst_syn_0007,2024-11-25T14:30:00Z,2024-11-25T21:00:00Z,20.34,20.57,19.63,19.71,2534529,RAW,true,2024-11-25T21:15:00Z
bar-0008-20241125,1,inst_syn_0008,2024-11-25T14:30:00Z,2024-11-25T21:00:00Z,61.34,62.19,60.83,61.16,182676,RAW,true,2024-11-25T21:15:00Z
bar-0009-20241125,1,inst_syn_0009,2024-11-25T14:30:00Z,2024-11-25T21:00:00Z,28.17,28.60,28.00,28.14,1235497,RAW,true,2024-11-25T21:15:00Z
bar-0010-20241125,1,inst_syn_0010,2024-11-25T14:30:00Z,2024-11-25T21:00:00Z,13.33,13.45,13.02,13.39,1952666,RAW,true,2024-11-25T21:15:00Z
bar-0011-20241125,1,inst_syn_0011,2024-11-25T14:30:00Z,2024-11-25T21:00:00Z,251.49,252.12,248.52,249.84,5008818,RAW,true,2024-11-25T21:15:00Z
bar-0012-20241125,1,inst_syn_0012,2024-11-25T14:30:00Z,2024-11-25T21:00:00Z,73.10,73.30,72.44,72.47,2111146,RAW,true,2024-11-25T21:15:00Z
bar-0001-20241126,1,inst_syn_0001,2024-11-26T14:30:00Z,2024-11-26T21:00:00Z,54.44,55.10,53.96,53.98,612464,RAW,true,2024-11-26T21:15:00Z
bar-0002-20241126,1,inst_syn_0002,2024-11-26T14:30:00Z,2024-11-26T21:00:00Z,107.28,107.99,105.66,106.20,398236,RAW,true,2024-11-26T21:15:00Z
bar-0003-20241126,1,inst_syn_0003,2024-11-26T14:30:00Z,2024-11-26T21:00:00Z,39.12,39.36,39.10,39.23,1886447,RAW,true,2024-11-26T21:15:00Z
bar-0004-20241126,1,inst_syn_0004,2024-11-26T14:30:00Z,2024-11-26T21:00:00Z,47.01,48.02,46.54,47.12,1096798,RAW,true,2024-11-26T21:15:00Z
bar-0005-20241126,1,inst_syn_0005,2024-11-26T14:30:00Z,2024-11-26T21:00:00Z,93.06,94.16,92.14,92.64,243869,RAW,true,2024-11-26T21:15:00Z
bar-0006-20241126,1,inst_syn_0006,2024-11-26T14:30:00Z,2024-11-26T21:00:00Z,296.90,299.48,284.82,287.92,309621,RAW,true,2024-11-26T21:15:00Z
bar-0007-20241126,1,inst_syn_0007,2024-11-26T14:30:00Z,2024-11-26T21:00:00Z,19.72,19.99,19.26,19.55,3659313,RAW,true,2024-11-26T21:15:00Z
bar-0008-20241126,1,inst_syn_0008,2024-11-26T14:30:00Z,2024-11-26T21:00:00Z,61.38,61.88,60.01,60.69,277877,RAW,true,2024-11-26T21:15:00Z
bar-0009-20241126,1,inst_syn_0009,2024-11-26T14:30:00Z,2024-11-26T21:00:00Z,28.33,30.16,28.11,29.21,1220062,RAW,true,2024-11-26T21:15:00Z
bar-0010-20241126,1,inst_syn_0010,2024-11-26T14:30:00Z,2024-11-26T21:00:00Z,13.59,13.71,13.29,13.30,2182865,RAW,true,2024-11-26T21:15:00Z
bar-0011-20241126,1,inst_syn_0011,2024-11-26T14:30:00Z,2024-11-26T21:00:00Z,249.62,250.64,249.22,250.00,5977664,RAW,true,2024-11-26T21:15:00Z
bar-0012-20241126,1,inst_syn_0012,2024-11-26T14:30:00Z,2024-11-26T21:00:00Z,72.44,72.66,71.64,72.05,860034,RAW,true,2024-11-26T21:15:00Z
bar-0001-20241127,1,inst_syn_0001,2024-11-27T14:30:00Z,2024-11-27T21:00:00Z,54.24,55.24,53.95,54.59,744423,RAW,true,2024-11-27T21:15:00Z
bar-0002-20241127,1,inst_syn_0002,2024-11-27T14:30:00Z,2024-11-27T21:00:00Z,106.66,106.92,104.87,105.79,412055,RAW,true,2024-11-27T21:15:00Z
bar-0003-20241127,1,inst_syn_0003,2024-11-27T14:30:00Z,2024-11-27T21:00:00Z,39.79,40.03,38.58,39.56,1946591,RAW,true,2024-11-27T21:15:00Z
bar-0004-20241127,1,inst_syn_0004,2024-11-27T14:30:00Z,2024-11-27T21:00:00Z,47.09,48.65,46.67,48.46,713032,RAW,true,2024-11-27T21:15:00Z
bar-0005-20241127,1,inst_syn_0005,2024-11-27T14:30:00Z,2024-11-27T21:00:00Z,92.55,92.90,91.63,91.63,372100,RAW,true,2024-11-27T21:15:00Z
bar-0006-20241127,1,inst_syn_0006,2024-11-27T14:30:00Z,2024-11-27T21:00:00Z,286.60,287.84,283.73,287.45,210350,RAW,true,2024-11-27T21:15:00Z
bar-0007-20241127,1,inst_syn_0007,2024-11-27T14:30:00Z,2024-11-27T21:00:00Z,19.46,19.80,19.27,19.34,2716285,RAW,true,2024-11-27T21:15:00Z
bar-0008-20241127,1,inst_syn_0008,2024-11-27T14:30:00Z,2024-11-27T21:00:00Z,61.13,61.77,60.13,60.28,350306,RAW,true,2024-11-27T21:15:00Z
bar-0009-20241127,1,inst_syn_0009,2024-11-27T14:30:00Z,2024-11-27T21:00:00Z,29.22,29.40,28.17,28.68,1290075,RAW,true,2024-11-27T21:15:00Z
bar-0010-20241127,1,inst_syn_0010,2024-11-27T14:30:00Z,2024-11-27T21:00:00Z,13.04,13.58,12.97,13.49,2246030,RAW,true,2024-11-27T21:15:00Z
bar-0011-20241127,1,inst_syn_0011,2024-11-27T14:30:00Z,2024-11-27T21:00:00Z,249.34,250.60,248.65,250.40,2639253,RAW,true,2024-11-27T21:15:00Z
bar-0012-20241127,1,inst_syn_0012,2024-11-27T14:30:00Z,2024-11-27T21:00:00Z,72.04,72.90,72.00,72.14,928024,RAW,true,2024-11-27T21:15:00Z
bar-0001-20241129,1,inst_syn_0001,2024-11-29T14:30:00Z,2024-11-29T21:00:00Z,54.80,54.81,54.03,54.30,687704,RAW,true,2024-11-29T21:15:00Z
bar-0002-20241129,1,inst_syn_0002,2024-11-29T14:30:00Z,2024-11-29T21:00:00Z,106.41,106.67,102.95,103.63,320681,RAW,true,2024-11-29T21:15:00Z
bar-0003-20241129,1,inst_syn_0003,2024-11-29T14:30:00Z,2024-11-29T21:00:00Z,39.49,39.59,38.42,38.84,1725311,RAW,true,2024-11-29T21:15:00Z
bar-0004-20241129,1,inst_syn_0004,2024-11-29T14:30:00Z,2024-11-29T21:00:00Z,48.37,49.26,47.49,49.02,547049,RAW,true,2024-11-29T21:15:00Z
bar-0005-20241129,1,inst_syn_0005,2024-11-29T14:30:00Z,2024-11-29T21:00:00Z,91.63,92.25,91.26,91.27,592938,RAW,true,2024-11-29T21:15:00Z
bar-0006-20241129,1,inst_syn_0006,2024-11-29T14:30:00Z,2024-11-29T21:00:00Z,287.67,289.35,285.67,289.09,234042,RAW,true,2024-11-29T21:15:00Z
bar-0007-20241129,1,inst_syn_0007,2024-11-29T14:30:00Z,2024-11-29T21:00:00Z,19.41,19.95,19.24,19.86,2167179,RAW,true,2024-11-29T21:15:00Z
bar-0008-20241129,1,inst_syn_0008,2024-11-29T14:30:00Z,2024-11-29T21:00:00Z,60.62,60.96,59.37,60.10,284136,RAW,true,2024-11-29T21:15:00Z
bar-0009-20241129,1,inst_syn_0009,2024-11-29T14:30:00Z,2024-11-29T21:00:00Z,28.58,28.84,27.74,27.84,755790,RAW,true,2024-11-29T21:15:00Z
bar-0010-20241129,1,inst_syn_0010,2024-11-29T14:30:00Z,2024-11-29T21:00:00Z,13.45,13.92,13.19,13.75,3575333,RAW,true,2024-11-29T21:15:00Z
bar-0011-20241129,1,inst_syn_0011,2024-11-29T14:30:00Z,2024-11-29T21:00:00Z,250.07,250.65,248.68,249.21,4193183,RAW,true,2024-11-29T21:15:00Z
bar-0012-20241129,1,inst_syn_0012,2024-11-29T14:30:00Z,2024-11-29T21:00:00Z,71.83,72.25,71.52,71.93,1578993,RAW,true,2024-11-29T21:15:00Z
bar-0001-20241202,1,inst_syn_0001,2024-12-02T14:30:00Z,2024-12-02T21:00:00Z,54.33,55.04,54.06,54.62,935684,RAW,true,2024-12-02T21:15:00Z
bar-0002-20241202,1,inst_syn_0002,2024-12-02T14:30:00Z,2024-12-02T21:00:00Z,103.90,104.23,102.30,102.57,435342,RAW,true,2024-12-02T21:15:00Z
bar-0003-20241202,1,inst_syn_0003,2024-12-02T14:30:00Z,2024-12-02T21:00:00Z,38.94,39.35,38.64,38.79,2004648,RAW,true,2024-12-02T21:15:00Z
bar-0004-20241202,1,inst_syn_0004,2024-12-02T14:30:00Z,2024-12-02T21:00:00Z,49.61,49.93,47.89,48.30,1030338,RAW,true,2024-12-02T21:15:00Z
bar-0005-20241202,1,inst_syn_0005,2024-12-02T14:30:00Z,2024-12-02T21:00:00Z,91.05,92.62,90.21,91.82,504199,RAW,true,2024-12-02T21:15:00Z
bar-0006-20241202,1,inst_syn_0006,2024-12-02T14:30:00Z,2024-12-02T21:00:00Z,288.41,289.67,287.90,287.94,159720,RAW,true,2024-12-02T21:15:00Z
bar-0007-20241202,1,inst_syn_0007,2024-12-02T14:30:00Z,2024-12-02T21:00:00Z,19.69,20.33,19.68,20.24,3572528,RAW,true,2024-12-02T21:15:00Z
bar-0008-20241202,1,inst_syn_0008,2024-12-02T14:30:00Z,2024-12-02T21:00:00Z,59.97,60.75,59.10,59.73,511074,RAW,true,2024-12-02T21:15:00Z
bar-0009-20241202,1,inst_syn_0009,2024-12-02T14:30:00Z,2024-12-02T21:00:00Z,28.29,29.65,27.77,29.28,1761400,RAW,true,2024-12-02T21:15:00Z
bar-0010-20241202,1,inst_syn_0010,2024-12-02T14:30:00Z,2024-12-02T21:00:00Z,13.86,13.87,13.77,13.82,2056555,RAW,true,2024-12-02T21:15:00Z
bar-0011-20241202,1,inst_syn_0011,2024-12-02T14:30:00Z,2024-12-02T21:00:00Z,249.27,250.31,246.99,250.12,3113122,RAW,true,2024-12-02T21:15:00Z
bar-0012-20241202,1,inst_syn_0012,2024-12-02T14:30:00Z,2024-12-02T21:00:00Z,72.34,72.84,71.80,72.26,1344612,RAW,true,2024-12-02T21:15:00Z
bar-0001-20241203,1,inst_syn_0001,2024-12-03T14:30:00Z,2024-12-03T21:00:00Z,54.63,55.49,54.08,54.84,912805,RAW,true,2024-12-03T21:15:00Z
bar-0002-20241203,1,inst_syn_0002,2024-12-03T14:30:00Z,2024-12-03T21:00:00Z,102.60,104.00,102.46,103.72,240360,RAW,true,2024-12-03T21:15:00Z
bar-0003-20241203,1,inst_syn_0003,2024-12-03T14:30:00Z,2024-12-03T21:00:00Z,37.99,39.53,37.66,39.24,1501928,RAW,true,2024-12-03T21:15:00Z
bar-0004-20241203,1,inst_syn_0004,2024-12-03T14:30:00Z,2024-12-03T21:00:00Z,48.02,48.07,46.93,47.10,526014,RAW,true,2024-12-03T21:15:00Z
bar-0005-20241203,1,inst_syn_0005,2024-12-03T14:30:00Z,2024-12-03T21:00:00Z,91.80,92.31,90.89,91.55,455152,RAW,true,2024-12-03T21:15:00Z
bar-0006-20241203,1,inst_syn_0006,2024-12-03T14:30:00Z,2024-12-03T21:00:00Z,288.40,291.94,286.86,290.78,287200,RAW,true,2024-12-03T21:15:00Z
bar-0007-20241203,1,inst_syn_0007,2024-12-03T14:30:00Z,2024-12-03T21:00:00Z,19.85,20.40,19.73,20.35,3385175,RAW,true,2024-12-03T21:15:00Z
bar-0008-20241203,1,inst_syn_0008,2024-12-03T14:30:00Z,2024-12-03T21:00:00Z,59.72,59.91,59.23,59.45,534802,RAW,true,2024-12-03T21:15:00Z
bar-0009-20241203,1,inst_syn_0009,2024-12-03T14:30:00Z,2024-12-03T21:00:00Z,29.22,29.70,28.44,28.51,1424342,RAW,true,2024-12-03T21:15:00Z
bar-0010-20241203,1,inst_syn_0010,2024-12-03T14:30:00Z,2024-12-03T21:00:00Z,14.18,14.48,13.65,13.88,1822575,RAW,true,2024-12-03T21:15:00Z
bar-0011-20241203,1,inst_syn_0011,2024-12-03T14:30:00Z,2024-12-03T21:00:00Z,249.60,251.02,247.83,250.00,2783541,RAW,true,2024-12-03T21:15:00Z
bar-0012-20241203,1,inst_syn_0012,2024-12-03T14:30:00Z,2024-12-03T21:00:00Z,72.06,73.17,71.97,72.73,1701295,RAW,true,2024-12-03T21:15:00Z
bar-0001-20241204,1,inst_syn_0001,2024-12-04T14:30:00Z,2024-12-04T21:00:00Z,55.10,56.52,54.77,55.81,886126,RAW,true,2024-12-04T21:15:00Z
bar-0002-20241204,1,inst_syn_0002,2024-12-04T14:30:00Z,2024-12-04T21:00:00Z,104.83,104.94,104.67,104.84,323764,RAW,true,2024-12-04T21:15:00Z
bar-0003-20241204,1,inst_syn_0003,2024-12-04T14:30:00Z,2024-12-04T21:00:00Z,39.37,40.46,38.58,39.97,1923858,RAW,true,2024-12-04T21:15:00Z
bar-0004-20241204,1,inst_syn_0004,2024-12-04T14:30:00Z,2024-12-04T21:00:00Z,47.00,47.13,46.66,46.81,796657,RAW,true,2024-12-04T21:15:00Z
bar-0005-20241204,1,inst_syn_0005,2024-12-04T14:30:00Z,2024-12-04T21:00:00Z,91.18,92.67,90.99,92.66,615572,RAW,true,2024-12-04T21:15:00Z
bar-0006-20241204,1,inst_syn_0006,2024-12-04T14:30:00Z,2024-12-04T21:00:00Z,292.75,294.39,288.48,291.95,181956,RAW,true,2024-12-04T21:15:00Z
bar-0007-20241204,1,inst_syn_0007,2024-12-04T14:30:00Z,2024-12-04T21:00:00Z,20.21,20.73,20.17,20.69,2465718,RAW,true,2024-12-04T21:15:00Z
bar-0008-20241204,1,inst_syn_0008,2024-12-04T14:30:00Z,2024-12-04T21:00:00Z,59.51,60.33,59.40,59.88,373072,RAW,true,2024-12-04T21:15:00Z
bar-0009-20241204,1,inst_syn_0009,2024-12-04T14:30:00Z,2024-12-04T21:00:00Z,28.24,29.07,28.19,29.02,1629422,RAW,true,2024-12-04T21:15:00Z
bar-0010-20241204,1,inst_syn_0010,2024-12-04T14:30:00Z,2024-12-04T21:00:00Z,13.63,13.72,13.50,13.58,2267620,RAW,true,2024-12-04T21:15:00Z
bar-0011-20241204,1,inst_syn_0011,2024-12-04T14:30:00Z,2024-12-04T21:00:00Z,251.15,253.89,250.00,253.30,4872610,RAW,true,2024-12-04T21:15:00Z
bar-0012-20241204,1,inst_syn_0012,2024-12-04T14:30:00Z,2024-12-04T21:00:00Z,72.46,73.54,72.27,73.49,2199534,RAW,true,2024-12-04T21:15:00Z
bar-0001-20241205,1,inst_syn_0001,2024-12-05T14:30:00Z,2024-12-05T21:00:00Z,55.54,55.83,54.86,55.74,693563,RAW,true,2024-12-05T21:15:00Z
bar-0002-20241205,1,inst_syn_0002,2024-12-05T14:30:00Z,2024-12-05T21:00:00Z,105.31,105.52,104.28,104.30,395828,RAW,true,2024-12-05T21:15:00Z
bar-0003-20241205,1,inst_syn_0003,2024-12-05T14:30:00Z,2024-12-05T21:00:00Z,39.83,40.45,39.35,39.45,2547109,RAW,true,2024-12-05T21:15:00Z
bar-0004-20241205,1,inst_syn_0004,2024-12-05T14:30:00Z,2024-12-05T21:00:00Z,46.86,46.87,46.60,46.75,1388772,RAW,true,2024-12-05T21:15:00Z
bar-0005-20241205,1,inst_syn_0005,2024-12-05T14:30:00Z,2024-12-05T21:00:00Z,92.71,93.93,92.34,92.88,595685,RAW,true,2024-12-05T21:15:00Z
bar-0006-20241205,1,inst_syn_0006,2024-12-05T14:30:00Z,2024-12-05T21:00:00Z,290.94,291.38,285.86,290.30,305072,RAW,true,2024-12-05T21:15:00Z
bar-0007-20241205,1,inst_syn_0007,2024-12-05T14:30:00Z,2024-12-05T21:00:00Z,20.67,21.03,20.32,20.84,3008711,RAW,true,2024-12-05T21:15:00Z
bar-0008-20241205,1,inst_syn_0008,2024-12-05T14:30:00Z,2024-12-05T21:00:00Z,60.12,60.66,59.39,59.51,486787,RAW,true,2024-12-05T21:15:00Z
bar-0009-20241205,1,inst_syn_0009,2024-12-05T14:30:00Z,2024-12-05T21:00:00Z,29.03,30.17,28.58,29.89,1936777,RAW,true,2024-12-05T21:15:00Z
bar-0010-20241205,1,inst_syn_0010,2024-12-05T14:30:00Z,2024-12-05T21:00:00Z,13.69,13.78,13.45,13.63,2242928,RAW,true,2024-12-05T21:15:00Z
bar-0011-20241205,1,inst_syn_0011,2024-12-05T14:30:00Z,2024-12-05T21:00:00Z,252.97,253.14,251.78,252.77,3256776,RAW,true,2024-12-05T21:15:00Z
bar-0012-20241205,1,inst_syn_0012,2024-12-05T14:30:00Z,2024-12-05T21:00:00Z,73.41,73.72,73.11,73.46,2229107,RAW,true,2024-12-05T21:15:00Z
bar-0001-20241206,1,inst_syn_0001,2024-12-06T14:30:00Z,2024-12-06T21:00:00Z,55.71,56.15,54.80,55.70,754918,RAW,true,2024-12-06T21:15:00Z
bar-0002-20241206,1,inst_syn_0002,2024-12-06T14:30:00Z,2024-12-06T21:00:00Z,104.11,105.86,103.38,105.69,309265,RAW,true,2024-12-06T21:15:00Z
bar-0003-20241206,1,inst_syn_0003,2024-12-06T14:30:00Z,2024-12-06T21:00:00Z,38.91,40.58,38.42,40.48,2040622,RAW,true,2024-12-06T21:15:00Z
bar-0004-20241206,1,inst_syn_0004,2024-12-06T14:30:00Z,2024-12-06T21:00:00Z,47.02,47.65,45.48,46.10,1235513,RAW,true,2024-12-06T21:15:00Z
bar-0005-20241206,1,inst_syn_0005,2024-12-06T14:30:00Z,2024-12-06T21:00:00Z,92.41,95.12,92.18,94.75,408180,RAW,true,2024-12-06T21:15:00Z
bar-0006-20241206,1,inst_syn_0006,2024-12-06T14:30:00Z,2024-12-06T21:00:00Z,295.86,297.94,291.00,292.49,238660,RAW,true,2024-12-06T21:15:00Z
bar-0007-20241206,1,inst_syn_0007,2024-12-06T14:30:00Z,2024-12-06T21:00:00Z,20.73,21.24,20.61,21.10,3128779,RAW,true,2024-12-06T21:15:00Z
bar-0008-20241206,1,inst_syn_0008,2024-12-06T14:30:00Z,2024-12-06T21:00:00Z,59.10,59.32,58.80,59.31,297958,RAW,true,2024-12-06T21:15:00Z
bar-0009-20241206,1,inst_syn_0009,2024-12-06T14:30:00Z,2024-12-06T21:00:00Z,28.89,30.84,28.02,30.70,2258520,RAW,true,2024-12-06T21:15:00Z
bar-0010-20241206,1,inst_syn_0010,2024-12-06T14:30:00Z,2024-12-06T21:00:00Z,13.73,14.18,13.71,13.90,3005395,RAW,true,2024-12-06T21:15:00Z
bar-0011-20241206,1,inst_syn_0011,2024-12-06T14:30:00Z,2024-12-06T21:00:00Z,252.46,252.57,251.37,252.45,4609026,RAW,true,2024-12-06T21:15:00Z
bar-0012-20241206,1,inst_syn_0012,2024-12-06T14:30:00Z,2024-12-06T21:00:00Z,73.29,73.86,73.06,73.50,1639268,RAW,true,2024-12-06T21:15:00Z
bar-0002-20241203,2,inst_syn_0002,2024-12-03T14:30:00Z,2024-12-03T21:00:00Z,102.60,105.28,102.46,105.28,249974,RAW,true,2024-12-06T23:00:00Z
bar-0001-20241209,1,inst_syn_0001,2024-12-09T14:30:00Z,2024-12-09T21:00:00Z,55.72,56.19,55.61,55.85,571012,RAW,true,2024-12-09T21:15:00Z
bar-0002-20241209,1,inst_syn_0002,2024-12-09T14:30:00Z,2024-12-09T21:00:00Z,106.38,106.99,104.71,105.73,193992,RAW,true,2024-12-09T21:15:00Z
bar-0003-20241209,1,inst_syn_0003,2024-12-09T14:30:00Z,2024-12-09T21:00:00Z,40.79,40.94,40.20,40.62,896664,RAW,true,2024-12-09T21:15:00Z
bar-0004-20241209,1,inst_syn_0004,2024-12-09T14:30:00Z,2024-12-09T21:00:00Z,46.13,47.86,46.11,47.11,955318,RAW,true,2024-12-09T21:15:00Z
bar-0005-20241209,1,inst_syn_0005,2024-12-09T14:30:00Z,2024-12-09T21:00:00Z,95.10,96.83,94.52,96.19,407171,RAW,true,2024-12-09T21:15:00Z
bar-0006-20241209,1,inst_syn_0006,2024-12-09T14:30:00Z,2024-12-09T21:00:00Z,292.61,299.85,291.50,297.16,312842,RAW,true,2024-12-09T21:15:00Z
bar-0007-20241209,1,inst_syn_0007,2024-12-09T14:30:00Z,2024-12-09T21:00:00Z,21.12,21.19,20.24,20.38,3509484,RAW,true,2024-12-09T21:15:00Z
bar-0008-20241209,1,inst_syn_0008,2024-12-09T14:30:00Z,2024-12-09T21:00:00Z,59.81,60.08,58.80,58.96,370958,RAW,true,2024-12-09T21:15:00Z
bar-0009-20241209,1,inst_syn_0009,2024-12-09T14:30:00Z,2024-12-09T21:00:00Z,30.46,32.21,30.43,31.93,1973729,RAW,true,2024-12-09T21:15:00Z
bar-0010-20241209,1,inst_syn_0010,2024-12-09T14:30:00Z,2024-12-09T21:00:00Z,13.75,13.91,13.01,13.26,3314020,RAW,true,2024-12-09T21:15:00Z
bar-0011-20241209,1,inst_syn_0011,2024-12-09T14:30:00Z,2024-12-09T21:00:00Z,252.94,254.32,251.29,253.15,2517864,RAW,true,2024-12-09T21:15:00Z
bar-0012-20241209,1,inst_syn_0012,2024-12-09T14:30:00Z,2024-12-09T21:00:00Z,73.35,74.65,72.88,74.38,1006873,RAW,true,2024-12-09T21:15:00Z
bar-0001-20241210,1,inst_syn_0001,2024-12-10T14:30:00Z,2024-12-10T21:00:00Z,55.69,56.00,55.25,55.90,1122722,RAW,true,2024-12-10T21:15:00Z
bar-0002-20241210,1,inst_syn_0002,2024-12-10T14:30:00Z,2024-12-10T21:00:00Z,106.27,106.48,105.47,105.53,397068,RAW,true,2024-12-10T21:15:00Z
bar-0003-20241210,1,inst_syn_0003,2024-12-10T14:30:00Z,2024-12-10T21:00:00Z,40.81,40.96,40.74,40.75,1989387,RAW,true,2024-12-10T21:15:00Z
bar-0004-20241210,1,inst_syn_0004,2024-12-10T14:30:00Z,2024-12-10T21:00:00Z,46.99,47.20,46.50,46.70,940000,RAW,true,2024-12-10T21:15:00Z
bar-0005-20241210,1,inst_syn_0005,2024-12-10T14:30:00Z,2024-12-10T21:00:00Z,96.04,96.54,95.22,95.38,449142,RAW,true,2024-12-10T21:15:00Z
bar-0006-20241210,1,inst_syn_0006,2024-12-10T14:30:00Z,2024-12-10T21:00:00Z,297.24,299.35,295.64,296.49,216984,RAW,true,2024-12-10T21:15:00Z
bar-0007-20241210,1,inst_syn_0007,2024-12-10T14:30:00Z,2024-12-10T21:00:00Z,20.72,20.79,19.49,20.11,1799880,RAW,true,2024-12-10T21:15:00Z
bar-0008-20241210,1,inst_syn_0008,2024-12-10T14:30:00Z,2024-12-10T21:00:00Z,58.71,58.92,58.41,58.80,381662,RAW,true,2024-12-10T21:15:00Z
bar-0009-20241210,1,inst_syn_0009,2024-12-10T14:30:00Z,2024-12-10T21:00:00Z,32.24,32.98,32.09,32.32,1696640,RAW,true,2024-12-10T21:15:00Z
bar-0010-20241210,1,inst_syn_0010,2024-12-10T14:30:00Z,2024-12-10T21:00:00Z,13.26,13.33,13.05,13.26,1767621,RAW,true,2024-12-10T21:15:00Z
bar-0011-20241210,1,inst_syn_0011,2024-12-10T14:30:00Z,2024-12-10T21:00:00Z,253.21,254.30,253.09,253.31,3817698,RAW,true,2024-12-10T21:15:00Z
bar-0012-20241210,1,inst_syn_0012,2024-12-10T14:30:00Z,2024-12-10T21:00:00Z,74.54,74.93,74.12,74.25,1602747,RAW,true,2024-12-10T21:15:00Z
bar-0001-20241211,1,inst_syn_0001,2024-12-11T14:30:00Z,2024-12-11T21:00:00Z,56.05,56.23,55.79,55.97,652399,RAW,true,2024-12-11T21:15:00Z
bar-0002-20241211,1,inst_syn_0002,2024-12-11T14:30:00Z,2024-12-11T21:00:00Z,105.64,106.55,105.30,106.38,364849,RAW,true,2024-12-11T21:15:00Z
bar-0003-20241211,1,inst_syn_0003,2024-12-11T14:30:00Z,2024-12-11T21:00:00Z,40.56,42.28,39.94,41.98,2232750,RAW,true,2024-12-11T21:15:00Z
bar-0004-20241211,1,inst_syn_0004,2024-12-11T14:30:00Z,2024-12-11T21:00:00Z,46.58,46.89,46.43,46.58,1077690,RAW,true,2024-12-11T21:15:00Z
bar-0005-20241211,1,inst_syn_0005,2024-12-11T14:30:00Z,2024-12-11T21:00:00Z,95.86,96.35,94.89,94.91,187766,RAW,true,2024-12-11T21:15:00Z
bar-0006-20241211,1,inst_syn_0006,2024-12-11T14:30:00Z,2024-12-11T21:00:00Z,295.20,303.88,291.65,301.02,247515,RAW,true,2024-12-11T21:15:00Z
bar-0007-20241211,1,inst_syn_0007,2024-12-11T14:30:00Z,2024-12-11T21:00:00Z,19.75,20.16,19.49,19.50,3124091,RAW,true,2024-12-11T21:15:00Z
bar-0008-20241211,1,inst_syn_0008,2024-12-11T14:30:00Z,2024-12-11T21:00:00Z,58.82,59.81,58.72,59.48,260083,RAW,true,2024-12-11T21:15:00Z
bar-0009-20241211,1,inst_syn_0009,2024-12-11T14:30:00Z,2024-12-11T21:00:00Z,32.07,33.04,31.85,32.99,1008298,RAW,true,2024-12-11T21:15:00Z
bar-0010-20241211,1,inst_syn_0010,2024-12-11T14:30:00Z,2024-12-11T21:00:00Z,13.23,13.29,12.93,13.09,2440002,RAW,true,2024-12-11T21:15:00Z
bar-0011-20241211,1,inst_syn_0011,2024-12-11T14:30:00Z,2024-12-11T21:00:00Z,254.38,255.18,252.24,253.65,4709844,RAW,true,2024-12-11T21:15:00Z
bar-0012-20241211,1,inst_syn_0012,2024-12-11T14:30:00Z,2024-12-11T21:00:00Z,74.37,75.21,74.26,74.66,1298230,RAW,true,2024-12-11T21:15:00Z
bar-0001-20241212,1,inst_syn_0001,2024-12-12T14:30:00Z,2024-12-12T21:00:00Z,55.42,56.72,55.03,55.86,537332,RAW,true,2024-12-12T21:15:00Z
bar-0002-20241212,1,inst_syn_0002,2024-12-12T14:30:00Z,2024-12-12T21:00:00Z,106.80,107.05,104.84,105.53,287140,RAW,true,2024-12-12T21:15:00Z
bar-0003-20241212,1,inst_syn_0003,2024-12-12T14:30:00Z,2024-12-12T21:00:00Z,41.54,41.73,40.23,41.12,2416711,RAW,true,2024-12-12T21:15:00Z
bar-0004-20241212,1,inst_syn_0004,2024-12-12T14:30:00Z,2024-12-12T21:00:00Z,46.95,47.10,45.71,46.12,600941,RAW,true,2024-12-12T21:15:00Z
bar-0005-20241212,1,inst_syn_0005,2024-12-12T14:30:00Z,2024-12-12T21:00:00Z,94.65,94.90,92.78,94.00,616034,RAW,true,2024-12-12T21:15:00Z
bar-0006-20241212,1,inst_syn_0006,2024-12-12T14:30:00Z,2024-12-12T21:00:00Z,303.82,305.18,293.36,299.97,277953,RAW,true,2024-12-12T21:15:00Z
bar-0007-20241212,1,inst_syn_0007,2024-12-12T14:30:00Z,2024-12-12T21:00:00Z,19.39,19.46,18.24,18.42,4030790,RAW,true,2024-12-12T21:15:00Z
bar-0008-20241212,1,inst_syn_0008,2024-12-12T14:30:00Z,2024-12-12T21:00:00Z,59.23,59.61,58.30,58.95,471338,RAW,true,2024-12-12T21:15:00Z
bar-0009-20241212,1,inst_syn_0009,2024-12-12T14:30:00Z,2024-12-12T21:00:00Z,32.94,33.33,31.57,31.77,1373638,RAW,true,2024-12-12T21:15:00Z
bar-0010-20241212,1,inst_syn_0010,2024-12-12T14:30:00Z,2024-12-12T21:00:00Z,13.26,13.94,13.18,13.79,3211476,RAW,true,2024-12-12T21:15:00Z
bar-0011-20241212,1,inst_syn_0011,2024-12-12T14:30:00Z,2024-12-12T21:00:00Z,255.06,256.08,252.04,252.15,2768576,RAW,true,2024-12-12T21:15:00Z
bar-0012-20241212,1,inst_syn_0012,2024-12-12T14:30:00Z,2024-12-12T21:00:00Z,74.58,74.98,73.36,73.91,1587401,RAW,true,2024-12-12T21:15:00Z
bar-0001-20241213,1,inst_syn_0001,2024-12-13T14:30:00Z,2024-12-13T21:00:00Z,55.53,56.39,55.44,56.28,849326,RAW,true,2024-12-13T21:15:00Z
bar-0002-20241213,1,inst_syn_0002,2024-12-13T14:30:00Z,2024-12-13T21:00:00Z,105.54,106.57,105.52,106.46,407085,RAW,true,2024-12-13T21:15:00Z
bar-0003-20241213,1,inst_syn_0003,2024-12-13T14:30:00Z,2024-12-13T21:00:00Z,40.70,41.20,39.24,39.67,1702103,RAW,true,2024-12-13T21:15:00Z
bar-0004-20241213,1,inst_syn_0004,2024-12-13T14:30:00Z,2024-12-13T21:00:00Z,45.91,47.19,45.63,46.69,1538247,RAW,true,2024-12-13T21:15:00Z
bar-0005-20241213,1,inst_syn_0005,2024-12-13T14:30:00Z,2024-12-13T21:00:00Z,93.46,94.67,92.13,93.43,464486,RAW,true,2024-12-13T21:15:00Z
bar-0006-20241213,1,inst_syn_0006,2024-12-13T14:30:00Z,2024-12-13T21:00:00Z,299.40,300.71,291.40,293.87,250430,RAW,true,2024-12-13T21:15:00Z
bar-0007-20241213,1,inst_syn_0007,2024-12-13T14:30:00Z,2024-12-13T21:00:00Z,18.51,18.65,18.45,18.48,2482372,RAW,true,2024-12-13T21:15:00Z
bar-0008-20241213,1,inst_syn_0008,2024-12-13T14:30:00Z,2024-12-13T21:00:00Z,58.99,59.19,58.57,58.68,357911,RAW,true,2024-12-13T21:15:00Z
bar-0009-20241213,1,inst_syn_0009,2024-12-13T14:30:00Z,2024-12-13T21:00:00Z,32.22,32.40,31.33,31.43,1907716,RAW,true,2024-12-13T21:15:00Z
bar-0010-20241213,1,inst_syn_0010,2024-12-13T14:30:00Z,2024-12-13T21:00:00Z,13.85,14.08,13.73,13.79,2021900,RAW,true,2024-12-13T21:15:00Z
bar-0011-20241213,1,inst_syn_0011,2024-12-13T14:30:00Z,2024-12-13T21:00:00Z,252.42,253.83,251.63,253.13,3608862,RAW,true,2024-12-13T21:15:00Z
bar-0012-20241213,1,inst_syn_0012,2024-12-13T14:30:00Z,2024-12-13T21:00:00Z,74.07,74.51,73.32,73.68,599664,RAW,true,2024-12-13T21:15:00Z
bar-0003-20241216,1,inst_syn_0003,2024-12-16T14:30:00Z,2024-12-16T21:00:00Z,39.53,40.26,38.59,38.89,1896793,RAW,false,2024-12-16T21:01:00Z
bar-0001-20241216,1,inst_syn_0001,2024-12-16T14:30:00Z,2024-12-16T21:00:00Z,55.71,55.90,54.33,55.41,819064,RAW,true,2024-12-16T21:15:00Z
bar-0002-20241216,1,inst_syn_0002,2024-12-16T14:30:00Z,2024-12-16T21:00:00Z,105.93,107.05,103.82,106.19,430506,RAW,true,2024-12-16T21:15:00Z
bar-0004-20241216,1,inst_syn_0004,2024-12-16T14:30:00Z,2024-12-16T21:00:00Z,46.59,46.73,45.74,46.22,962904,RAW,true,2024-12-16T21:15:00Z
bar-0005-20241216,1,inst_syn_0005,2024-12-16T14:30:00Z,2024-12-16T21:00:00Z,93.74,94.60,93.21,94.40,716896,RAW,true,2024-12-16T21:15:00Z
bar-0006-20241216,1,inst_syn_0006,2024-12-16T14:30:00Z,2024-12-16T21:00:00Z,293.16,297.51,291.37,296.66,203139,RAW,true,2024-12-16T21:15:00Z
bar-0007-20241216,1,inst_syn_0007,2024-12-16T14:30:00Z,2024-12-16T21:00:00Z,18.53,18.84,18.21,18.69,3032447,RAW,true,2024-12-16T21:15:00Z
bar-0008-20241216,1,inst_syn_0008,2024-12-16T14:30:00Z,2024-12-16T21:00:00Z,58.63,59.99,58.09,59.96,499606,RAW,true,2024-12-16T21:15:00Z
bar-0009-20241216,1,inst_syn_0009,2024-12-16T14:30:00Z,2024-12-16T21:00:00Z,31.18,31.69,31.09,31.41,2328519,RAW,true,2024-12-16T21:15:00Z
bar-0010-20241216,1,inst_syn_0010,2024-12-16T14:30:00Z,2024-12-16T21:00:00Z,13.75,13.79,13.19,13.42,2092372,RAW,true,2024-12-16T21:15:00Z
bar-0011-20241216,1,inst_syn_0011,2024-12-16T14:30:00Z,2024-12-16T21:00:00Z,254.55,255.43,251.48,252.75,5283284,RAW,true,2024-12-16T21:15:00Z
bar-0012-20241216,1,inst_syn_0012,2024-12-16T14:30:00Z,2024-12-16T21:00:00Z,73.43,74.27,73.29,73.91,959340,RAW,true,2024-12-16T21:15:00Z
bar-0003-20241216,2,inst_syn_0003,2024-12-16T14:30:00Z,2024-12-16T21:00:00Z,39.53,40.26,38.59,38.92,2107548,RAW,true,2024-12-17T13:00:00Z
bar-0001-20241217,1,inst_syn_0001,2024-12-17T14:30:00Z,2024-12-17T21:00:00Z,55.95,56.08,54.45,54.70,811483,RAW,true,2024-12-17T21:15:00Z
bar-0002-20241217,1,inst_syn_0002,2024-12-17T14:30:00Z,2024-12-17T21:00:00Z,106.07,106.44,104.37,105.47,391019,RAW,true,2024-12-17T21:15:00Z
bar-0003-20241217,1,inst_syn_0003,2024-12-17T14:30:00Z,2024-12-17T21:00:00Z,38.85,39.45,38.24,38.41,1838001,RAW,true,2024-12-17T21:15:00Z
bar-0004-20241217,1,inst_syn_0004,2024-12-17T14:30:00Z,2024-12-17T21:00:00Z,45.96,46.14,44.89,45.60,867743,RAW,true,2024-12-17T21:15:00Z
bar-0005-20241217,1,inst_syn_0005,2024-12-17T14:30:00Z,2024-12-17T21:00:00Z,94.45,95.41,94.42,94.42,315020,RAW,true,2024-12-17T21:15:00Z
bar-0006-20241217,1,inst_syn_0006,2024-12-17T14:30:00Z,2024-12-17T21:00:00Z,295.08,302.01,294.70,299.56,174181,RAW,true,2024-12-17T21:15:00Z
bar-0007-20241217,1,inst_syn_0007,2024-12-17T14:30:00Z,2024-12-17T21:00:00Z,18.73,18.99,18.43,18.54,2839056,RAW,true,2024-12-17T21:15:00Z
bar-0008-20241217,1,inst_syn_0008,2024-12-17T14:30:00Z,2024-12-17T21:00:00Z,60.13,60.41,58.55,59.27,567423,RAW,true,2024-12-17T21:15:00Z
bar-0009-20241217,1,inst_syn_0009,2024-12-17T14:30:00Z,2024-12-17T21:00:00Z,31.50,32.33,31.21,31.71,2589199,RAW,true,2024-12-17T21:15:00Z
bar-0010-20241217,1,inst_syn_0010,2024-12-17T14:30:00Z,2024-12-17T21:00:00Z,13.29,13.93,13.21,13.90,2516087,RAW,true,2024-12-17T21:15:00Z
bar-0011-20241217,1,inst_syn_0011,2024-12-17T14:30:00Z,2024-12-17T21:00:00Z,253.79,254.46,252.16,253.03,3843282,RAW,true,2024-12-17T21:15:00Z
bar-0012-20241217,1,inst_syn_0012,2024-12-17T14:30:00Z,2024-12-17T21:00:00Z,73.90,73.95,73.28,73.44,1671676,RAW,true,2024-12-17T21:15:00Z
bar-0001-20241218,1,inst_syn_0001,2024-12-18T14:30:00Z,2024-12-18T21:00:00Z,54.95,54.99,54.26,54.81,685292,RAW,true,2024-12-18T21:15:00Z
bar-0002-20241218,1,inst_syn_0002,2024-12-18T14:30:00Z,2024-12-18T21:00:00Z,105.79,106.47,104.75,104.80,178559,RAW,true,2024-12-18T21:15:00Z
bar-0003-20241218,1,inst_syn_0003,2024-12-18T14:30:00Z,2024-12-18T21:00:00Z,38.66,39.44,38.24,38.36,1906965,RAW,true,2024-12-18T21:15:00Z
bar-0004-20241218,1,inst_syn_0004,2024-12-18T14:30:00Z,2024-12-18T21:00:00Z,46.27,46.64,45.44,45.67,1003871,RAW,true,2024-12-18T21:15:00Z
bar-0005-20241218,1,inst_syn_0005,2024-12-18T14:30:00Z,2024-12-18T21:00:00Z,93.83,95.80,93.01,95.41,711494,RAW,true,2024-12-18T21:15:00Z
bar-0006-20241218,1,inst_syn_0006,2024-12-18T14:30:00Z,2024-12-18T21:00:00Z,301.93,303.16,297.85,298.67,361659,RAW,true,2024-12-18T21:15:00Z
bar-0007-20241218,1,inst_syn_0007,2024-12-18T14:30:00Z,2024-12-18T21:00:00Z,18.54,19.03,18.12,18.20,2898829,RAW,true,2024-12-18T21:15:00Z
bar-0008-20241218,1,inst_syn_0008,2024-12-18T14:30:00Z,2024-12-18T21:00:00Z,58.98,60.37,58.56,59.86,367868,RAW,true,2024-12-18T21:15:00Z
bar-0009-20241218,1,inst_syn_0009,2024-12-18T14:30:00Z,2024-12-18T21:00:00Z,31.83,32.38,31.34,31.38,1176422,RAW,true,2024-12-18T21:15:00Z
bar-0010-20241218,1,inst_syn_0010,2024-12-18T14:30:00Z,2024-12-18T21:00:00Z,13.64,14.26,13.63,14.07,1949486,RAW,true,2024-12-18T21:15:00Z
bar-0011-20241218,1,inst_syn_0011,2024-12-18T14:30:00Z,2024-12-18T21:00:00Z,252.90,252.96,252.13,252.67,4530961,RAW,true,2024-12-18T21:15:00Z
bar-0012-20241218,1,inst_syn_0012,2024-12-18T14:30:00Z,2024-12-18T21:00:00Z,73.62,74.00,73.11,73.52,1145960,RAW,true,2024-12-18T21:15:00Z
bar-0001-20241219,1,inst_syn_0001,2024-12-19T14:30:00Z,2024-12-19T21:00:00Z,54.37,55.20,53.23,53.78,1086692,RAW,true,2024-12-19T21:15:00Z
bar-0002-20241219,1,inst_syn_0002,2024-12-19T14:30:00Z,2024-12-19T21:00:00Z,104.47,104.50,103.04,103.59,238846,RAW,true,2024-12-19T21:15:00Z
bar-0003-20241219,1,inst_syn_0003,2024-12-19T14:30:00Z,2024-12-19T21:00:00Z,38.36,40.38,38.13,39.82,2494629,RAW,true,2024-12-19T21:15:00Z
bar-0004-20241219,1,inst_syn_0004,2024-12-19T14:30:00Z,2024-12-19T21:00:00Z,45.85,45.96,45.68,45.85,996197,RAW,true,2024-12-19T21:15:00Z
bar-0005-20241219,1,inst_syn_0005,2024-12-19T14:30:00Z,2024-12-19T21:00:00Z,95.48,96.27,95.17,95.86,460042,RAW,true,2024-12-19T21:15:00Z
bar-0006-20241219,1,inst_syn_0006,2024-12-19T14:30:00Z,2024-12-19T21:00:00Z,299.25,303.49,296.98,300.66,184022,RAW,true,2024-12-19T21:15:00Z
bar-0007-20241219,1,inst_syn_0007,2024-12-19T14:30:00Z,2024-12-19T21:00:00Z,18.33,18.51,18.14,18.31,2384467,RAW,true,2024-12-19T21:15:00Z
bar-0008-20241219,1,inst_syn_0008,2024-12-19T14:30:00Z,2024-12-19T21:00:00Z,59.81,60.17,59.50,60.02,511261,RAW,true,2024-12-19T21:15:00Z
bar-0009-20241219,1,inst_syn_0009,2024-12-19T14:30:00Z,2024-12-19T21:00:00Z,31.55,32.18,31.00,31.74,1532881,RAW,true,2024-12-19T21:15:00Z
bar-0010-20241219,1,inst_syn_0010,2024-12-19T14:30:00Z,2024-12-19T21:00:00Z,14.01,14.30,13.95,13.96,2072458,RAW,true,2024-12-19T21:15:00Z
bar-0011-20241219,1,inst_syn_0011,2024-12-19T14:30:00Z,2024-12-19T21:00:00Z,252.60,255.79,251.52,254.64,3107444,RAW,true,2024-12-19T21:15:00Z
bar-0012-20241219,1,inst_syn_0012,2024-12-19T14:30:00Z,2024-12-19T21:00:00Z,73.37,74.08,73.08,74.02,1813624,RAW,true,2024-12-19T21:15:00Z
bar-0001-20241220,1,inst_syn_0001,2024-12-20T14:30:00Z,2024-12-20T21:00:00Z,53.43,53.70,52.65,52.83,357007,RAW,true,2024-12-20T21:15:00Z
bar-0002-20241220,1,inst_syn_0002,2024-12-20T14:30:00Z,2024-12-20T21:00:00Z,103.16,104.34,102.91,103.95,396349,RAW,true,2024-12-20T21:15:00Z
bar-0003-20241220,1,inst_syn_0003,2024-12-20T14:30:00Z,2024-12-20T21:00:00Z,39.57,41.24,39.50,40.25,1931575,RAW,true,2024-12-20T21:15:00Z
bar-0004-20241220,1,inst_syn_0004,2024-12-20T14:30:00Z,2024-12-20T21:00:00Z,46.06,46.28,45.56,45.63,1146022,RAW,true,2024-12-20T21:15:00Z
bar-0005-20241220,1,inst_syn_0005,2024-12-20T14:30:00Z,2024-12-20T21:00:00Z,96.33,96.79,95.08,96.34,525042,RAW,true,2024-12-20T21:15:00Z
bar-0006-20241220,1,inst_syn_0006,2024-12-20T14:30:00Z,2024-12-20T21:00:00Z,298.69,306.30,298.02,302.85,274039,RAW,true,2024-12-20T21:15:00Z
bar-0007-20241220,1,inst_syn_0007,2024-12-20T14:30:00Z,2024-12-20T21:00:00Z,18.38,18.67,17.67,18.27,1359956,RAW,true,2024-12-20T21:15:00Z
bar-0008-20241220,1,inst_syn_0008,2024-12-20T14:30:00Z,2024-12-20T21:00:00Z,60.47,60.55,59.42,59.46,421931,RAW,true,2024-12-20T21:15:00Z
bar-0009-20241220,1,inst_syn_0009,2024-12-20T14:30:00Z,2024-12-20T21:00:00Z,31.94,32.23,30.41,30.93,1281093,RAW,true,2024-12-20T21:15:00Z
bar-0010-20241220,1,inst_syn_0010,2024-12-20T14:30:00Z,2024-12-20T21:00:00Z,13.93,14.15,13.55,13.96,1862284,RAW,true,2024-12-20T21:15:00Z
bar-0011-20241220,1,inst_syn_0011,2024-12-20T14:30:00Z,2024-12-20T21:00:00Z,254.21,255.14,253.62,254.70,4327781,RAW,true,2024-12-20T21:15:00Z
bar-0012-20241220,1,inst_syn_0012,2024-12-20T14:30:00Z,2024-12-20T21:00:00Z,74.27,74.51,74.03,74.05,1803738,RAW,true,2024-12-20T21:15:00Z
bar-0001-20241223,1,inst_syn_0001,2024-12-23T14:30:00Z,2024-12-23T21:00:00Z,53.01,53.04,52.39,52.81,773626,RAW,true,2024-12-23T21:15:00Z
bar-0002-20241223,1,inst_syn_0002,2024-12-23T14:30:00Z,2024-12-23T21:00:00Z,103.35,104.08,103.00,103.65,371575,RAW,true,2024-12-23T21:15:00Z
bar-0003-20241223,1,inst_syn_0003,2024-12-23T14:30:00Z,2024-12-23T21:00:00Z,40.29,40.55,39.48,39.85,1410395,RAW,true,2024-12-23T21:15:00Z
bar-0004-20241223,1,inst_syn_0004,2024-12-23T14:30:00Z,2024-12-23T21:00:00Z,45.73,45.96,45.61,45.69,1020469,RAW,true,2024-12-23T21:15:00Z
bar-0005-20241223,1,inst_syn_0005,2024-12-23T14:30:00Z,2024-12-23T21:00:00Z,95.79,96.28,93.58,94.03,690062,RAW,true,2024-12-23T21:15:00Z
bar-0006-20241223,1,inst_syn_0006,2024-12-23T14:30:00Z,2024-12-23T21:00:00Z,302.85,307.03,295.56,297.01,181228,RAW,true,2024-12-23T21:15:00Z
bar-0007-20241223,1,inst_syn_0007,2024-12-23T14:30:00Z,2024-12-23T21:00:00Z,18.39,18.63,18.21,18.51,2109091,RAW,true,2024-12-23T21:15:00Z
bar-0008-20241223,1,inst_syn_0008,2024-12-23T14:30:00Z,2024-12-23T21:00:00Z,58.71,59.15,58.13,58.83,591205,RAW,true,2024-12-23T21:15:00Z
bar-0009-20241223,1,inst_syn_0009,2024-12-23T14:30:00Z,2024-12-23T21:00:00Z,30.60,31.44,29.99,31.05,647036,RAW,true,2024-12-23T21:15:00Z
bar-0010-20241223,1,inst_syn_0010,2024-12-23T14:30:00Z,2024-12-23T21:00:00Z,14.08,14.38,13.84,13.87,2560285,RAW,true,2024-12-23T21:15:00Z
bar-0011-20241223,1,inst_syn_0011,2024-12-23T14:30:00Z,2024-12-23T21:00:00Z,255.14,256.51,252.43,253.02,2463965,RAW,true,2024-12-23T21:15:00Z
bar-0012-20241223,1,inst_syn_0012,2024-12-23T14:30:00Z,2024-12-23T21:00:00Z,74.18,74.34,73.54,73.86,1198995,RAW,true,2024-12-23T21:15:00Z
bar-0001-20241224,1,inst_syn_0001,2024-12-24T14:30:00Z,2024-12-24T21:00:00Z,52.64,52.89,50.69,51.20,607818,RAW,true,2024-12-24T21:15:00Z
bar-0002-20241224,1,inst_syn_0002,2024-12-24T14:30:00Z,2024-12-24T21:00:00Z,103.45,104.42,102.44,103.39,298545,RAW,true,2024-12-24T21:15:00Z
bar-0003-20241224,1,inst_syn_0003,2024-12-24T14:30:00Z,2024-12-24T21:00:00Z,40.37,41.23,38.68,39.23,2059220,RAW,true,2024-12-24T21:15:00Z
bar-0004-20241224,1,inst_syn_0004,2024-12-24T14:30:00Z,2024-12-24T21:00:00Z,45.80,46.05,44.84,45.02,947125,RAW,true,2024-12-24T21:15:00Z
bar-0005-20241224,1,inst_syn_0005,2024-12-24T14:30:00Z,2024-12-24T21:00:00Z,94.15,95.01,93.27,93.63,331555,RAW,true,2024-12-24T21:15:00Z
bar-0006-20241224,1,inst_syn_0006,2024-12-24T14:30:00Z,2024-12-24T21:00:00Z,293.92,294.47,289.63,290.17,290269,RAW,true,2024-12-24T21:15:00Z
bar-0007-20241224,1,inst_syn_0007,2024-12-24T14:30:00Z,2024-12-24T21:00:00Z,18.29,18.65,18.24,18.55,1510237,RAW,true,2024-12-24T21:15:00Z
bar-0008-20241224,1,inst_syn_0008,2024-12-24T14:30:00Z,2024-12-24T21:00:00Z,58.87,59.46,58.45,58.94,593941,RAW,true,2024-12-24T21:15:00Z
bar-0009-20241224,1,inst_syn_0009,2024-12-24T14:30:00Z,2024-12-24T21:00:00Z,31.09,31.17,30.61,31.08,1468777,RAW,true,2024-12-24T21:15:00Z
bar-0010-20241224,1,inst_syn_0010,2024-12-24T14:30:00Z,2024-12-24T21:00:00Z,13.60,13.93,13.56,13.61,2000266,RAW,true,2024-12-24T21:15:00Z
bar-0011-20241224,1,inst_syn_0011,2024-12-24T14:30:00Z,2024-12-24T21:00:00Z,253.53,253.62,249.58,249.84,5606157,RAW,true,2024-12-24T21:15:00Z
bar-0012-20241224,1,inst_syn_0012,2024-12-24T14:30:00Z,2024-12-24T21:00:00Z,74.04,74.33,72.33,72.77,1342648,RAW,true,2024-12-24T21:15:00Z
bar-0001-20241226,1,inst_syn_0001,2024-12-26T14:30:00Z,2024-12-26T21:00:00Z,51.06,51.99,50.69,51.97,724942,RAW,true,2024-12-26T21:15:00Z
bar-0002-20241226,1,inst_syn_0002,2024-12-26T14:30:00Z,2024-12-26T21:00:00Z,103.06,104.85,102.54,104.06,248234,RAW,true,2024-12-26T21:15:00Z
bar-0003-20241226,1,inst_syn_0003,2024-12-26T14:30:00Z,2024-12-26T21:00:00Z,39.19,39.81,39.09,39.62,1089980,RAW,true,2024-12-26T21:15:00Z
bar-0004-20241226,1,inst_syn_0004,2024-12-26T14:30:00Z,2024-12-26T21:00:00Z,44.68,45.32,43.98,45.20,752300,RAW,true,2024-12-26T21:15:00Z
bar-0005-20241226,1,inst_syn_0005,2024-12-26T14:30:00Z,2024-12-26T21:00:00Z,93.52,93.96,93.27,93.63,676520,RAW,true,2024-12-26T21:15:00Z
bar-0006-20241226,1,inst_syn_0006,2024-12-26T14:30:00Z,2024-12-26T21:00:00Z,287.35,298.32,285.09,293.68,318565,RAW,true,2024-12-26T21:15:00Z
bar-0007-20241226,1,inst_syn_0007,2024-12-26T14:30:00Z,2024-12-26T21:00:00Z,18.80,19.61,18.67,19.46,2591413,RAW,true,2024-12-26T21:15:00Z
bar-0008-20241226,1,inst_syn_0008,2024-12-26T14:30:00Z,2024-12-26T21:00:00Z,59.43,59.57,58.28,58.74,272663,RAW,true,2024-12-26T21:15:00Z
bar-0009-20241226,1,inst_syn_0009,2024-12-26T14:30:00Z,2024-12-26T21:00:00Z,30.49,31.19,30.25,31.09,1739742,RAW,true,2024-12-26T21:15:00Z
bar-0010-20241226,1,inst_syn_0010,2024-12-26T14:30:00Z,2024-12-26T21:00:00Z,13.57,14.02,13.17,13.89,1436277,RAW,true,2024-12-26T21:15:00Z
bar-0011-20241226,1,inst_syn_0011,2024-12-26T14:30:00Z,2024-12-26T21:00:00Z,249.44,253.98,248.75,253.08,5275554,RAW,true,2024-12-26T21:15:00Z
bar-0012-20241226,1,inst_syn_0012,2024-12-26T14:30:00Z,2024-12-26T21:00:00Z,72.70,73.53,72.32,73.27,1280449,RAW,true,2024-12-26T21:15:00Z
bar-0001-20241227,1,inst_syn_0001,2024-12-27T14:30:00Z,2024-12-27T21:00:00Z,52.18,52.73,51.90,52.47,639426,RAW,true,2024-12-27T21:15:00Z
bar-0002-20241227,1,inst_syn_0002,2024-12-27T14:30:00Z,2024-12-27T21:00:00Z,104.21,104.52,103.82,104.30,379394,RAW,true,2024-12-27T21:15:00Z
bar-0003-20241227,1,inst_syn_0003,2024-12-27T14:30:00Z,2024-12-27T21:00:00Z,39.47,40.42,39.09,39.96,2085867,RAW,true,2024-12-27T21:15:00Z
bar-0004-20241227,1,inst_syn_0004,2024-12-27T14:30:00Z,2024-12-27T21:00:00Z,45.11,45.61,44.77,45.08,1006185,RAW,true,2024-12-27T21:15:00Z
bar-0005-20241227,1,inst_syn_0005,2024-12-27T14:30:00Z,2024-12-27T21:00:00Z,93.71,94.69,92.58,93.08,364622,RAW,true,2024-12-27T21:15:00Z
bar-0006-20241227,1,inst_syn_0006,2024-12-27T14:30:00Z,2024-12-27T21:00:00Z,292.81,303.56,291.85,301.03,224335,RAW,true,2024-12-27T21:15:00Z
bar-0007-20241227,1,inst_syn_0007,2024-12-27T14:30:00Z,2024-12-27T21:00:00Z,19.40,19.44,19.01,19.11,2032233,RAW,true,2024-12-27T21:15:00Z
bar-0008-20241227,1,inst_syn_0008,2024-12-27T14:30:00Z,2024-12-27T21:00:00Z,58.65,60.13,58.41,59.35,419665,RAW,true,2024-12-27T21:15:00Z
bar-0009-20241227,1,inst_syn_0009,2024-12-27T14:30:00Z,2024-12-27T21:00:00Z,31.02,31.35,30.81,31.20,1903820,RAW,true,2024-12-27T21:15:00Z
bar-0010-20241227,1,inst_syn_0010,2024-12-27T14:30:00Z,2024-12-27T21:00:00Z,14.01,14.02,13.67,13.71,3174816,RAW,true,2024-12-27T21:15:00Z
bar-0011-20241227,1,inst_syn_0011,2024-12-27T14:30:00Z,2024-12-27T21:00:00Z,253.90,254.39,253.68,253.84,4685462,RAW,true,2024-12-27T21:15:00Z
bar-0012-20241227,1,inst_syn_0012,2024-12-27T14:30:00Z,2024-12-27T21:00:00Z,73.23,73.69,72.90,73.32,1267003,RAW,true,2024-12-27T21:15:00Z
bar-0001-20241230,1,inst_syn_0001,2024-12-30T14:30:00Z,2024-12-30T21:00:00Z,52.19,52.80,51.67,51.79,698847,RAW,true,2024-12-30T21:15:00Z
bar-0002-20241230,1,inst_syn_0002,2024-12-30T14:30:00Z,2024-12-30T21:00:00Z,105.03,106.01,103.65,103.98,388453,RAW,true,2024-12-30T21:15:00Z
bar-0003-20241230,1,inst_syn_0003,2024-12-30T14:30:00Z,2024-12-30T21:00:00Z,39.37,39.93,39.08,39.74,2554969,RAW,true,2024-12-30T21:15:00Z
bar-0005-20241230,1,inst_syn_0005,2024-12-30T14:30:00Z,2024-12-30T21:00:00Z,92.96,93.23,92.23,92.80,340126,RAW,true,2024-12-30T21:15:00Z
bar-0006-20241230,1,inst_syn_0006,2024-12-30T14:30:00Z,2024-12-30T21:00:00Z,299.08,307.08,296.01,303.26,310130,RAW,true,2024-12-30T21:15:00Z
bar-0007-20241230,1,inst_syn_0007,2024-12-30T14:30:00Z,2024-12-30T21:00:00Z,19.37,19.47,18.98,19.02,2400724,RAW,true,2024-12-30T21:15:00Z
bar-0008-20241230,1,inst_syn_0008,2024-12-30T14:30:00Z,2024-12-30T21:00:00Z,59.96,60.10,59.03,59.25,429015,RAW,true,2024-12-30T21:15:00Z
bar-0009-20241230,1,inst_syn_0009,2024-12-30T14:30:00Z,2024-12-30T21:00:00Z,30.70,31.36,30.17,31.19,1163188,RAW,true,2024-12-30T21:15:00Z
bar-0010-20241230,1,inst_syn_0010,2024-12-30T14:30:00Z,2024-12-30T21:00:00Z,13.65,13.69,13.30,13.46,2116312,RAW,true,2024-12-30T21:15:00Z
bar-0011-20241230,1,inst_syn_0011,2024-12-30T14:30:00Z,2024-12-30T21:00:00Z,254.40,254.55,252.50,252.90,4690405,RAW,true,2024-12-30T21:15:00Z
bar-0012-20241230,1,inst_syn_0012,2024-12-30T14:30:00Z,2024-12-30T21:00:00Z,73.04,73.43,72.67,73.24,1218468,RAW,true,2024-12-30T21:15:00Z
bar-0001-20241231,1,inst_syn_0001,2024-12-31T14:30:00Z,2024-12-31T21:00:00Z,51.73,52.68,51.52,52.15,526908,RAW,true,2024-12-31T21:15:00Z
bar-0002-20241231,1,inst_syn_0002,2024-12-31T14:30:00Z,2024-12-31T21:00:00Z,104.24,104.58,102.52,102.99,315061,RAW,true,2024-12-31T21:15:00Z
bar-0003-20241231,1,inst_syn_0003,2024-12-31T14:30:00Z,2024-12-31T21:00:00Z,40.06,40.83,39.70,40.11,1765008,RAW,true,2024-12-31T21:15:00Z
bar-0004-20241231,1,inst_syn_0004,2024-12-31T14:30:00Z,2024-12-31T21:00:00Z,45.47,45.68,45.03,45.62,413353,RAW,true,2024-12-31T21:15:00Z
bar-0005-20241231,1,inst_syn_0005,2024-12-31T14:30:00Z,2024-12-31T21:00:00Z,92.70,93.21,92.14,93.09,515822,RAW,true,2024-12-31T21:15:00Z
bar-0006-20241231,1,inst_syn_0006,2024-12-31T14:30:00Z,2024-12-31T21:00:00Z,304.97,307.30,302.18,302.82,236939,RAW,true,2024-12-31T21:15:00Z
bar-0007-20241231,1,inst_syn_0007,2024-12-31T14:30:00Z,2024-12-31T21:00:00Z,19.13,19.47,19.08,19.16,3138558,RAW,true,2024-12-31T21:15:00Z
bar-0008-20241231,1,inst_syn_0008,2024-12-31T14:30:00Z,2024-12-31T21:00:00Z,59.04,59.81,58.64,59.53,341327,RAW,true,2024-12-31T21:15:00Z
bar-0009-20241231,1,inst_syn_0009,2024-12-31T14:30:00Z,2024-12-31T21:00:00Z,30.88,30.93,29.42,29.53,1483142,RAW,true,2024-12-31T21:15:00Z
bar-0010-20241231,1,inst_syn_0010,2024-12-31T14:30:00Z,2024-12-31T21:00:00Z,13.29,13.47,12.87,13.03,974264,RAW,true,2024-12-31T21:15:00Z
bar-0011-20241231,1,inst_syn_0011,2024-12-31T14:30:00Z,2024-12-31T21:00:00Z,252.59,255.27,252.32,253.82,4008980,RAW,true,2024-12-31T21:15:00Z
bar-0012-20241231,1,inst_syn_0012,2024-12-31T14:30:00Z,2024-12-31T21:00:00Z,73.12,74.64,72.73,74.04,1858816,RAW,true,2024-12-31T21:15:00Z
bar-0001-20250102,1,inst_syn_0001,2025-01-02T14:30:00Z,2025-01-02T21:00:00Z,52.10,53.17,51.65,52.81,1070546,RAW,true,2025-01-02T21:15:00Z
bar-0002-20250102,1,inst_syn_0002,2025-01-02T14:30:00Z,2025-01-02T21:00:00Z,102.84,103.80,102.48,103.32,291851,RAW,true,2025-01-02T21:15:00Z
bar-0003-20250102,1,inst_syn_0003,2025-01-02T14:30:00Z,2025-01-02T21:00:00Z,40.23,40.49,38.34,39.26,3007825,RAW,true,2025-01-02T21:15:00Z
bar-0004-20250102,1,inst_syn_0004,2025-01-02T14:30:00Z,2025-01-02T21:00:00Z,45.97,46.76,45.03,46.57,1122213,RAW,true,2025-01-02T21:15:00Z
bar-0005-20250102,1,inst_syn_0005,2025-01-02T14:30:00Z,2025-01-02T21:00:00Z,92.98,93.54,92.15,92.54,501713,RAW,true,2025-01-02T21:15:00Z
bar-0006-20250102,1,inst_syn_0006,2025-01-02T14:30:00Z,2025-01-02T21:00:00Z,305.20,305.66,301.46,302.78,209210,RAW,true,2025-01-02T21:15:00Z
bar-0007-20250102,1,inst_syn_0007,2025-01-02T14:30:00Z,2025-01-02T21:00:00Z,18.78,19.96,18.67,19.68,1773154,RAW,true,2025-01-02T21:15:00Z
bar-0008-20250102,1,inst_syn_0008,2025-01-02T14:30:00Z,2025-01-02T21:00:00Z,59.70,60.36,58.90,59.43,364763,RAW,true,2025-01-02T21:15:00Z
bar-0009-20250102,1,inst_syn_0009,2025-01-02T14:30:00Z,2025-01-02T21:00:00Z,30.13,30.19,28.88,29.20,1373837,RAW,true,2025-01-02T21:15:00Z
bar-0010-20250102,1,inst_syn_0010,2025-01-02T14:30:00Z,2025-01-02T21:00:00Z,13.01,13.36,12.95,13.25,2322500,RAW,true,2025-01-02T21:15:00Z
bar-0011-20250102,1,inst_syn_0011,2025-01-02T14:30:00Z,2025-01-02T21:00:00Z,253.00,255.87,251.93,255.56,2314565,RAW,true,2025-01-02T21:15:00Z
bar-0012-20250102,1,inst_syn_0012,2025-01-02T14:30:00Z,2025-01-02T21:00:00Z,73.93,74.72,73.80,74.60,1490733,RAW,true,2025-01-02T21:15:00Z
bar-0001-20250103,1,inst_syn_0001,2025-01-03T14:30:00Z,2025-01-03T21:00:00Z,52.72,52.84,51.75,51.89,539464,RAW,true,2025-01-03T21:15:00Z
bar-0002-20250103,1,inst_syn_0002,2025-01-03T14:30:00Z,2025-01-03T21:00:00Z,102.77,103.17,102.36,102.93,359250,RAW,true,2025-01-03T21:15:00Z
bar-0003-20250103,1,inst_syn_0003,2025-01-03T14:30:00Z,2025-01-03T21:00:00Z,39.42,39.58,38.58,38.69,2419284,RAW,true,2025-01-03T21:15:00Z
bar-0004-20250103,1,inst_syn_0004,2025-01-03T14:30:00Z,2025-01-03T21:00:00Z,46.74,46.80,46.12,46.26,789445,RAW,true,2025-01-03T21:15:00Z
bar-0005-20250103,1,inst_syn_0005,2025-01-03T14:30:00Z,2025-01-03T21:00:00Z,92.75,93.25,90.78,91.64,573480,RAW,true,2025-01-03T21:15:00Z
bar-0006-20250103,1,inst_syn_0006,2025-01-03T14:30:00Z,2025-01-03T21:00:00Z,300.81,301.17,296.60,298.14,178316,RAW,true,2025-01-03T21:15:00Z
bar-0007-20250103,1,inst_syn_0007,2025-01-03T14:30:00Z,2025-01-03T21:00:00Z,19.78,19.85,19.45,19.61,2840931,RAW,true,2025-01-03T21:15:00Z
bar-0008-20250103,1,inst_syn_0008,2025-01-03T14:30:00Z,2025-01-03T21:00:00Z,58.97,60.49,58.95,60.38,521643,RAW,true,2025-01-03T21:15:00Z
bar-0009-20250103,1,inst_syn_0009,2025-01-03T14:30:00Z,2025-01-03T21:00:00Z,28.74,29.64,28.18,29.18,1850018,RAW,true,2025-01-03T21:15:00Z
bar-0010-20250103,1,inst_syn_0010,2025-01-03T14:30:00Z,2025-01-03T21:00:00Z,13.08,13.34,12.93,12.95,2860483,RAW,true,2025-01-03T21:15:00Z
bar-0011-20250103,1,inst_syn_0011,2025-01-03T14:30:00Z,2025-01-03T21:00:00Z,254.52,255.96,253.82,254.23,6680235,RAW,true,2025-01-03T21:15:00Z
bar-0012-20250103,1,inst_syn_0012,2025-01-03T14:30:00Z,2025-01-03T21:00:00Z,74.50,75.13,73.84,74.23,1703644,RAW,true,2025-01-03T21:15:00Z
bar-0001-20250106,1,inst_syn_0001,2025-01-06T14:30:00Z,2025-01-06T21:00:00Z,52.07,52.38,51.30,52.21,726603,RAW,true,2025-01-06T21:15:00Z
bar-0002-20250106,1,inst_syn_0002,2025-01-06T14:30:00Z,2025-01-06T21:00:00Z,103.38,103.86,102.72,103.16,391444,RAW,true,2025-01-06T21:15:00Z
bar-0003-20250106,1,inst_syn_0003,2025-01-06T14:30:00Z,2025-01-06T21:00:00Z,38.76,39.11,38.33,38.84,1308303,RAW,true,2025-01-06T21:15:00Z
bar-0004-20250106,1,inst_syn_0004,2025-01-06T14:30:00Z,2025-01-06T21:00:00Z,46.39,48.09,45.90,47.84,1087244,RAW,true,2025-01-06T21:15:00Z
bar-0005-20250106,1,inst_syn_0005,2025-01-06T14:30:00Z,2025-01-06T21:00:00Z,90.65,93.24,89.76,92.82,725000,RAW,true,2025-01-06T21:15:00Z
bar-0006-20250106,1,inst_syn_0006,2025-01-06T14:30:00Z,2025-01-06T21:00:00Z,294.18,304.50,293.89,297.10,334907,RAW,true,2025-01-06T21:15:00Z
bar-0007-20250106,1,inst_syn_0007,2025-01-06T14:30:00Z,2025-01-06T21:00:00Z,19.49,19.72,19.32,19.62,2741408,RAW,true,2025-01-06T21:15:00Z
bar-0008-20250106,1,inst_syn_0008,2025-01-06T14:30:00Z,2025-01-06T21:00:00Z,60.45,60.84,59.84,60.47,416650,RAW,true,2025-01-06T21:15:00Z
bar-0009-20250106,1,inst_syn_0009,2025-01-06T14:30:00Z,2025-01-06T21:00:00Z,29.20,30.35,28.98,29.73,2187100,RAW,true,2025-01-06T21:15:00Z
bar-0010-20250106,1,inst_syn_0010,2025-01-06T14:30:00Z,2025-01-06T21:00:00Z,13.07,13.13,12.74,13.11,1332853,RAW,true,2025-01-06T21:15:00Z
bar-0011-20250106,1,inst_syn_0011,2025-01-06T14:30:00Z,2025-01-06T21:00:00Z,253.73,256.85,253.20,254.84,4525855,RAW,true,2025-01-06T21:15:00Z
bar-0012-20250106,1,inst_syn_0012,2025-01-06T14:30:00Z,2025-01-06T21:00:00Z,74.15,74.49,73.84,74.06,2378964,RAW,true,2025-01-06T21:15:00Z
bar-0001-20250107,1,inst_syn_0001,2025-01-07T14:30:00Z,2025-01-07T21:00:00Z,52.34,53.00,51.75,52.82,646198,RAW,true,2025-01-07T21:15:00Z
bar-0002-20250107,1,inst_syn_0002,2025-01-07T14:30:00Z,2025-01-07T21:00:00Z,103.72,104.12,102.87,103.36,366705,RAW,true,2025-01-07T21:15:00Z
bar-0003-20250107,1,inst_syn_0003,2025-01-07T14:30:00Z,2025-01-07T21:00:00Z,38.79,39.24,38.47,38.82,1685031,RAW,true,2025-01-07T21:15:00Z
bar-0004-20250107,1,inst_syn_0004,2025-01-07T14:30:00Z,2025-01-07T21:00:00Z,47.76,49.02,47.29,48.67,914870,RAW,true,2025-01-07T21:15:00Z
bar-0005-20250107,1,inst_syn_0005,2025-01-07T14:30:00Z,2025-01-07T21:00:00Z,93.72,94.04,90.94,90.98,733023,RAW,true,2025-01-07T21:15:00Z
bar-0006-20250107,1,inst_syn_0006,2025-01-07T14:30:00Z,2025-01-07T21:00:00Z,295.94,298.34,288.85,290.00,233344,RAW,true,2025-01-07T21:15:00Z
bar-0007-20250107,1,inst_syn_0007,2025-01-07T14:30:00Z,2025-01-07T21:00:00Z,19.85,19.89,19.04,19.22,3375302,RAW,true,2025-01-07T21:15:00Z
bar-0008-20250107,1,inst_syn_0008,2025-01-07T14:30:00Z,2025-01-07T21:00:00Z,59.96,61.08,59.86,60.50,383348,RAW,true,2025-01-07T21:15:00Z
bar-0009-20250107,1,inst_syn_0009,2025-01-07T14:30:00Z,2025-01-07T21:00:00Z,29.68,30.35,28.12,28.78,1293310,RAW,true,2025-01-07T21:15:00Z
bar-0010-20250107,1,inst_syn_0010,2025-01-07T14:30:00Z,2025-01-07T21:00:00Z,13.00,13.86,12.79,13.43,2278814,RAW,true,2025-01-07T21:15:00Z
bar-0011-20250107,1,inst_syn_0011,2025-01-07T14:30:00Z,2025-01-07T21:00:00Z,254.66,256.28,253.39,254.37,5003349,RAW,true,2025-01-07T21:15:00Z
bar-0012-20250107,1,inst_syn_0012,2025-01-07T14:30:00Z,2025-01-07T21:00:00Z,74.04,74.04,73.58,73.82,1075243,RAW,true,2025-01-07T21:15:00Z
bar-0001-20250108,1,inst_syn_0001,2025-01-08T14:30:00Z,2025-01-08T21:00:00Z,53.26,53.74,52.29,52.52,737553,RAW,true,2025-01-08T21:15:00Z
bar-0002-20250108,1,inst_syn_0002,2025-01-08T14:30:00Z,2025-01-08T21:00:00Z,103.40,104.87,103.39,104.66,386582,RAW,true,2025-01-08T21:15:00Z
bar-0003-20250108,1,inst_syn_0003,2025-01-08T14:30:00Z,2025-01-08T21:00:00Z,38.13,39.44,38.09,38.76,1352672,RAW,true,2025-01-08T21:15:00Z
bar-0004-20250108,1,inst_syn_0004,2025-01-08T14:30:00Z,2025-01-08T21:00:00Z,48.66,49.13,47.81,47.97,838963,RAW,true,2025-01-08T21:15:00Z
bar-0005-20250108,1,inst_syn_0005,2025-01-08T14:30:00Z,2025-01-08T21:00:00Z,90.89,88.68,90.92,90.00,727597,RAW,true,2025-01-08T21:15:00Z
bar-0006-20250108,1,inst_syn_0006,2025-01-08T14:30:00Z,2025-01-08T21:00:00Z,290.66,295.29,283.54,285.58,269325,RAW,true,2025-01-08T21:15:00Z
bar-0007-20250108,1,inst_syn_0007,2025-01-08T14:30:00Z,2025-01-08T21:00:00Z,19.18,19.22,18.52,18.69,2838144,RAW,true,2025-01-08T21:15:00Z
bar-0008-20250108,1,inst_syn_0008,2025-01-08T14:30:00Z,2025-01-08T21:00:00Z,60.49,61.90,60.10,61.31,270222,RAW,true,2025-01-08T21:15:00Z
bar-0009-20250108,1,inst_syn_0009,2025-01-08T14:30:00Z,2025-01-08T21:00:00Z,28.85,29.01,27.44,28.05,2102573,RAW,true,2025-01-08T21:15:00Z
bar-0010-20250108,1,inst_syn_0010,2025-01-08T14:30:00Z,2025-01-08T21:00:00Z,13.41,13.48,13.11,13.15,2602611,RAW,true,2025-01-08T21:15:00Z
bar-0011-20250108,1,inst_syn_0011,2025-01-08T14:30:00Z,2025-01-08T21:00:00Z,253.53,254.23,250.99,252.89,3349165,RAW,true,2025-01-08T21:15:00Z
bar-0012-20250108,1,inst_syn_0012,2025-01-08T14:30:00Z,2025-01-08T21:00:00Z,73.56,73.57,72.77,72.87,1712099,RAW,true,2025-01-08T21:15:00Z
bar-0001-20250109,1,inst_syn_0001,2025-01-09T14:30:00Z,2025-01-09T21:00:00Z,52.11,52.97,52.09,52.88,584248,RAW,true,2025-01-09T21:15:00Z
bar-0002-20250109,1,inst_syn_0002,2025-01-09T14:30:00Z,2025-01-09T21:00:00Z,104.14,106.22,103.18,105.52,531481,RAW,true,2025-01-09T21:15:00Z
bar-0003-20250109,1,inst_syn_0003,2025-01-09T14:30:00Z,2025-01-09T21:00:00Z,39.05,39.62,38.71,39.37,2393766,RAW,true,2025-01-09T21:15:00Z
bar-0004-20250109,1,inst_syn_0004,2025-01-09T14:30:00Z,2025-01-09T21:00:00Z,48.75,48.93,47.82,48.09,1078179,RAW,true,2025-01-09T21:15:00Z
bar-0005-20250109,1,inst_syn_0005,2025-01-09T14:30:00Z,2025-01-09T21:00:00Z,90.23,90.94,90.14,90.32,301682,RAW,true,2025-01-09T21:15:00Z
bar-0006-20250109,1,inst_syn_0006,2025-01-09T14:30:00Z,2025-01-09T21:00:00Z,288.55,291.54,287.23,287.60,248770,RAW,true,2025-01-09T21:15:00Z
bar-0007-20250109,1,inst_syn_0007,2025-01-09T14:30:00Z,2025-01-09T21:00:00Z,18.79,19.10,18.57,19.07,3449335,RAW,true,2025-01-09T21:15:00Z
bar-0008-20250109,1,inst_syn_0008,2025-01-09T14:30:00Z,2025-01-09T21:00:00Z,61.22,61.72,61.01,61.70,404150,RAW,true,2025-01-09T21:15:00Z
bar-0009-20250109,1,inst_syn_0009,2025-01-09T14:30:00Z,2025-01-09T21:00:00Z,28.08,29.24,27.81,29.05,2323291,RAW,true,2025-01-09T21:15:00Z
bar-0010-20250109,1,inst_syn_0010,2025-01-09T14:30:00Z,2025-01-09T21:00:00Z,12.90,13.52,12.83,13.45,2514114,RAW,true,2025-01-09T21:15:00Z
bar-0011-20250109,1,inst_syn_0011,2025-01-09T14:30:00Z,2025-01-09T21:00:00Z,253.84,254.04,252.31,253.40,6377617,RAW,true,2025-01-09T21:15:00Z
bar-0012-20250109,1,inst_syn_0012,2025-01-09T14:30:00Z,2025-01-09T21:00:00Z,72.70,73.58,72.40,73.28,1457661,RAW,true,2025-01-09T21:15:00Z
bar-0001-20250110,1,inst_syn_0001,2025-01-10T14:30:00Z,2025-01-10T21:00:00Z,52.94,54.87,52.64,53.94,805990,RAW,true,2025-01-10T21:15:00Z
bar-0002-20250110,1,inst_syn_0002,2025-01-10T14:30:00Z,2025-01-10T21:00:00Z,105.31,106.25,104.77,105.54,463338,RAW,true,2025-01-10T21:15:00Z
bar-0003-20250110,1,inst_syn_0003,2025-01-10T14:30:00Z,2025-01-10T21:00:00Z,39.23,40.08,38.74,39.73,1587423,RAW,true,2025-01-10T21:15:00Z
bar-0004-20250110,1,inst_syn_0004,2025-01-10T14:30:00Z,2025-01-10T21:00:00Z,48.41,49.49,47.35,48.96,970808,RAW,true,2025-01-10T21:15:00Z
bar-0005-20250110,1,inst_syn_0005,2025-01-10T14:30:00Z,2025-01-10T21:00:00Z,89.65,90.43,88.77,89.30,433279,RAW,true,2025-01-10T21:15:00Z
bar-0006-20250110,1,inst_syn_0006,2025-01-10T14:30:00Z,2025-01-10T21:00:00Z,287.12,292.80,286.11,291.90,281905,RAW,true,2025-01-10T21:15:00Z
bar-0007-20250110,1,inst_syn_0007,2025-01-10T14:30:00Z,2025-01-10T21:00:00Z,19.10,19.26,18.75,18.84,3096206,RAW,true,2025-01-10T21:15:00Z
bar-0008-20250110,1,inst_syn_0008,2025-01-10T14:30:00Z,2025-01-10T21:00:00Z,61.46,61.67,60.85,61.15,341069,RAW,true,2025-01-10T21:15:00Z
bar-0009-20250110,1,inst_syn_0009,2025-01-10T14:30:00Z,2025-01-10T21:00:00Z,28.84,29.83,28.66,29.66,1478000,RAW,true,2025-01-10T21:15:00Z
bar-0010-20250110,1,inst_syn_0010,2025-01-10T14:30:00Z,2025-01-10T21:00:00Z,13.39,13.85,13.27,13.83,3909486,RAW,true,2025-01-10T21:15:00Z
bar-0011-20250110,1,inst_syn_0011,2025-01-10T14:30:00Z,2025-01-10T21:00:00Z,252.80,256.37,252.18,253.90,4178918,RAW,true,2025-01-10T21:15:00Z
bar-0012-20250110,1,inst_syn_0012,2025-01-10T14:30:00Z,2025-01-10T21:00:00Z,73.33,74.18,73.00,74.02,2192336,RAW,true,2025-01-10T21:15:00Z
bar-0001-20250113,1,inst_syn_0001,2025-01-13T14:30:00Z,2025-01-13T21:00:00Z,53.73,53.83,53.59,53.62,687952,RAW,true,2025-01-13T21:15:00Z
bar-0002-20250113,1,inst_syn_0002,2025-01-13T14:30:00Z,2025-01-13T21:00:00Z,105.90,106.78,103.23,103.92,248090,RAW,true,2025-01-13T21:15:00Z
bar-0003-20250113,1,inst_syn_0003,2025-01-13T14:30:00Z,2025-01-13T21:00:00Z,39.80,40.89,39.63,40.83,2232677,RAW,true,2025-01-13T21:15:00Z
bar-0004-20250113,1,inst_syn_0004,2025-01-13T14:30:00Z,2025-01-13T21:00:00Z,49.09,49.51,48.75,48.82,1132002,RAW,true,2025-01-13T21:15:00Z
bar-0005-20250113,1,inst_syn_0005,2025-01-13T14:30:00Z,2025-01-13T21:00:00Z,88.95,90.88,88.90,90.31,678966,RAW,true,2025-01-13T21:15:00Z
bar-0006-20250113,1,inst_syn_0006,2025-01-13T14:30:00Z,2025-01-13T21:00:00Z,290.65,292.34,289.63,291.33,247866,RAW,true,2025-01-13T21:15:00Z
bar-0007-20250113,1,inst_syn_0007,2025-01-13T14:30:00Z,2025-01-13T21:00:00Z,18.87,19.62,18.78,19.05,3248321,RAW,true,2025-01-13T21:15:00Z
bar-0008-20250113,1,inst_syn_0008,2025-01-13T14:30:00Z,2025-01-13T21:00:00Z,61.41,61.93,61.23,61.33,331458,RAW,true,2025-01-13T21:15:00Z
bar-0009-20250113,1,inst_syn_0009,2025-01-13T14:30:00Z,2025-01-13T21:00:00Z,29.26,29.99,28.76,29.79,1172138,RAW,true,2025-01-13T21:15:00Z
bar-0010-20250113,1,inst_syn_0010,2025-01-13T14:30:00Z,2025-01-13T21:00:00Z,13.87,13.97,13.49,13.68,2288959,RAW,true,2025-01-13T21:15:00Z
bar-0011-20250113,1,inst_syn_0011,2025-01-13T14:30:00Z,2025-01-13T21:00:00Z,254.08,254.82,253.90,254.35,3380304,RAW,true,2025-01-13T21:15:00Z
bar-0012-20250113,1,inst_syn_0012,2025-01-13T14:30:00Z,2025-01-13T21:00:00Z,73.63,73.98,73.37,73.93,1040733,RAW,true,2025-01-13T21:15:00Z
bar-0001-20250114,1,inst_syn_0001,2025-01-14T14:30:00Z,2025-01-14T21:00:00Z,51.73,52.45,49.35,49.91,1743084,RAW,true,2025-01-14T21:15:00Z
bar-0002-20250114,1,inst_syn_0002,2025-01-14T14:30:00Z,2025-01-14T21:00:00Z,102.78,103.73,97.59,99.17,582058,RAW,true,2025-01-14T21:15:00Z
bar-0003-20250114,1,inst_syn_0003,2025-01-14T14:30:00Z,2025-01-14T21:00:00Z,40.92,41.97,39.84,40.04,6171892,RAW,true,2025-01-14T21:15:00Z
bar-0004-20250114,1,inst_syn_0004,2025-01-14T14:30:00Z,2025-01-14T21:00:00Z,50.43,51.81,48.37,48.65,2013507,RAW,true,2025-01-14T21:15:00Z
bar-0005-20250114,1,inst_syn_0005,2025-01-14T14:30:00Z,2025-01-14T21:00:00Z,91.70,93.40,87.65,87.67,1329245,RAW,true,2025-01-14T21:15:00Z
bar-0006-20250114,1,inst_syn_0006,2025-01-14T14:30:00Z,2025-01-14T21:00:00Z,296.51,308.07,271.99,278.82,723438,RAW,true,2025-01-14T21:15:00Z
bar-0007-20250114,1,inst_syn_0007,2025-01-14T14:30:00Z,2025-01-14T21:00:00Z,18.97,19.01,18.21,18.23,4834912,RAW,true,2025-01-14T21:15:00Z
bar-0008-20250114,1,inst_syn_0008,2025-01-14T14:30:00Z,2025-01-14T21:00:00Z,59.63,60.71,58.27,59.68,773351,RAW,true,2025-01-14T21:15:00Z
bar-0009-20250114,1,inst_syn_0009,2025-01-14T14:30:00Z,2025-01-14T21:00:00Z,29.05,31.11,28.49,30.00,2890153,RAW,true,2025-01-14T21:15:00Z
bar-0010-20250114,1,inst_syn_0010,2025-01-14T14:30:00Z,2025-01-14T21:00:00Z,13.66,14.07,12.75,13.32,4724201,RAW,true,2025-01-14T21:15:00Z
bar-0011-20250114,1,inst_syn_0011,2025-01-14T14:30:00Z,2025-01-14T21:00:00Z,254.62,255.99,247.77,248.80,9782945,RAW,true,2025-01-14T21:15:00Z
bar-0012-20250114,1,inst_syn_0012,2025-01-14T14:30:00Z,2025-01-14T21:00:00Z,74.61,74.99,71.15,71.88,4878082,RAW,true,2025-01-14T21:15:00Z
bar-0001-20250115,1,inst_syn_0001,2025-01-15T14:30:00Z,2025-01-15T21:00:00Z,49.10,51.13,46.51,48.76,1846760,RAW,true,2025-01-15T21:15:00Z
bar-0002-20250115,1,inst_syn_0002,2025-01-15T14:30:00Z,2025-01-15T21:00:00Z,98.76,100.43,95.32,97.37,887902,RAW,true,2025-01-15T21:15:00Z
bar-0003-20250115,1,inst_syn_0003,2025-01-15T14:30:00Z,2025-01-15T21:00:00Z,40.87,42.89,40.17,42.39,5883928,RAW,true,2025-01-15T21:15:00Z
bar-0004-20250115,1,inst_syn_0004,2025-01-15T14:30:00Z,2025-01-15T21:00:00Z,49.21,53.02,47.76,51.90,2556847,RAW,true,2025-01-15T21:15:00Z
bar-0005-20250115,1,inst_syn_0005,2025-01-15T14:30:00Z,2025-01-15T21:00:00Z,90.09,90.75,83.50,85.18,1101696,RAW,true,2025-01-15T21:15:00Z
bar-0006-20250115,1,inst_syn_0006,2025-01-15T14:30:00Z,2025-01-15T21:00:00Z,280.16,285.86,278.21,280.52,390641,RAW,true,2025-01-15T21:15:00Z
bar-0007-20250115,1,inst_syn_0007,2025-01-15T14:30:00Z,2025-01-15T21:00:00Z,17.95,18.97,17.49,18.76,7601529,RAW,true,2025-01-15T21:15:00Z
bar-0008-20250115,1,inst_syn_0008,2025-01-15T14:30:00Z,2025-01-15T21:00:00Z,58.97,62.42,58.18,61.89,1296516,RAW,true,2025-01-15T21:15:00Z
bar-0009-20250115,1,inst_syn_0009,2025-01-15T14:30:00Z,2025-01-15T21:00:00Z,29.72,31.07,27.65,27.92,3737891,RAW,true,2025-01-15T21:15:00Z
bar-0010-20250115,1,inst_syn_0010,2025-01-15T14:30:00Z,2025-01-15T21:00:00Z,13.03,14.23,12.69,14.18,7448149,RAW,true,2025-01-15T21:15:00Z
bar-0011-20250115,1,inst_syn_0011,2025-01-15T14:30:00Z,2025-01-15T21:00:00Z,249.31,254.30,245.78,252.44,6659945,RAW,true,2025-01-15T21:15:00Z
bar-0012-20250115,1,inst_syn_0012,2025-01-15T14:30:00Z,2025-01-15T21:00:00Z,71.80,72.86,71.60,72.06,2345873,RAW,true,2025-01-15T21:15:00Z
bar-0001-20250116,1,inst_syn_0001,2025-01-16T14:30:00Z,2025-01-16T21:00:00Z,49.41,49.85,49.05,49.14,1777241,RAW,true,2025-01-16T21:15:00Z
bar-0002-20250116,1,inst_syn_0002,2025-01-16T14:30:00Z,2025-01-16T21:00:00Z,97.86,101.23,92.04,94.46,802597,RAW,true,2025-01-16T21:15:00Z
bar-0003-20250116,1,inst_syn_0003,2025-01-16T14:30:00Z,2025-01-16T21:00:00Z,42.17,43.21,41.30,42.00,5030484,RAW,true,2025-01-16T21:15:00Z
bar-0004-20250116,1,inst_syn_0004,2025-01-16T14:30:00Z,2025-01-16T21:00:00Z,50.63,51.46,48.77,51.28,1750679,RAW,true,2025-01-16T21:15:00Z
bar-0005-20250116,1,inst_syn_0005,2025-01-16T14:30:00Z,2025-01-16T21:00:00Z,85.63,88.70,84.45,87.76,1966906,RAW,true,2025-01-16T21:15:00Z
bar-0006-20250116,1,inst_syn_0006,2025-01-16T14:30:00Z,2025-01-16T21:00:00Z,284.18,288.98,262.24,275.38,640046,RAW,true,2025-01-16T21:15:00Z
bar-0007-20250116,1,inst_syn_0007,2025-01-16T14:30:00Z,2025-01-16T21:00:00Z,18.15,19.41,17.85,19.01,4513361,RAW,true,2025-01-16T21:15:00Z
bar-0008-20250116,1,inst_syn_0008,2025-01-16T14:30:00Z,2025-01-16T21:00:00Z,61.96,63.26,61.37,61.56,899256,RAW,true,2025-01-16T21:15:00Z
bar-0009-20250116,1,inst_syn_0009,2025-01-16T14:30:00Z,2025-01-16T21:00:00Z,26.78,30.79,26.56,30.37,6701744,RAW,true,2025-01-16T21:15:00Z
bar-0010-20250116,1,inst_syn_0010,2025-01-16T14:30:00Z,2025-01-16T21:00:00Z,14.78,15.03,13.24,13.82,7806843,RAW,true,2025-01-16T21:15:00Z
bar-0011-20250116,1,inst_syn_0011,2025-01-16T14:30:00Z,2025-01-16T21:00:00Z,253.73,254.23,250.44,252.55,9372676,RAW,true,2025-01-16T21:15:00Z
bar-0012-20250116,1,inst_syn_0012,2025-01-16T14:30:00Z,2025-01-16T21:00:00Z,72.74,73.39,71.89,71.92,2591903,RAW,true,2025-01-16T21:15:00Z
bar-0006-20250116,1,inst_syn_0006,2025-01-16T14:30:00Z,2025-01-16T21:00:00Z,284.18,288.98,262.24,275.38,640046,RAW,true,2025-01-16T21:15:00Z
bar-0001-20250117,1,inst_syn_0001,2025-01-17T14:30:00Z,2025-01-17T21:00:00Z,50.03,50.41,46.86,46.88,1393846,RAW,true,2025-01-17T21:15:00Z
bar-0002-20250117,1,inst_syn_0002,2025-01-17T14:30:00Z,2025-01-17T21:00:00Z,93.18,94.99,91.56,92.56,604529,RAW,true,2025-01-17T21:15:00Z
bar-0003-20250117,1,inst_syn_0003,2025-01-17T14:30:00Z,2025-01-17T21:00:00Z,42.70,43.66,37.60,37.67,8259814,RAW,true,2025-01-17T21:15:00Z
bar-0004-20250117,1,inst_syn_0004,2025-01-17T14:30:00Z,2025-01-17T21:00:00Z,49.55,50.80,48.30,50.71,1845730,RAW,true,2025-01-17T21:15:00Z
bar-0005-20250117,1,inst_syn_0005,2025-01-17T14:30:00Z,2025-01-17T21:00:00Z,87.81,88.07,78.81,82.84,852532,RAW,true,2025-01-17T21:15:00Z
bar-0006-20250117,1,inst_syn_0006,2025-01-17T14:30:00Z,2025-01-17T21:00:00Z,270.74,284.35,266.03,269.42,474076,RAW,true,2025-01-17T21:15:00Z
bar-0007-20250117,1,inst_syn_0007,2025-01-17T14:30:00Z,2025-01-17T21:00:00Z,19.34,19.42,18.26,18.57,4634424,RAW,true,2025-01-17T21:15:00Z
bar-0008-20250117,1,inst_syn_0008,2025-01-17T14:30:00Z,2025-01-17T21:00:00Z,61.14,62.95,59.84,59.93,956011,RAW,true,2025-01-17T21:15:00Z
bar-0009-20250117,1,inst_syn_0009,2025-01-17T14:30:00Z,2025-01-17T21:00:00Z,29.95,31.15,28.69,30.37,2600652,RAW,true,2025-01-17T21:15:00Z
bar-0010-20250117,1,inst_syn_0010,2025-01-17T14:30:00Z,2025-01-17T21:00:00Z,13.94,14.56,13.30,13.62,2822049,RAW,true,2025-01-17T21:15:00Z
bar-0011-20250117,1,inst_syn_0011,2025-01-17T14:30:00Z,2025-01-17T21:00:00Z,251.72,257.57,245.06,246.19,10985735,RAW,true,2025-01-17T21:15:00Z
bar-0012-20250117,1,inst_syn_0012,2025-01-17T14:30:00Z,2025-01-17T21:00:00Z,71.71,72.80,68.42,69.44,4803719,RAW,true,2025-01-17T21:15:00Z
bar-0001-20250121,1,inst_syn_0001,2025-01-21T14:30:00Z,2025-01-21T21:00:00Z,47.30,48.61,45.98,48.30,995240,RAW,true,2025-01-21T21:15:00Z
bar-0002-20250121,1,inst_syn_0002,2025-01-21T14:30:00Z,2025-01-21T21:00:00Z,91.53,94.31,88.29,89.51,648988,RAW,true,2025-01-21T21:15:00Z
bar-0003-20250121,1,inst_syn_0003,2025-01-21T14:30:00Z,2025-01-21T21:00:00Z,37.05,38.79,34.07,34.36,6137308,RAW,true,2025-01-21T21:15:00Z
bar-0004-20250121,1,inst_syn_0004,2025-01-21T14:30:00Z,2025-01-21T21:00:00Z,49.41,52.85,49.26,49.81,2673727,RAW,true,2025-01-21T21:15:00Z
bar-0005-20250121,1,inst_syn_0005,2025-01-21T14:30:00Z,2025-01-21T21:00:00Z,83.29,84.59,79.43,80.79,1619941,RAW,true,2025-01-21T21:15:00Z
bar-0006-20250121,1,inst_syn_0006,2025-01-21T14:30:00Z,2025-01-21T21:00:00Z,267.52,272.25,255.73,256.00,696475,RAW,true,2025-01-21T21:15:00Z
bar-0007-20250121,1,inst_syn_0007,2025-01-21T14:30:00Z,2025-01-21T21:00:00Z,18.79,18.87,17.88,17.88,4490307,RAW,true,2025-01-21T21:15:00Z
bar-0008-20250121,1,inst_syn_0008,2025-01-21T14:30:00Z,2025-01-21T21:00:00Z,60.49,60.55,59.77,60.33,586108,RAW,true,2025-01-21T21:15:00Z
bar-0009-20250121,1,inst_syn_0009,2025-01-21T14:30:00Z,2025-01-21T21:00:00Z,30.22,30.92,28.89,29.25,4480140,RAW,true,2025-01-21T21:15:00Z
bar-0010-20250121,1,inst_syn_0010,2025-01-21T14:30:00Z,2025-01-21T21:00:00Z,12.78,13.48,11.87,13.11,5697586,RAW,true,2025-01-21T21:15:00Z
bar-0011-20250121,1,inst_syn_0011,2025-01-21T14:30:00Z,2025-01-21T21:00:00Z,248.34,252.52,238.00,239.12,13245719,RAW,true,2025-01-21T21:15:00Z
bar-0012-20250121,1,inst_syn_0012,2025-01-21T14:30:00Z,2025-01-21T21:00:00Z,70.29,71.23,64.97,66.49,3896090,RAW,true,2025-01-21T21:15:00Z
bar-0001-20250122,1,inst_syn_0001,2025-01-22T14:30:00Z,2025-01-22T21:00:00Z,48.78,49.31,45.79,47.03,1455003,RAW,true,2025-01-22T21:15:00Z
bar-0002-20250122,1,inst_syn_0002,2025-01-22T14:30:00Z,2025-01-22T21:00:00Z,86.85,91.02,83.23,89.29,1045810,RAW,true,2025-01-22T21:15:00Z
bar-0003-20250122,1,inst_syn_0003,2025-01-22T14:30:00Z,2025-01-22T21:00:00Z,34.60,37.82,34.38,36.49,6639297,RAW,true,2025-01-22T21:15:00Z
bar-0004-20250122,1,inst_syn_0004,2025-01-22T14:30:00Z,2025-01-22T21:00:00Z,50.14,53.95,48.32,52.27,3144491,RAW,true,2025-01-22T21:15:00Z
bar-0005-20250122,1,inst_syn_0005,2025-01-22T14:30:00Z,2025-01-22T21:00:00Z,79.42,87.11,75.85,85.92,2354372,RAW,true,2025-01-22T21:15:00Z
bar-0006-20250122,1,inst_syn_0006,2025-01-22T14:30:00Z,2025-01-22T21:00:00Z,256.73,265.84,252.62,263.34,751127,RAW,true,2025-01-22T21:15:00Z
bar-0007-20250122,1,inst_syn_0007,2025-01-22T14:30:00Z,2025-01-22T21:00:00Z,17.92,18.90,17.42,18.73,5287226,RAW,true,2025-01-22T21:15:00Z
bar-0008-20250122,1,inst_syn_0008,2025-01-22T14:30:00Z,2025-01-22T21:00:00Z,60.57,62.33,60.45,61.93,927565,RAW,true,2025-01-22T21:15:00Z
bar-0009-20250122,1,inst_syn_0009,2025-01-22T14:30:00Z,2025-01-22T21:00:00Z,28.02,30.24,26.84,29.93,5644057,RAW,true,2025-01-22T21:15:00Z
bar-0010-20250122,1,inst_syn_0010,2025-01-22T14:30:00Z,2025-01-22T21:00:00Z,13.17,13.41,12.63,12.81,7206927,RAW,true,2025-01-22T21:15:00Z
bar-0011-20250122,1,inst_syn_0011,2025-01-22T14:30:00Z,2025-01-22T21:00:00Z,234.42,247.89,229.77,244.70,4378900,RAW,true,2025-01-22T21:15:00Z
bar-0012-20250122,1,inst_syn_0012,2025-01-22T14:30:00Z,2025-01-22T21:00:00Z,66.46,69.66,65.70,69.52,4948646,RAW,true,2025-01-22T21:15:00Z
bar-0001-20250123,1,inst_syn_0001,2025-01-23T14:30:00Z,2025-01-23T21:00:00Z,46.10,49.15,45.21,47.52,2214289,RAW,true,2025-01-23T21:15:00Z
bar-0002-20250123,1,inst_syn_0002,2025-01-23T14:30:00Z,2025-01-23T21:00:00Z,88.83,90.44,87.74,89.67,995200,RAW,true,2025-01-23T21:15:00Z
bar-0003-20250123,1,inst_syn_0003,2025-01-23T14:30:00Z,2025-01-23T21:00:00Z,36.70,36.74,35.93,36.45,3054182,RAW,true,2025-01-23T21:15:00Z
bar-0004-20250123,1,inst_syn_0004,2025-01-23T14:30:00Z,2025-01-23T21:00:00Z,53.00,53.22,51.06,52.74,1365295,RAW,true,2025-01-23T21:15:00Z
bar-0005-20250123,1,inst_syn_0005,2025-01-23T14:30:00Z,2025-01-23T21:00:00Z,88.14,88.23,83.85,86.12,877018,RAW,true,2025-01-23T21:15:00Z
bar-0006-20250123,1,inst_syn_0006,2025-01-23T14:30:00Z,2025-01-23T21:00:00Z,262.88,272.96,260.72,265.21,668902,RAW,true,2025-01-23T21:15:00Z
bar-0007-20250123,1,inst_syn_0007,2025-01-23T14:30:00Z,2025-01-23T21:00:00Z,19.21,19.67,18.89,18.94,6023366,RAW,true,2025-01-23T21:15:00Z
bar-0008-20250123,1,inst_syn_0008,2025-01-23T14:30:00Z,2025-01-23T21:00:00Z,60.62,64.32,60.32,63.14,1079671,RAW,true,2025-01-23T21:15:00Z
bar-0009-20250123,1,inst_syn_0009,2025-01-23T14:30:00Z,2025-01-23T21:00:00Z,30.13,31.58,29.35,30.82,3478646,RAW,true,2025-01-23T21:15:00Z
bar-0010-20250123,1,inst_syn_0010,2025-01-23T14:30:00Z,2025-01-23T21:00:00Z,13.02,13.18,12.65,12.94,2614319,RAW,true,2025-01-23T21:15:00Z
bar-0011-20250123,1,inst_syn_0011,2025-01-23T14:30:00Z,2025-01-23T21:00:00Z,245.22,253.29,242.10,249.28,8498352,RAW,true,2025-01-23T21:15:00Z
bar-0012-20250123,1,inst_syn_0012,2025-01-23T14:30:00Z,2025-01-23T21:00:00Z,70.45,71.65,68.42,70.63,3447180,RAW,true,2025-01-23T21:15:00Z
bar-0001-20250124,1,inst_syn_0001,2025-01-24T14:30:00Z,2025-01-24T21:00:00Z,47.33,48.69,46.11,46.13,1415353,RAW,true,2025-01-24T21:15:00Z
bar-0002-20250124,1,inst_syn_0002,2025-01-24T14:30:00Z,2025-01-24T21:00:00Z,89.18,90.20,84.43,84.96,1004182,RAW,true,2025-01-24T21:15:00Z
bar-0003-20250124,1,inst_syn_0003,2025-01-24T14:30:00Z,2025-01-24T21:00:00Z,36.48,37.77,36.28,36.93,6587305,RAW,true,2025-01-24T21:15:00Z
bar-0004-20250124,1,inst_syn_0004,2025-01-24T14:30:00Z,2025-01-24T21:00:00Z,54.70,55.14,51.93,52.35,2588646,RAW,true,2025-01-24T21:15:00Z
bar-0005-20250124,1,inst_syn_0005,2025-01-24T14:30:00Z,2025-01-24T21:00:00Z,86.94,88.11,83.17,83.62,1467799,RAW,true,2025-01-24T21:15:00Z
bar-0006-20250124,1,inst_syn_0006,2025-01-24T14:30:00Z,2025-01-24T21:00:00Z,261.89,272.28,258.92,270.84,456774,RAW,true,2025-01-24T21:15:00Z
bar-0007-20250124,1,inst_syn_0007,2025-01-24T14:30:00Z,2025-01-24T21:00:00Z,19.40,19.43,16.93,17.75,7369958,RAW,true,2025-01-24T21:15:00Z
bar-0008-20250124,1,inst_syn_0008,2025-01-24T14:30:00Z,2025-01-24T21:00:00Z,63.45,63.55,60.40,62.66,1031942,RAW,true,2025-01-24T21:15:00Z
bar-0009-20250124,1,inst_syn_0009,2025-01-24T14:30:00Z,2025-01-24T21:00:00Z,30.61,30.67,26.79,28.16,3960487,RAW,true,2025-01-24T21:15:00Z
bar-0010-20250124,1,inst_syn_0010,2025-01-24T14:30:00Z,2025-01-24T21:00:00Z,13.09,13.55,12.34,12.50,8343589,RAW,true,2025-01-24T21:15:00Z
bar-0011-20250124,1,inst_syn_0011,2025-01-24T14:30:00Z,2025-01-24T21:00:00Z,253.38,256.65,238.56,245.60,13277676,RAW,true,2025-01-24T21:15:00Z
bar-0012-20250124,1,inst_syn_0012,2025-01-24T14:30:00Z,2025-01-24T21:00:00Z,72.53,72.94,67.50,69.06,5293695,RAW,true,2025-01-24T21:15:00Z
bar-0001-20250127,1,inst_syn_0001,2025-01-27T14:30:00Z,2025-01-27T21:00:00Z,46.53,47.46,44.65,47.10,1658937,RAW,true,2025-01-27T21:15:00Z
bar-0002-20250127,1,inst_syn_0002,2025-01-27T14:30:00Z,2025-01-27T21:00:00Z,85.39,90.78,83.82,88.57,529713,RAW,true,2025-01-27T21:15:00Z
bar-0003-20250127,1,inst_syn_0003,2025-01-27T14:30:00Z,2025-01-27T21:00:00Z,37.19,39.49,37.05,38.76,6661575,RAW,true,2025-01-27T21:15:00Z
bar-0004-20250127,1,inst_syn_0004,2025-01-27T14:30:00Z,2025-01-27T21:00:00Z,53.21,54.80,49.97,50.94,2486850,RAW,true,2025-01-27T21:15:00Z
bar-0005-20250127,1,inst_syn_0005,2025-01-27T14:30:00Z,2025-01-27T21:00:00Z,84.71,89.17,83.45,87.01,1411467,RAW,true,2025-01-27T21:15:00Z
bar-0006-20250127,1,inst_syn_0006,2025-01-27T14:30:00Z,2025-01-27T21:00:00Z,274.24,277.03,265.05,265.99,284777,RAW,true,2025-01-27T21:15:00Z
bar-0007-20250127,1,inst_syn_0007,2025-01-27T14:30:00Z,2025-01-27T21:00:00Z,18.33,18.54,16.66,17.29,7646650,RAW,true,2025-01-27T21:15:00Z
bar-0008-20250127,1,inst_syn_0008,2025-01-27T14:30:00Z,2025-01-27T21:00:00Z,63.41,65.07,61.41,63.13,883409,RAW,true,2025-01-27T21:15:00Z
bar-0009-20250127,1,inst_syn_0009,2025-01-27T14:30:00Z,2025-01-27T21:00:00Z,27.71,30.73,27.58,29.13,3521242,RAW,true,2025-01-27T21:15:00Z
bar-0010-20250127,1,inst_syn_0010,2025-01-27T14:30:00Z,2025-01-27T21:00:00Z,12.59,12.99,12.44,12.88,6525965,RAW,true,2025-01-27T21:15:00Z
bar-0011-20250127,1,inst_syn_0011,2025-01-27T14:30:00Z,2025-01-27T21:00:00Z,242.05,248.56,235.18,248.39,13445806,RAW,true,2025-01-27T21:15:00Z
bar-0012-20250127,1,inst_syn_0012,2025-01-27T14:30:00Z,2025-01-27T21:00:00Z,69.54,72.52,69.12,71.41,3077083,RAW,true,2025-01-27T21:15:00Z
bar-0001-20250127,1,inst_syn_0001,2025-01-27T14:30:00Z,2025-01-27T21:00:00Z,46.53,47.46,44.65,47.03,1671437,RAW,true,2025-01-27T21:15:00Z
bar-0001-20250128,1,inst_syn_0001,2025-01-28T14:30:00Z,2025-01-28T21:00:00Z,46.53,47.36,43.47,44.00,1814504,RAW,true,2025-01-28T21:15:00Z
bar-0002-20250128,1,inst_syn_0002,2025-01-28T14:30:00Z,2025-01-28T21:00:00Z,89.58,90.98,85.57,86.50,1094906,RAW,true,2025-01-28T21:15:00Z
bar-0003-20250128,1,inst_syn_0003,2025-01-28T14:30:00Z,2025-01-28T21:00:00Z,38.35,38.46,37.45,37.97,4923185,RAW,true,2025-01-28T21:15:00Z
bar-0004-20250128,1,inst_syn_0004,2025-01-28T14:30:00Z,2025-01-28T21:00:00Z,50.20,51.58,49.85,51.22,1504124,RAW,true,2025-01-28T21:15:00Z
bar-0005-20250128,1,inst_syn_0005,2025-01-28T14:30:00Z,2025-01-28T21:00:00Z,87.26,89.20,83.18,85.37,841869,RAW,true,2025-01-28T21:15:00Z
bar-0006-20250128,1,inst_syn_0006,2025-01-28T14:30:00Z,2025-01-28T21:00:00Z,270.03,275.70,240.03,242.32,564089,RAW,true,2025-01-28T21:15:00Z
bar-0007-20250128,1,inst_syn_0007,2025-01-28T14:30:00Z,2025-01-28T21:00:00Z,17.22,17.41,15.25,15.99,7521878,RAW,true,2025-01-28T21:15:00Z
bar-0008-20250128,1,inst_syn_0008,2025-01-28T14:30:00Z,2025-01-28T21:00:00Z,62.72,63.22,58.99,60.04,828937,RAW,true,2025-01-28T21:15:00Z
bar-0009-20250128,1,inst_syn_0009,2025-01-28T14:30:00Z,2025-01-28T21:00:00Z,29.53,32.53,28.98,29.10,3851706,RAW,true,2025-01-28T21:15:00Z
bar-0010-20250128,1,inst_syn_0010,2025-01-28T14:30:00Z,2025-01-28T21:00:00Z,13.40,14.13,11.94,12.13,6126075,RAW,true,2025-01-28T21:15:00Z
bar-0011-20250128,1,inst_syn_0011,2025-01-28T14:30:00Z,2025-01-28T21:00:00Z,251.23,254.28,238.23,239.65,9754219,RAW,true,2025-01-28T21:15:00Z
bar-0012-20250128,1,inst_syn_0012,2025-01-28T14:30:00Z,2025-01-28T21:00:00Z,71.42,72.30,65.98,67.59,5653854,RAW,true,2025-01-28T21:15:00Z
bar-0001-20250129,1,inst_syn_0001,2025-01-29T14:30:00Z,2025-01-29T21:00:00Z,45.99,46.99,39.73,41.25,2389801,RAW,true,2025-01-29T21:15:00Z
bar-0002-20250129,1,inst_syn_0002,2025-01-29T14:30:00Z,2025-01-29T21:00:00Z,86.34,86.82,82.87,83.09,762193,RAW,true,2025-01-29T21:15:00Z
bar-0003-20250129,1,inst_syn_0003,2025-01-29T14:30:00Z,2025-01-29T21:00:00Z,37.81,40.23,36.89,39.97,4054547,RAW,true,2025-01-29T21:15:00Z
bar-0004-20250129,1,inst_syn_0004,2025-01-29T14:30:00Z,2025-01-29T21:00:00Z,52.23,54.90,50.51,52.01,1272326,RAW,true,2025-01-29T21:15:00Z
bar-0005-20250129,1,inst_syn_0005,2025-01-29T14:30:00Z,2025-01-29T21:00:00Z,86.50,86.95,85.84,85.90,1228714,RAW,true,2025-01-29T21:15:00Z
bar-0006-20250129,1,inst_syn_0006,2025-01-29T14:30:00Z,2025-01-29T21:00:00Z,234.90,249.74,227.64,246.97,690775,RAW,true,2025-01-29T21:15:00Z
bar-0007-20250129,1,inst_syn_0007,2025-01-29T14:30:00Z,2025-01-29T21:00:00Z,15.55,17.06,15.11,16.45,7912457,RAW,true,2025-01-29T21:15:00Z
bar-0008-20250129,1,inst_syn_0008,2025-01-29T14:30:00Z,2025-01-29T21:00:00Z,60.83,61.60,59.90,60.37,1098838,RAW,true,2025-01-29T21:15:00Z
bar-0009-20250129,1,inst_syn_0009,2025-01-29T14:30:00Z,2025-01-29T21:00:00Z,29.61,30.06,27.71,27.83,2700807,RAW,true,2025-01-29T21:15:00Z
bar-0010-20250129,1,inst_syn_0010,2025-01-29T14:30:00Z,2025-01-29T21:00:00Z,12.05,12.86,11.60,12.49,3541867,RAW,true,2025-01-29T21:15:00Z
bar-0011-20250129,1,inst_syn_0011,2025-01-29T14:30:00Z,2025-01-29T21:00:00Z,239.09,242.74,234.17,239.85,9025319,RAW,true,2025-01-29T21:15:00Z
bar-0012-20250129,1,inst_syn_0012,2025-01-29T14:30:00Z,2025-01-29T21:00:00Z,67.77,68.26,67.25,67.84,2653344,RAW,true,2025-01-29T21:15:00Z
bar-0001-20250130,1,inst_syn_0001,2025-01-30T14:30:00Z,2025-01-30T21:00:00Z,40.96,42.04,40.36,41.78,2068322,RAW,true,2025-01-30T21:15:00Z
bar-0002-20250130,1,inst_syn_0002,2025-01-30T14:30:00Z,2025-01-30T21:00:00Z,82.87,84.46,78.41,79.46,902012,RAW,true,2025-01-30T21:15:00Z
bar-0003-20250130,1,inst_syn_0003,2025-01-30T14:30:00Z,2025-01-30T21:00:00Z,39.83,40.88,35.63,37.13,6960962,RAW,true,2025-01-30T21:15:00Z
bar-0004-20250130,1,inst_syn_0004,2025-01-30T14:30:00Z,2025-01-30T21:00:00Z,51.25,52.54,50.10,50.58,1995176,RAW,true,2025-01-30T21:15:00Z
bar-0005-20250130,1,inst_syn_0005,2025-01-30T14:30:00Z,2025-01-30T21:00:00Z,83.94,84.10,81.62,83.68,1564642,RAW,true,2025-01-30T21:15:00Z
bar-0006-20250130,1,inst_syn_0006,2025-01-30T14:30:00Z,2025-01-30T21:00:00Z,248.20,251.31,239.44,242.63,663780,RAW,true,2025-01-30T21:15:00Z
bar-0007-20250130,1,inst_syn_0007,2025-01-30T14:30:00Z,2025-01-30T21:00:00Z,16.71,16.94,15.60,15.90,5979622,RAW,true,2025-01-30T21:15:00Z
bar-0008-20250130,1,inst_syn_0008,2025-01-30T14:30:00Z,2025-01-30T21:00:00Z,60.60,61.46,59.25,60.68,978112,RAW,true,2025-01-30T21:15:00Z
bar-0009-20250130,1,inst_syn_0009,2025-01-30T14:30:00Z,2025-01-30T21:00:00Z,27.28,27.53,26.62,26.90,5807777,RAW,true,2025-01-30T21:15:00Z
bar-0010-20250130,1,inst_syn_0010,2025-01-30T14:30:00Z,2025-01-30T21:00:00Z,12.99,13.31,11.36,11.84,8214683,RAW,true,2025-01-30T21:15:00Z
bar-0011-20250130,1,inst_syn_0011,2025-01-30T14:30:00Z,2025-01-30T21:00:00Z,241.08,243.80,229.44,230.93,10476148,RAW,true,2025-01-30T21:15:00Z
bar-0012-20250130,1,inst_syn_0012,2025-01-30T14:30:00Z,2025-01-30T21:00:00Z,66.67,68.54,64.67,64.79,3665736,RAW,true,2025-01-30T21:15:00Z
bar-0001-20250131,1,inst_syn_0001,2025-01-31T14:30:00Z,2025-01-31T21:00:00Z,41.86,43.00,38.58,39.06,1351415,RAW,true,2025-01-31T21:15:00Z
bar-0002-20250131,1,inst_syn_0002,2025-01-31T14:30:00Z,2025-01-31T21:00:00Z,77.74,80.94,75.79,75.83,870267,RAW,true,2025-01-31T21:15:00Z
bar-0003-20250131,1,inst_syn_0003,2025-01-31T14:30:00Z,2025-01-31T21:00:00Z,37.06,39.47,33.77,33.88,5437467,RAW,true,2025-01-31T21:15:00Z
bar-0004-20250131,1,inst_syn_0004,2025-01-31T14:30:00Z,2025-01-31T21:00:00Z,50.62,51.26,46.39,47.44,2727162,RAW,true,2025-01-31T21:15:00Z
bar-0005-20250131,1,inst_syn_0005,2025-01-31T14:30:00Z,2025-01-31T21:00:00Z,84.61,88.04,76.37,77.50,1903402,RAW,true,2025-01-31T21:15:00Z
bar-0006-20250131,1,inst_syn_0006,2025-01-31T14:30:00Z,2025-01-31T21:00:00Z,239.79,241.41,222.64,229.45,801367,RAW,true,2025-01-31T21:15:00Z
bar-0007-20250131,1,inst_syn_0007,2025-01-31T14:30:00Z,2025-01-31T21:00:00Z,16.15,16.38,15.23,15.40,7013441,RAW,true,2025-01-31T21:15:00Z
bar-0008-20250131,1,inst_syn_0008,2025-01-31T14:30:00Z,2025-01-31T21:00:00Z,59.46,60.18,57.72,58.20,832625,RAW,true,2025-01-31T21:15:00Z
bar-0009-20250131,1,inst_syn_0009,2025-01-31T14:30:00Z,2025-01-31T21:00:00Z,26.65,26.98,24.52,24.90,4549856,RAW,true,2025-01-31T21:15:00Z
bar-0010-20250131,1,inst_syn_0010,2025-01-31T14:30:00Z,2025-01-31T21:00:00Z,12.11,12.26,10.64,10.95,6657669,RAW,true,2025-01-31T21:15:00Z
bar-0011-20250131,1,inst_syn_0011,2025-01-31T14:30:00Z,2025-01-31T21:00:00Z,230.63,235.16,217.96,220.62,11123068,RAW,true,2025-01-31T21:15:00Z
bar-0012-20250131,1,inst_syn_0012,2025-01-31T14:30:00Z,2025-01-31T21:00:00Z,63.40,64.50,59.45,61.31,3391515,RAW,true,2025-01-31T21:15:00Z
bar-0001-20250203,1,inst_syn_0001,2025-02-03T14:30:00Z,2025-02-03T21:00:00Z,39.97,41.53,38.89,39.43,2025233,RAW,true,2025-02-03T21:15:00Z
bar-0002-20250203,1,inst_syn_0002,2025-02-03T14:30:00Z,2025-02-03T21:00:00Z,73.74,79.82,72.23,78.50,419448,RAW,true,2025-02-03T21:15:00Z
bar-0003-20250203,1,inst_syn_0003,2025-02-03T14:30:00Z,2025-02-03T21:00:00Z,34.66,36.67,33.74,35.37,3817124,RAW,true,2025-02-03T21:15:00Z
bar-0004-20250203,1,inst_syn_0004,2025-02-03T14:30:00Z,2025-02-03T21:00:00Z,46.04,50.21,45.46,49.04,2761540,RAW,true,2025-02-03T21:15:00Z
bar-0005-20250203,1,inst_syn_0005,2025-02-03T14:30:00Z,2025-02-03T21:00:00Z,76.84,79.65,76.27,77.98,1017669,RAW,true,2025-02-03T21:15:00Z
bar-0006-20250203,1,inst_syn_0006,2025-02-03T14:30:00Z,2025-02-03T21:00:00Z,228.78,236.92,224.62,235.65,505580,RAW,true,2025-02-03T21:15:00Z
bar-0007-20250203,1,inst_syn_0007,2025-02-03T14:30:00Z,2025-02-03T21:00:00Z,15.51,16.38,15.27,16.08,5351759,RAW,true,2025-02-03T21:15:00Z
bar-0008-20250203,1,inst_syn_0008,2025-02-03T14:30:00Z,2025-02-03T21:00:00Z,58.60,61.09,57.22,60.45,1584607,RAW,true,2025-02-03T21:15:00Z
bar-0009-20250203,1,inst_syn_0009,2025-02-03T14:30:00Z,2025-02-03T21:00:00Z,23.54,24.75,23.31,24.19,5491277,RAW,true,2025-02-03T21:15:00Z
bar-0010-20250203,1,inst_syn_0010,2025-02-03T14:30:00Z,2025-02-03T21:00:00Z,10.75,10.82,10.58,10.79,4350282,RAW,true,2025-02-03T21:15:00Z
bar-0011-20250203,1,inst_syn_0011,2025-02-03T14:30:00Z,2025-02-03T21:00:00Z,223.70,225.75,218.89,224.68,8201220,RAW,true,2025-02-03T21:15:00Z
bar-0012-20250203,1,inst_syn_0012,2025-02-03T14:30:00Z,2025-02-03T21:00:00Z,61.46,63.70,61.10,62.85,4841195,RAW,true,2025-02-03T21:15:00Z
bar-0001-20250204,1,inst_syn_0001,2025-02-04T14:30:00Z,2025-02-04T21:00:00Z,40.71,40.87,37.46,38.80,1924805,RAW,true,2025-02-04T21:15:00Z
bar-0002-20250204,1,inst_syn_0002,2025-02-04T14:30:00Z,2025-02-04T21:00:00Z,77.74,79.49,77.50,78.40,874000,RAW,true,2025-02-04T21:15:00Z
bar-0003-20250204,1,inst_syn_0003,2025-02-04T14:30:00Z,2025-02-04T21:00:00Z,35.23,40.05,33.45,37.17,8194459,RAW,true,2025-02-04T21:15:00Z
bar-0004-20250204,1,inst_syn_0004,2025-02-04T14:30:00Z,2025-02-04T21:00:00Z,49.31,50.60,46.11,48.39,1423080,RAW,true,2025-02-04T21:15:00Z
bar-0005-20250204,1,inst_syn_0005,2025-02-04T14:30:00Z,2025-02-04T21:00:00Z,77.10,81.47,75.26,78.84,715557,RAW,true,2025-02-04T21:15:00Z
bar-0006-20250204,1,inst_syn_0006,2025-02-04T14:30:00Z,2025-02-04T21:00:00Z,236.36,251.36,230.71,238.65,482690,RAW,true,2025-02-04T21:15:00Z
bar-0007-20250204,1,inst_syn_0007,2025-02-04T14:30:00Z,2025-02-04T21:00:00Z,15.99,16.31,15.25,15.46,6371773,RAW,true,2025-02-04T21:15:00Z
bar-0008-20250204,1,inst_syn_0008,2025-02-04T14:30:00Z,2025-02-04T21:00:00Z,60.13,60.54,59.22,59.57,1002041,RAW,true,2025-02-04T21:15:00Z
bar-0009-20250204,1,inst_syn_0009,2025-02-04T14:30:00Z,2025-02-04T21:00:00Z,24.23,25.13,22.84,24.55,2552190,RAW,true,2025-02-04T21:15:00Z
bar-0010-20250204,1,inst_syn_0010,2025-02-04T14:30:00Z,2025-02-04T21:00:00Z,10.40,11.30,10.34,10.89,5163278,RAW,true,2025-02-04T21:15:00Z
bar-0011-20250204,1,inst_syn_0011,2025-02-04T14:30:00Z,2025-02-04T21:00:00Z,222.07,226.74,219.05,225.13,8486668,RAW,true,2025-02-04T21:15:00Z
bar-0001-20250205,1,inst_syn_0001,2025-02-05T14:30:00Z,2025-02-05T21:00:00Z,39.19,39.79,39.06,39.61,1263346,RAW,true,2025-02-05T21:15:00Z
bar-0002-20250205,1,inst_syn_0002,2025-02-05T14:30:00Z,2025-02-05T21:00:00Z,79.18,80.90,78.92,80.11,796450,RAW,true,2025-02-05T21:15:00Z
bar-0003-20250205,1,inst_syn_0003,2025-02-05T14:30:00Z,2025-02-05T21:00:00Z,39.22,39.74,35.29,35.54,6161295,RAW,true,2025-02-05T21:15:00Z
bar-0004-20250205,1,inst_syn_0004,2025-02-05T14:30:00Z,2025-02-05T21:00:00Z,48.67,50.76,48.24,49.88,3616815,RAW,true,2025-02-05T21:15:00Z
bar-0005-20250205,1,inst_syn_0005,2025-02-05T14:30:00Z,2025-02-05T21:00:00Z,76.94,82.29,75.98,80.65,1025859,RAW,true,2025-02-05T21:15:00Z
bar-0006-20250205,1,inst_syn_0006,2025-02-05T14:30:00Z,2025-02-05T21:00:00Z,238.87,253.22,236.71,248.94,628958,RAW,true,2025-02-05T21:15:00Z
bar-0007-20250205,1,inst_syn_0007,2025-02-05T14:30:00Z,2025-02-05T21:00:00Z,15.85,16.45,15.51,15.81,7913866,RAW,true,2025-02-05T21:15:00Z
bar-0008-20250205,1,inst_syn_0008,2025-02-05T14:30:00Z,2025-02-05T21:00:00Z,58.45,61.87,58.11,61.71,970492,RAW,true,2025-02-05T21:15:00Z
bar-0009-20250205,1,inst_syn_0009,2025-02-05T14:30:00Z,2025-02-05T21:00:00Z,24.95,25.70,24.04,24.74,1808838,RAW,true,2025-02-05T21:15:00Z
bar-0010-20250205,1,inst_syn_0010,2025-02-05T14:30:00Z,2025-02-05T21:00:00Z,11.04,12.08,10.77,11.75,7670140,RAW,true,2025-02-05T21:15:00Z
bar-0011-20250205,1,inst_syn_0011,2025-02-05T14:30:00Z,2025-02-05T21:00:00Z,228.21,230.34,225.65,229.78,11434600,RAW,true,2025-02-05T21:15:00Z
bar-0012-20250205,1,inst_syn_0012,2025-02-05T14:30:00Z,2025-02-05T21:00:00Z,62.36,63.48,61.39,63.46,3877464,RAW,true,2025-02-05T21:15:00Z
bar-0012-20250204,1,inst_syn_0012,2025-02-04T14:30:00Z,2025-02-04T21:00:00Z,64.08,66.18,61.47,62.18,3312255,RAW,true,2025-02-05T21:20:00Z
bar-0001-20250206,1,inst_syn_0001,2025-02-06T14:30:00Z,2025-02-06T21:00:00Z,39.82,40.27,38.01,39.60,1524866,RAW,true,2025-02-06T21:15:00Z
bar-0002-20250206,1,inst_syn_0002,2025-02-06T14:30:00Z,2025-02-06T21:00:00Z,80.38,81.35,80.24,81.15,580344,RAW,true,2025-02-06T21:15:00Z
bar-0003-20250206,1,inst_syn_0003,2025-02-06T14:30:00Z,2025-02-06T21:00:00Z,35.29,35.53,33.79,34.10,6769766,RAW,true,2025-02-06T21:15:00Z
bar-0004-20250206,1,inst_syn_0004,2025-02-06T14:30:00Z,2025-02-06T21:00:00Z,49.94,50.04,47.03,48.07,2675985,RAW,true,2025-02-06T21:15:00Z
bar-0005-20250206,1,inst_syn_0005,2025-02-06T14:30:00Z,2025-02-06T21:00:00Z,80.11,81.46,78.38,80.51,822326,RAW,true,2025-02-06T21:15:00Z
bar-0006-20250206,1,inst_syn_0006,2025-02-06T14:30:00Z,2025-02-06T21:00:00Z,246.67,256.12,239.66,248.36,292990,RAW,true,2025-02-06T21:15:00Z
bar-0007-20250206,1,inst_syn_0007,2025-02-06T14:30:00Z,2025-02-06T21:00:00Z,16.48,16.96,16.02,16.20,9396418,RAW,true,2025-02-06T21:15:00Z
bar-0008-20250206,1,inst_syn_0008,2025-02-06T14:30:00Z,2025-02-06T21:00:00Z,59.22,66.06,58.09,64.09,916436,RAW,true,2025-02-06T21:15:00Z
bar-0009-20250206,1,inst_syn_0009,2025-02-06T14:30:00Z,2025-02-06T21:00:00Z,26.04,27.49,24.06,24.62,3249263,RAW,true,2025-02-06T21:15:00Z
bar-0010-20250206,1,inst_syn_0010,2025-02-06T14:30:00Z,2025-02-06T21:00:00Z,12.00,12.81,11.86,12.34,6034543,RAW,true,2025-02-06T21:15:00Z
bar-0011-20250206,1,inst_syn_0011,2025-02-06T14:30:00Z,2025-02-06T21:00:00Z,229.80,234.49,225.32,230.40,10431481,RAW,true,2025-02-06T21:15:00Z
bar-0012-20250206,1,inst_syn_0012,2025-02-06T14:30:00Z,2025-02-06T21:00:00Z,62.84,64.43,62.00,63.34,2618272,RAW,true,2025-02-06T21:15:00Z
bar-0001-20250207,1,inst_syn_0001,2025-02-07T14:30:00Z,2025-02-07T21:00:00Z,40.07,40.58,38.53,39.05,1265661,RAW,true,2025-02-07T21:15:00Z
bar-0002-20250207,1,inst_syn_0002,2025-02-07T14:30:00Z,2025-02-07T21:00:00Z,81.42,82.35,79.26,79.70,940734,RAW,true,2025-02-07T21:15:00Z
bar-0003-20250207,1,inst_syn_0003,2025-02-07T14:30:00Z,2025-02-07T21:00:00Z,34.75,36.40,30.80,32.80,6728247,RAW,true,2025-02-07T21:15:00Z
bar-0004-20250207,1,inst_syn_0004,2025-02-07T14:30:00Z,2025-02-07T21:00:00Z,49.27,50.25,44.82,45.47,2942258,RAW,true,2025-02-07T21:15:00Z
bar-0005-20250207,1,inst_syn_0005,2025-02-07T14:30:00Z,2025-02-07T21:00:00Z,79.86,80.08,75.84,78.02,882660,RAW,true,2025-02-07T21:15:00Z
bar-0006-20250207,1,inst_syn_0006,2025-02-07T14:30:00Z,2025-02-07T21:00:00Z,254.04,262.42,228.76,233.89,944798,RAW,true,2025-02-07T21:15:00Z
bar-0007-20250207,1,inst_syn_0007,2025-02-07T14:30:00Z,2025-02-07T21:00:00Z,16.08,17.10,15.19,15.71,8050380,RAW,true,2025-02-07T21:15:00Z
bar-0008-20250207,1,inst_syn_0008,2025-02-07T14:30:00Z,2025-02-07T21:00:00Z,64.01,67.70,63.06,65.60,732852,RAW,true,2025-02-07T21:15:00Z
bar-0009-20250207,1,inst_syn_0009,2025-02-07T14:30:00Z,2025-02-07T21:00:00Z,24.00,24.40,22.02,22.63,6452448,RAW,true,2025-02-07T21:15:00Z
bar-0010-20250207,1,inst_syn_0010,2025-02-07T14:30:00Z,2025-02-07T21:00:00Z,12.79,13.29,11.86,12.25,4076624,RAW,true,2025-02-07T21:15:00Z
bar-0011-20250207,1,inst_syn_0011,2025-02-07T14:30:00Z,2025-02-07T21:00:00Z,228.36,230.11,220.68,224.35,13480175,RAW,true,2025-02-07T21:15:00Z
bar-0012-20250207,1,inst_syn_0012,2025-02-07T14:30:00Z,2025-02-07T21:00:00Z,62.69,63.54,61.46,62.43,2968352,RAW,true,2025-02-07T21:15:00Z
bar-0001-20250210,1,inst_syn_0001,2025-02-10T14:30:00Z,2025-02-10T21:00:00Z,37.23,39.97,36.44,39.20,1570458,RAW,true,2025-02-10T21:15:00Z
bar-0002-20250210,1,inst_syn_0002,2025-02-10T14:30:00Z,2025-02-10T21:00:00Z,79.97,82.75,78.60,78.97,566375,RAW,true,2025-02-10T21:15:00Z
bar-0003-20250210,1,inst_syn_0003,2025-02-10T14:30:00Z,2025-02-10T21:00:00Z,32.97,34.33,30.80,32.17,5277291,RAW,true,2025-02-10T21:15:00Z
bar-0004-20250210,1,inst_syn_0004,2025-02-10T14:30:00Z,2025-02-10T21:00:00Z,44.46,47.13,44.06,46.51,2101859,RAW,true,2025-02-10T21:15:00Z
bar-0005-20250210,1,inst_syn_0005,2025-02-10T14:30:00Z,2025-02-10T21:00:00Z,75.73,77.50,74.57,77.12,851850,RAW,true,2025-02-10T21:15:00Z
bar-0006-20250210,1,inst_syn_0006,2025-02-10T14:30:00Z,2025-02-10T21:00:00Z,241.74,243.44,234.10,235.40,481397,RAW,true,2025-02-10T21:15:00Z
bar-0007-20250210,1,inst_syn_0007,2025-02-10T14:30:00Z,2025-02-10T21:00:00Z,15.90,15.94,15.33,15.49,7499330,RAW,true,2025-02-10T21:15:00Z
bar-0008-20250210,1,inst_syn_0008,2025-02-10T14:30:00Z,2025-02-10T21:00:00Z,64.24,65.39,63.59,65.16,1287133,RAW,true,2025-02-10T21:15:00Z
bar-0009-20250210,1,inst_syn_0009,2025-02-10T14:30:00Z,2025-02-10T21:00:00Z,21.81,22.37,21.31,21.79,4538423,RAW,true,2025-02-10T21:15:00Z
bar-0010-20250210,1,inst_syn_0010,2025-02-10T14:30:00Z,2025-02-10T21:00:00Z,12.35,12.92,11.80,11.85,6981099,RAW,true,2025-02-10T21:15:00Z
bar-0011-20250210,1,inst_syn_0011,2025-02-10T14:30:00Z,2025-02-10T21:00:00Z,223.33,224.73,214.23,220.42,11461210,RAW,true,2025-02-10T21:15:00Z
bar-0012-20250210,1,inst_syn_0012,2025-02-10T14:30:00Z,2025-02-10T21:00:00Z,62.79,63.81,60.52,61.05,4840710,RAW,true,2025-02-10T21:15:00Z
bar-0001-20250211,1,inst_syn_0001,2025-02-11T14:30:00Z,2025-02-11T21:00:00Z,38.64,40.91,38.29,40.85,1515425,RAW,true,2025-02-11T21:15:00Z
bar-0002-20250211,1,inst_syn_0002,2025-02-11T14:30:00Z,2025-02-11T21:00:00Z,79.79,81.46,79.03,79.33,895061,RAW,true,2025-02-11T21:15:00Z
bar-0003-20250211,1,inst_syn_0003,2025-02-11T14:30:00Z,2025-02-11T21:00:00Z,33.03,35.62,32.76,35.35,6898582,RAW,true,2025-02-11T21:15:00Z
bar-0004-20250211,1,inst_syn_0004,2025-02-11T14:30:00Z,2025-02-11T21:00:00Z,45.98,49.05,44.89,48.79,2982903,RAW,true,2025-02-11T21:15:00Z
bar-0005-20250211,1,inst_syn_0005,2025-02-11T14:30:00Z,2025-02-11T21:00:00Z,77.59,80.15,76.04,79.55,1491556,RAW,true,2025-02-11T21:15:00Z
bar-0006-20250211,1,inst_syn_0006,2025-02-11T14:30:00Z,2025-02-11T21:00:00Z,232.51,249.13,227.32,243.75,762148,RAW,true,2025-02-11T21:15:00Z
bar-0007-20250211,1,inst_syn_0007,2025-02-11T14:30:00Z,2025-02-11T21:00:00Z,15.21,16.34,15.04,16.31,7178256,RAW,true,2025-02-11T21:15:00Z
bar-0008-20250211,1,inst_syn_0008,2025-02-11T14:30:00Z,2025-02-11T21:00:00Z,63.40,67.64,62.33,65.46,978807,RAW,true,2025-02-11T21:15:00Z
bar-0009-20250211,1,inst_syn_0009,2025-02-11T14:30:00Z,2025-02-11T21:00:00Z,21.81,22.62,20.96,21.39,2542235,RAW,true,2025-02-11T21:15:00Z
bar-0010-20250211,1,inst_syn_0010,2025-02-11T14:30:00Z,2025-02-11T21:00:00Z,11.93,12.46,11.64,12.35,6893713,RAW,true,2025-02-11T21:15:00Z
bar-0011-20250211,1,inst_syn_0011,2025-02-11T14:30:00Z,2025-02-11T21:00:00Z,219.43,231.50,219.28,228.68,10607192,RAW,true,2025-02-11T21:15:00Z
bar-0012-20250211,1,inst_syn_0012,2025-02-11T14:30:00Z,2025-02-11T21:00:00Z,61.30,63.40,61.03,63.16,3616511,RAW,true,2025-02-11T21:15:00Z
bar-0001-20250212,1,inst_syn_0001,2025-02-12T14:30:00Z,2025-02-12T21:00:00Z,40.35,41.23,39.70,40.52,1305007,RAW,true,2025-02-12T21:15:00Z
bar-0002-20250212,1,inst_syn_0002,2025-02-12T14:30:00Z,2025-02-12T21:00:00Z,80.60,82.64,80.46,81.36,766789,RAW,true,2025-02-12T21:15:00Z
bar-0003-20250212,1,inst_syn_0003,2025-02-12T14:30:00Z,2025-02-12T21:00:00Z,37.27,37.93,35.65,37.26,8549588,RAW,true,2025-02-12T21:15:00Z
bar-0004-20250212,1,inst_syn_0004,2025-02-12T14:30:00Z,2025-02-12T21:00:00Z,49.05,49.90,48.80,49.77,2890163,RAW,true,2025-02-12T21:15:00Z
bar-0005-20250212,1,inst_syn_0005,2025-02-12T14:30:00Z,2025-02-12T21:00:00Z,79.46,85.95,79.28,84.08,853672,RAW,true,2025-02-12T21:15:00Z
bar-0006-20250212,1,inst_syn_0006,2025-02-12T14:30:00Z,2025-02-12T21:00:00Z,240.42,265.65,234.15,259.29,448622,RAW,true,2025-02-12T21:15:00Z
bar-0007-20250212,1,inst_syn_0007,2025-02-12T14:30:00Z,2025-02-12T21:00:00Z,16.63,19.17,16.20,17.91,12334605,RAW,true,2025-02-12T21:15:00Z
bar-0008-20250212,1,inst_syn_0008,2025-02-12T14:30:00Z,2025-02-12T21:00:00Z,65.96,66.64,63.84,66.39,1028051,RAW,true,2025-02-12T21:15:00Z
bar-0009-20250212,1,inst_syn_0009,2025-02-12T14:30:00Z,2025-02-12T21:00:00Z,20.78,24.91,20.54,23.84,7588069,RAW,true,2025-02-12T21:15:00Z
bar-0010-20250212,1,inst_syn_0010,2025-02-12T14:30:00Z,2025-02-12T21:00:00Z,12.10,13.14,11.93,12.51,4840894,RAW,true,2025-02-12T21:15:00Z
bar-0011-20250212,1,inst_syn_0011,2025-02-12T14:30:00Z,2025-02-12T21:00:00Z,224.63,240.38,219.92,237.65,13991657,RAW,true,2025-02-12T21:15:00Z
bar-0012-20250212,1,inst_syn_0012,2025-02-12T14:30:00Z,2025-02-12T21:00:00Z,63.74,67.07,63.61,65.72,3462730,RAW,true,2025-02-12T21:15:00Z
bar-0013-20250212,1,inst_syn_0013,2025-02-12T14:30:00Z,2025-02-12T21:00:00Z,32.53,35.50,32.12,34.38,1862748,RAW,true,2025-02-12T21:15:00Z
bar-0001-20250213,1,inst_syn_0001,2025-02-13T14:30:00Z,2025-02-13T21:00:00Z,41.11,43.24,40.24,40.78,1895423,RAW,true,2025-02-13T21:15:00Z
bar-0002-20250213,1,inst_syn_0002,2025-02-13T14:30:00Z,2025-02-13T21:00:00Z,80.16,81.61,80.15,80.36,917821,RAW,true,2025-02-13T21:15:00Z
bar-0003-20250213,1,inst_syn_0003,2025-02-13T14:30:00Z,2025-02-13T21:00:00Z,36.99,39.34,35.82,39.29,7450808,RAW,true,2025-02-13T21:15:00Z
bar-0004-20250213,1,inst_syn_0004,2025-02-13T14:30:00Z,2025-02-13T21:00:00Z,50.78,51.06,47.42,49.98,840187,RAW,true,2025-02-13T21:15:00Z
bar-0005-20250213,1,inst_syn_0005,2025-02-13T14:30:00Z,2025-02-13T21:00:00Z,83.27,86.87,81.82,85.76,1650250,RAW,true,2025-02-13T21:15:00Z
bar-0006-20250213,1,inst_syn_0006,2025-02-13T14:30:00Z,2025-02-13T21:00:00Z,258.22,273.10,243.92,270.24,687179,RAW,true,2025-02-13T21:15:00Z
bar-0007-20250213,1,inst_syn_0007,2025-02-13T14:30:00Z,2025-02-13T21:00:00Z,18.36,19.26,17.60,18.33,6757694,RAW,true,2025-02-13T21:15:00Z
bar-0008-20250213,1,inst_syn_0008,2025-02-13T14:30:00Z,2025-02-13T21:00:00Z,66.40,68.30,65.40,67.95,849635,RAW,true,2025-02-13T21:15:00Z
bar-0009-20250213,1,inst_syn_0009,2025-02-13T14:30:00Z,2025-02-13T21:00:00Z,23.86,24.84,23.15,24.82,5221287,RAW,true,2025-02-13T21:15:00Z
bar-0010-20250213,1,inst_syn_0010,2025-02-13T14:30:00Z,2025-02-13T21:00:00Z,12.09,12.72,11.93,12.49,2696792,RAW,true,2025-02-13T21:15:00Z
bar-0011-20250213,1,inst_syn_0011,2025-02-13T14:30:00Z,2025-02-13T21:00:00Z,234.86,237.74,233.76,235.75,7818124,RAW,true,2025-02-13T21:15:00Z
bar-0012-20250213,1,inst_syn_0012,2025-02-13T14:30:00Z,2025-02-13T21:00:00Z,66.55,66.84,64.94,65.64,2352324,RAW,true,2025-02-13T21:15:00Z
bar-0001-20250214,1,inst_syn_0001,2025-02-14T14:30:00Z,2025-02-14T21:00:00Z,39.99,42.11,39.85,41.05,1888111,RAW,true,2025-02-14T21:15:00Z
bar-0002-20250214,1,inst_syn_0002,2025-02-14T14:30:00Z,2025-02-14T21:00:00Z,82.65,83.19,78.08,78.16,856050,RAW,true,2025-02-14T21:15:00Z
bar-0003-20250214,1,inst_syn_0003,2025-02-14T14:30:00Z,2025-02-14T21:00:00Z,38.77,39.92,37.75,37.99,2092390,RAW,true,2025-02-14T21:15:00Z
bar-0004-20250214,1,inst_syn_0004,2025-02-14T14:30:00Z,2025-02-14T21:00:00Z,49.75,50.75,47.53,47.82,2545519,RAW,true,2025-02-14T21:15:00Z
bar-0005-20250214,1,inst_syn_0005,2025-02-14T14:30:00Z,2025-02-14T21:00:00Z,85.62,88.74,84.62,85.56,1166862,RAW,true,2025-02-14T21:15:00Z
bar-0006-20250214,1,inst_syn_0006,2025-02-14T14:30:00Z,2025-02-14T21:00:00Z,264.91,269.80,263.29,264.95,403791,RAW,true,2025-02-14T21:15:00Z
bar-0007-20250214,1,inst_syn_0007,2025-02-14T14:30:00Z,2025-02-14T21:00:00Z,18.28,18.67,18.20,18.47,8751223,RAW,true,2025-02-14T21:15:00Z
bar-0008-20250214,1,inst_syn_0008,2025-02-14T14:30:00Z,2025-02-14T21:00:00Z,65.57,71.10,64.89,69.84,931721,RAW,true,2025-02-14T21:15:00Z
bar-0009-20250214,1,inst_syn_0009,2025-02-14T14:30:00Z,2025-02-14T21:00:00Z,24.92,26.28,24.09,25.99,4292627,RAW,true,2025-02-14T21:15:00Z
bar-0010-20250214,1,inst_syn_0010,2025-02-14T14:30:00Z,2025-02-14T21:00:00Z,13.05,13.27,11.93,12.09,6600172,RAW,true,2025-02-14T21:15:00Z
bar-0011-20250214,1,inst_syn_0011,2025-02-14T14:30:00Z,2025-02-14T21:00:00Z,236.58,240.49,233.22,234.78,11535102,RAW,true,2025-02-14T21:15:00Z
bar-0012-20250214,1,inst_syn_0012,2025-02-14T14:30:00Z,2025-02-14T21:00:00Z,67.19,69.77,65.60,65.78,2009087,RAW,true,2025-02-14T21:15:00Z
bar-0001-20250218,1,inst_syn_0001,2025-02-18T14:30:00Z,2025-02-18T21:00:00Z,41.47,42.75,40.83,42.55,1863839,RAW,true,2025-02-18T21:15:00Z
bar-0002-20250218,1,inst_syn_0002,2025-02-18T14:30:00Z,2025-02-18T21:00:00Z,77.94,81.69,75.50,79.06,682785,RAW,true,2025-02-18T21:15:00Z
bar-0003-20250218,1,inst_syn_0003,2025-02-18T14:30:00Z,2025-02-18T21:00:00Z,37.17,40.53,36.24,39.85,3398783,RAW,true,2025-02-18T21:15:00Z
bar-0004-20250218,1,inst_syn_0004,2025-02-18T14:30:00Z,2025-02-18T21:00:00Z,45.66,48.18,45.49,48.16,2023869,RAW,true,2025-02-18T21:15:00Z
bar-0005-20250218,1,inst_syn_0005,2025-02-18T14:30:00Z,2025-02-18T21:00:00Z,84.06,85.15,83.90,84.92,1055282,RAW,true,2025-02-18T21:15:00Z
bar-0006-20250218,1,inst_syn_0006,2025-02-18T14:30:00Z,2025-02-18T21:00:00Z,273.25,280.91,266.41,268.38,473434,RAW,true,2025-02-18T21:15:00Z
bar-0007-20250218,1,inst_syn_0007,2025-02-18T14:30:00Z,2025-02-18T21:00:00Z,18.64,18.65,17.99,18.18,4058747,RAW,true,2025-02-18T21:15:00Z
bar-0008-20250218,1,inst_syn_0008,2025-02-18T14:30:00Z,2025-02-18T21:00:00Z,68.01,72.28,67.20,72.06,884508,RAW,true,2025-02-18T21:15:00Z
bar-0009-20250218,1,inst_syn_0009,2025-02-18T14:30:00Z,2025-02-18T21:00:00Z,26.25,27.93,25.37,27.69,4104903,RAW,true,2025-02-18T21:15:00Z
bar-0010-20250218,1,inst_syn_0010,2025-02-18T14:30:00Z,2025-02-18T21:00:00Z,12.31,13.24,11.89,13.07,5163004,RAW,true,2025-02-18T21:15:00Z
bar-0011-20250218,1,inst_syn_0011,2025-02-18T14:30:00Z,2025-02-18T21:00:00Z,236.39,243.70,231.78,240.67,15212038,RAW,true,2025-02-18T21:15:00Z
bar-0012-20250218,1,inst_syn_0012,2025-02-18T14:30:00Z,2025-02-18T21:00:00Z,65.43,69.82,64.01,67.68,3380155,RAW,true,2025-02-18T21:15:00Z
bar-0001-20250219,1,inst_syn_0001,2025-02-19T14:30:00Z,2025-02-19T21:00:00Z,41.65,45.84,40.74,44.59,1396439,RAW,true,2025-02-19T21:15:00Z
bar-0002-20250219,1,inst_syn_0002,2025-02-19T14:30:00Z,2025-02-19T21:00:00Z,79.81,83.39,79.29,82.39,720047,RAW,true,2025-02-19T21:15:00Z
bar-0003-20250219,1,inst_syn_0003,2025-02-19T14:30:00Z,2025-02-19T21:00:00Z,42.02,42.14,40.20,40.67,6116702,RAW,true,2025-02-19T21:15:00Z
bar-0004-20250219,1,inst_syn_0004,2025-02-19T14:30:00Z,2025-02-19T21:00:00Z,50.62,51.98,49.76,51.70,2553846,RAW,true,2025-02-19T21:15:00Z
bar-0005-20250219,1,inst_syn_0005,2025-02-19T14:30:00Z,2025-02-19T21:00:00Z,86.05,88.41,83.55,86.17,1334918,RAW,true,2025-02-19T21:15:00Z
bar-0006-20250219,1,inst_syn_0006,2025-02-19T14:30:00Z,2025-02-19T21:00:00Z,273.08,281.47,257.83,272.68,431115,RAW,true,2025-02-19T21:15:00Z
bar-0007-20250219,1,inst_syn_0007,2025-02-19T14:30:00Z,2025-02-19T21:00:00Z,18.17,18.37,18.15,18.33,6375115,RAW,true,2025-02-19T21:15:00Z
bar-0008-20250219,1,inst_syn_0008,2025-02-19T14:30:00Z,2025-02-19T21:00:00Z,70.57,72.15,70.55,71.31,881693,RAW,true,2025-02-19T21:15:00Z
bar-0009-20250219,1,inst_syn_0009,2025-02-19T14:30:00Z,2025-02-19T21:00:00Z,27.17,28.39,26.19,27.61,2741817,RAW,true,2025-02-19T21:15:00Z
bar-0010-20250219,1,inst_syn_0010,2025-02-19T14:30:00Z,2025-02-19T21:00:00Z,12.97,13.75,12.51,13.34,5868142,RAW,true,2025-02-19T21:15:00Z
bar-0011-20250219,1,inst_syn_0011,2025-02-19T14:30:00Z,2025-02-19T21:00:00Z,235.89,245.62,235.71,244.59,11771465,RAW,true,2025-02-19T21:15:00Z
bar-0012-20250219,1,inst_syn_0012,2025-02-19T14:30:00Z,2025-02-19T21:00:00Z,67.97,69.07,66.65,68.96,3356939,RAW,true,2025-02-19T21:15:00Z
bar-0001-20250220,1,inst_syn_0001,2025-02-20T14:30:00Z,2025-02-20T21:00:00Z,45.65,46.44,44.76,44.80,1810960,RAW,true,2025-02-20T21:15:00Z
bar-0002-20250220,1,inst_syn_0002,2025-02-20T14:30:00Z,2025-02-20T21:00:00Z,79.83,85.42,78.03,84.61,1126824,RAW,true,2025-02-20T21:15:00Z
bar-0003-20250220,1,inst_syn_0003,2025-02-20T14:30:00Z,2025-02-20T21:00:00Z,40.33,43.76,39.77,40.78,4289231,RAW,true,2025-02-20T21:15:00Z
bar-0004-20250220,1,inst_syn_0004,2025-02-20T14:30:00Z,2025-02-20T21:00:00Z,52.43,53.94,50.92,52.82,3088232,RAW,true,2025-02-20T21:15:00Z
bar-0005-20250220,1,inst_syn_0005,2025-02-20T14:30:00Z,2025-02-20T21:00:00Z,86.05,86.28,85.80,86.16,1201945,RAW,true,2025-02-20T21:15:00Z
bar-0006-20250220,1,inst_syn_0006,2025-02-20T14:30:00Z,2025-02-20T21:00:00Z,266.25,277.48,265.11,275.12,854660,RAW,true,2025-02-20T21:15:00Z
bar-0007-20250220,1,inst_syn_0007,2025-02-20T14:30:00Z,2025-02-20T21:00:00Z,18.54,19.41,17.98,19.38,7573278,RAW,true,2025-02-20T21:15:00Z
bar-0008-20250220,1,inst_syn_0008,2025-02-20T14:30:00Z,2025-02-20T21:00:00Z,71.11,73.72,71.07,73.44,963190,RAW,true,2025-02-20T21:15:00Z
bar-0009-20250220,1,inst_syn_0009,2025-02-20T14:30:00Z,2025-02-20T21:00:00Z,27.17,27.77,25.80,26.83,1798483,RAW,true,2025-02-20T21:15:00Z
bar-0010-20250220,1,inst_syn_0010,2025-02-20T14:30:00Z,2025-02-20T21:00:00Z,12.91,13.35,12.21,12.53,7487301,RAW,true,2025-02-20T21:15:00Z
bar-0011-20250220,1,inst_syn_0011,2025-02-20T14:30:00Z,2025-02-20T21:00:00Z,247.11,252.12,241.95,246.36,8399326,RAW,true,2025-02-20T21:15:00Z
bar-0012-20250220,1,inst_syn_0012,2025-02-20T14:30:00Z,2025-02-20T21:00:00Z,69.67,70.04,68.91,69.51,3730771,RAW,true,2025-02-20T21:15:00Z
bar-0001-20250221,1,inst_syn_0001,2025-02-21T14:30:00Z,2025-02-21T21:00:00Z,43.38,45.54,42.76,44.80,1230958,RAW,true,2025-02-21T21:15:00Z
bar-0002-20250221,1,inst_syn_0002,2025-02-21T14:30:00Z,2025-02-21T21:00:00Z,84.22,84.51,80.52,80.90,1150014,RAW,true,2025-02-21T21:15:00Z
bar-0003-20250221,1,inst_syn_0003,2025-02-21T14:30:00Z,2025-02-21T21:00:00Z,40.22,42.93,39.07,39.65,4807879,RAW,true,2025-02-21T21:15:00Z
bar-0004-20250221,1,inst_syn_0004,2025-02-21T14:30:00Z,2025-02-21T21:00:00Z,52.24,53.45,49.71,52.62,3060075,RAW,true,2025-02-21T21:15:00Z
bar-0005-20250221,1,inst_syn_0005,2025-02-21T14:30:00Z,2025-02-21T21:00:00Z,86.13,86.28,83.86,84.57,1270402,RAW,true,2025-02-21T21:15:00Z
bar-0006-20250221,1,inst_syn_0006,2025-02-21T14:30:00Z,2025-02-21T21:00:00Z,273.61,282.13,273.01,282.01,855329,RAW,true,2025-02-21T21:15:00Z
bar-0007-20250221,1,inst_syn_0007,2025-02-21T14:30:00Z,2025-02-21T21:00:00Z,19.49,19.83,18.72,19.16,7791259,RAW,true,2025-02-21T21:15:00Z
bar-0008-20250221,1,inst_syn_0008,2025-02-21T14:30:00Z,2025-02-21T21:00:00Z,72.24,75.16,72.17,74.09,686301,RAW,true,2025-02-21T21:15:00Z
bar-0009-20250221,1,inst_syn_0009,2025-02-21T14:30:00Z,2025-02-21T21:00:00Z,26.43,27.49,26.31,26.54,3949382,RAW,true,2025-02-21T21:15:00Z
bar-0010-20250221,1,inst_syn_0010,2025-02-21T14:30:00Z,2025-02-21T21:00:00Z,11.91,13.37,11.48,13.32,4802007,RAW,true,2025-02-21T21:15:00Z
bar-0011-20250221,1,inst_syn_0011,2025-02-21T14:30:00Z,2025-02-21T21:00:00Z,247.37,248.64,240.86,243.05,8999667,RAW,true,2025-02-21T21:15:00Z
bar-0012-20250221,1,inst_syn_0012,2025-02-21T14:30:00Z,2025-02-21T21:00:00Z,69.13,70.30,66.81,69.25,4744140,RAW,true,2025-02-21T21:15:00Z
bar-0001-20250224,1,inst_syn_0001,2025-02-24T14:30:00Z,2025-02-24T21:00:00Z,45.29,46.24,42.35,43.02,1580581,RAW,true,2025-02-24T21:15:00Z
bar-0002-20250224,1,inst_syn_0002,2025-02-24T14:30:00Z,2025-02-24T21:00:00Z,79.72,80.25,79.70,79.90,712570,RAW,true,2025-02-24T21:15:00Z
bar-0003-20250224,1,inst_syn_0003,2025-02-24T14:30:00Z,2025-02-24T21:00:00Z,39.51,40.00,35.86,36.93,7325609,RAW,true,2025-02-24T21:15:00Z
bar-0004-20250224,1,inst_syn_0004,2025-02-24T14:30:00Z,2025-02-24T21:00:00Z,52.85,52.99,49.71,52.11,2897631,RAW,true,2025-02-24T21:15:00Z
bar-0005-20250224,1,inst_syn_0005,2025-02-24T14:30:00Z,2025-02-24T21:00:00Z,84.90,86.38,81.32,82.45,2134074,RAW,true,2025-02-24T21:15:00Z
bar-0006-20250224,1,inst_syn_0006,2025-02-24T14:30:00Z,2025-02-24T21:00:00Z,283.43,293.35,274.85,280.83,479630,RAW,true,2025-02-24T21:15:00Z
bar-0007-20250224,1,inst_syn_0007,2025-02-24T14:30:00Z,2025-02-24T21:00:00Z,20.20,21.60,17.34,17.95,7720170,RAW,true,2025-02-24T21:15:00Z
bar-0008-20250224,1,inst_syn_0008,2025-02-24T14:30:00Z,2025-02-24T21:00:00Z,73.36,74.42,72.96,73.01,893772,RAW,true,2025-02-24T21:15:00Z
bar-0009-20250224,1,inst_syn_0009,2025-02-24T14:30:00Z,2025-02-24T21:00:00Z,27.05,27.74,24.76,25.03,5650827,RAW,true,2025-02-24T21:15:00Z
bar-0010-20250224,1,inst_syn_0010,2025-02-24T14:30:00Z,2025-02-24T21:00:00Z,13.51,13.62,12.43,12.47,8611864,RAW,true,2025-02-24T21:15:00Z
bar-0011-20250224,1,inst_syn_0011,2025-02-24T14:30:00Z,2025-02-24T21:00:00Z,247.05,251.77,232.20,232.32,11073958,RAW,true,2025-02-24T21:15:00Z
bar-0012-20250224,1,inst_syn_0012,2025-02-24T14:30:00Z,2025-02-24T21:00:00Z,69.71,70.35,64.07,65.67,4893338,RAW,true,2025-02-24T21:15:00Z
bar-0001-20250225,1,inst_syn_0001,2025-02-25T14:30:00Z,2025-02-25T21:00:00Z,42.30,42.53,41.06,41.52,1736485,RAW,true,2025-02-25T21:15:00Z
bar-0002-20250225,1,inst_syn_0002,2025-02-25T14:30:00Z,2025-02-25T21:00:00Z,80.07,83.45,78.36,81.71,903756,RAW,true,2025-02-25T21:15:00Z
bar-0003-20250225,1,inst_syn_0003,2025-02-25T14:30:00Z,2025-02-25T21:00:00Z,37.26,39.37,37.15,38.48,3021979,RAW,true,2025-02-25T21:15:00Z
bar-0004-20250225,1,inst_syn_0004,2025-02-25T14:30:00Z,2025-02-25T21:00:00Z,50.83,52.01,50.00,51.32,878923,RAW,true,2025-02-25T21:15:00Z
bar-0005-20250225,1,inst_syn_0005,2025-02-25T14:30:00Z,2025-02-25T21:00:00Z,81.19,85.43,79.12,83.82,1751799,RAW,true,2025-02-25T21:15:00Z
bar-0006-20250225,1,inst_syn_0006,2025-02-25T14:30:00Z,2025-02-25T21:00:00Z,276.69,290.55,274.80,286.78,635735,RAW,true,2025-02-25T21:15:00Z
bar-0007-20250225,1,inst_syn_0007,2025-02-25T14:30:00Z,2025-02-25T21:00:00Z,18.05,18.43,17.98,18.28,8126529,RAW,true,2025-02-25T21:15:00Z
bar-0008-20250225,1,inst_syn_0008,2025-02-25T14:30:00Z,2025-02-25T21:00:00Z,73.86,74.89,70.37,70.88,1401806,RAW,true,2025-02-25T21:15:00Z
bar-0009-20250225,1,inst_syn_0009,2025-02-25T14:30:00Z,2025-02-25T21:00:00Z,24.10,26.06,23.85,25.12,3219291,RAW,true,2025-02-25T21:15:00Z
bar-0010-20250225,1,inst_syn_0010,2025-02-25T14:30:00Z,2025-02-25T21:00:00Z,12.42,12.80,11.83,12.28,3876888,RAW,true,2025-02-25T21:15:00Z
bar-0011-20250225,1,inst_syn_0011,2025-02-25T14:30:00Z,2025-02-25T21:00:00Z,234.54,235.99,232.51,233.54,8273535,RAW,true,2025-02-25T21:15:00Z
bar-0012-20250225,1,inst_syn_0012,2025-02-25T14:30:00Z,2025-02-25T21:00:00Z,64.82,66.47,63.30,65.85,4543603,RAW,true,2025-02-25T21:15:00Z
bar-0001-20250226,1,inst_syn_0001,2025-02-26T14:30:00Z,2025-02-26T21:00:00Z,41.10,42.03,39.41,39.67,2540264,RAW,true,2025-02-26T21:15:00Z
bar-0002-20250226,1,inst_syn_0002,2025-02-26T14:30:00Z,2025-02-26T21:00:00Z,81.04,84.02,79.91,80.53,579621,RAW,true,2025-02-26T21:15:00Z
bar-0003-20250226,1,inst_syn_0003,2025-02-26T14:30:00Z,2025-02-26T21:00:00Z,39.86,40.73,37.68,38.88,4214673,RAW,true,2025-02-26T21:15:00Z
bar-0004-20250226,1,inst_syn_0004,2025-02-26T14:30:00Z,2025-02-26T21:00:00Z,52.40,53.66,48.73,49.67,2665990,RAW,true,2025-02-26T21:15:00Z
bar-0005-20250226,1,inst_syn_0005,2025-02-26T14:30:00Z,2025-02-26T21:00:00Z,82.74,84.89,81.35,82.76,1371046,RAW,true,2025-02-26T21:15:00Z
bar-0006-20250226,1,inst_syn_0006,2025-02-26T14:30:00Z,2025-02-26T21:00:00Z,281.62,283.04,274.23,279.60,544777,RAW,true,2025-02-26T21:15:00Z
bar-0007-20250226,1,inst_syn_0007,2025-02-26T14:30:00Z,2025-02-26T21:00:00Z,18.52,18.65,18.24,18.34,4214102,RAW,true,2025-02-26T21:15:00Z
bar-0008-20250226,1,inst_syn_0008,2025-02-26T14:30:00Z,2025-02-26T21:00:00Z,70.64,71.56,69.18,70.03,816336,RAW,true,2025-02-26T21:15:00Z
bar-0009-20250226,1,inst_syn_0009,2025-02-26T14:30:00Z,2025-02-26T21:00:00Z,25.73,26.04,24.14,24.28,3001346,RAW,true,2025-02-26T21:15:00Z
bar-0010-20250226,1,inst_syn_0010,2025-02-26T14:30:00Z,2025-02-26T21:00:00Z,12.48,12.53,12.41,12.50,5137189,RAW,true,2025-02-26T21:15:00Z
bar-0011-20250226,1,inst_syn_0011,2025-02-26T14:30:00Z,2025-02-26T21:00:00Z,233.99,236.11,230.07,230.14,13819881,RAW,true,2025-02-26T21:15:00Z
bar-0012-20250226,1,inst_syn_0012,2025-02-26T14:30:00Z,2025-02-26T21:00:00Z,65.78,66.81,63.85,64.90,5287873,RAW,true,2025-02-26T21:15:00Z
bar-0001-20250227,1,inst_syn_0001,2025-02-27T14:30:00Z,2025-02-27T21:00:00Z,39.72,40.48,39.69,40.34,1626603,RAW,true,2025-02-27T21:15:00Z
bar-0002-20250227,1,inst_syn_0002,2025-02-27T14:30:00Z,2025-02-27T21:00:00Z,78.51,82.54,77.75,80.38,609274,RAW,true,2025-02-27T21:15:00Z
bar-0003-20250227,1,inst_syn_0003,2025-02-27T14:30:00Z,2025-02-27T21:00:00Z,39.04,40.44,37.63,38.12,3979378,RAW,true,2025-02-27T21:15:00Z
bar-0004-20250227,1,inst_syn_0004,2025-02-27T14:30:00Z,2025-02-27T21:00:00Z,49.07,49.55,48.13,48.98,1170126,RAW,true,2025-02-27T21:15:00Z
bar-0005-20250227,1,inst_syn_0005,2025-02-27T14:30:00Z,2025-02-27T21:00:00Z,81.91,84.26,80.38,84.05,881059,RAW,true,2025-02-27T21:15:00Z
bar-0006-20250227,1,inst_syn_0006,2025-02-27T14:30:00Z,2025-02-27T21:00:00Z,272.56,281.93,271.78,277.96,519597,RAW,true,2025-02-27T21:15:00Z
bar-0007-20250227,1,inst_syn_0007,2025-02-27T14:30:00Z,2025-02-27T21:00:00Z,18.32,18.61,17.33,17.94,5911789,RAW,true,2025-02-27T21:15:00Z
bar-0008-20250227,1,inst_syn_0008,2025-02-27T14:30:00Z,2025-02-27T21:00:00Z,70.09,70.30,67.99,68.58,1092462,RAW,true,2025-02-27T21:15:00Z
bar-0009-20250227,1,inst_syn_0009,2025-02-27T14:30:00Z,2025-02-27T21:00:00Z,24.83,25.19,24.00,24.05,4024882,RAW,true,2025-02-27T21:15:00Z
bar-0010-20250227,1,inst_syn_0010,2025-02-27T14:30:00Z,2025-02-27T21:00:00Z,12.46,12.86,11.91,12.02,5883468,RAW,true,2025-02-27T21:15:00Z
bar-0011-20250227,1,inst_syn_0011,2025-02-27T14:30:00Z,2025-02-27T21:00:00Z,232.20,232.70,228.94,229.09,5844019,RAW,true,2025-02-27T21:15:00Z
bar-0012-20250227,1,inst_syn_0012,2025-02-27T14:30:00Z,2025-02-27T21:00:00Z,65.40,65.74,63.66,63.97,3083446,RAW,true,2025-02-27T21:15:00Z
bar-0001-20250228,1,inst_syn_0001,2025-02-28T14:30:00Z,2025-02-28T21:00:00Z,39.01,39.47,38.83,39.10,866758,RAW,true,2025-02-28T21:15:00Z
bar-0002-20250228,1,inst_syn_0002,2025-02-28T14:30:00Z,2025-02-28T21:00:00Z,80.65,81.83,77.22,79.14,524006,RAW,true,2025-02-28T21:15:00Z
bar-0003-20250228,1,inst_syn_0003,2025-02-28T14:30:00Z,2025-02-28T21:00:00Z,37.47,38.33,36.69,37.94,4042137,RAW,true,2025-02-28T21:15:00Z
bar-0004-20250228,1,inst_syn_0004,2025-02-28T14:30:00Z,2025-02-28T21:00:00Z,48.67,50.02,48.32,49.71,1677697,RAW,true,2025-02-28T21:15:00Z
bar-0005-20250228,1,inst_syn_0005,2025-02-28T14:30:00Z,2025-02-28T21:00:00Z,83.84,85.24,83.10,83.95,1159189,RAW,true,2025-02-28T21:15:00Z
bar-0006-20250228,1,inst_syn_0006,2025-02-28T14:30:00Z,2025-02-28T21:00:00Z,283.28,285.76,277.12,280.90,486036,RAW,true,2025-02-28T21:15:00Z
bar-0007-20250228,1,inst_syn_0007,2025-02-28T14:30:00Z,2025-02-28T21:00:00Z,17.86,18.08,17.09,17.53,4429086,RAW,true,2025-02-28T21:15:00Z
bar-0008-20250228,1,inst_syn_0008,2025-02-28T14:30:00Z,2025-02-28T21:00:00Z,67.34,68.92,66.79,68.29,699032,RAW,true,2025-02-28T21:15:00Z
bar-0009-20250228,1,inst_syn_0009,2025-02-28T14:30:00Z,2025-02-28T21:00:00Z,24.52,25.19,23.96,24.28,2480006,RAW,true,2025-02-28T21:15:00Z
bar-0010-20250228,1,inst_syn_0010,2025-02-28T14:30:00Z,2025-02-28T21:00:00Z,11.86,11.93,11.57,11.61,3164436,RAW,true,2025-02-28T21:15:00Z
bar-0011-20250228,1,inst_syn_0011,2025-02-28T14:30:00Z,2025-02-28T21:00:00Z,230.88,230.90,225.35,226.88,9644460,RAW,true,2025-02-28T21:15:00Z
bar-0012-20250228,1,inst_syn_0012,2025-02-28T14:30:00Z,2025-02-28T21:00:00Z,64.35,64.52,62.66,63.18,1733286,RAW,true,2025-02-28T21:15:00Z
bar-0001-20250303,1,inst_syn_0001,2025-03-03T14:30:00Z,2025-03-03T21:00:00Z,38.95,39.84,38.00,38.17,1623319,RAW,true,2025-03-03T21:15:00Z
bar-0002-20250303,1,inst_syn_0002,2025-03-03T14:30:00Z,2025-03-03T21:00:00Z,79.04,79.73,77.00,78.63,1028280,RAW,true,2025-03-03T21:15:00Z
bar-0003-20250303,1,inst_syn_0003,2025-03-03T14:30:00Z,2025-03-03T21:00:00Z,37.24,39.34,36.92,39.31,4797695,RAW,true,2025-03-03T21:15:00Z
bar-0004-20250303,1,inst_syn_0004,2025-03-03T14:30:00Z,2025-03-03T21:00:00Z,50.14,51.27,49.59,50.50,1936033,RAW,true,2025-03-03T21:15:00Z
bar-0005-20250303,1,inst_syn_0005,2025-03-03T14:30:00Z,2025-03-03T21:00:00Z,84.28,85.39,80.52,81.40,1413706,RAW,true,2025-03-03T21:15:00Z
bar-0006-20250303,1,inst_syn_0006,2025-03-03T14:30:00Z,2025-03-03T21:00:00Z,279.86,282.03,275.22,278.95,452845,RAW,true,2025-03-03T21:15:00Z
bar-0007-20250303,1,inst_syn_0007,2025-03-03T14:30:00Z,2025-03-03T21:00:00Z,17.20,18.44,16.81,18.18,5461448,RAW,true,2025-03-03T21:15:00Z
bar-0008-20250303,1,inst_syn_0008,2025-03-03T14:30:00Z,2025-03-03T21:00:00Z,68.07,68.24,67.21,67.38,902504,RAW,true,2025-03-03T21:15:00Z
bar-0009-20250303,1,inst_syn_0009,2025-03-03T14:30:00Z,2025-03-03T21:00:00Z,23.57,24.06,23.28,23.89,3277893,RAW,true,2025-03-03T21:15:00Z
bar-0010-20250303,1,inst_syn_0010,2025-03-03T14:30:00Z,2025-03-03T21:00:00Z,11.71,11.87,11.67,11.71,4135802,RAW,true,2025-03-03T21:15:00Z
bar-0011-20250303,1,inst_syn_0011,2025-03-03T14:30:00Z,2025-03-03T21:00:00Z,228.73,229.01,225.38,225.62,8898384,RAW,true,2025-03-03T21:15:00Z
bar-0012-20250303,1,inst_syn_0012,2025-03-03T14:30:00Z,2025-03-03T21:00:00Z,62.56,63.04,62.13,62.75,1688939,RAW,true,2025-03-03T21:15:00Z
bar-0001-20250304,1,inst_syn_0001,2025-03-04T14:30:00Z,2025-03-04T21:00:00Z,38.53,38.71,38.24,38.42,1196008,RAW,true,2025-03-04T21:15:00Z
bar-0002-20250304,1,inst_syn_0002,2025-03-04T14:30:00Z,2025-03-04T21:00:00Z,79.25,81.79,78.26,81.28,479963,RAW,true,2025-03-04T21:15:00Z
bar-0003-20250304,1,inst_syn_0003,2025-03-04T14:30:00Z,2025-03-04T21:00:00Z,39.64,40.67,38.97,39.79,3240955,RAW,true,2025-03-04T21:15:00Z
bar-0004-20250304,1,inst_syn_0004,2025-03-04T14:30:00Z,2025-03-04T21:00:00Z,52.43,53.17,47.74,49.55,1923744,RAW,true,2025-03-04T21:15:00Z
bar-0005-20250304,1,inst_syn_0005,2025-03-04T14:30:00Z,2025-03-04T21:00:00Z,80.04,82.03,78.74,81.46,1087741,RAW,true,2025-03-04T21:15:00Z
bar-0006-20250304,1,inst_syn_0006,2025-03-04T14:30:00Z,2025-03-04T21:00:00Z,279.34,283.50,277.09,279.17,659149,RAW,true,2025-03-04T21:15:00Z
bar-0007-20250304,1,inst_syn_0007,2025-03-04T14:30:00Z,2025-03-04T21:00:00Z,18.18,18.94,18.07,18.66,3134937,RAW,true,2025-03-04T21:15:00Z
bar-0008-20250304,1,inst_syn_0008,2025-03-04T14:30:00Z,2025-03-04T21:00:00Z,67.18,68.33,66.58,68.16,632614,RAW,true,2025-03-04T21:15:00Z
bar-0009-20250304,1,inst_syn_0009,2025-03-04T14:30:00Z,2025-03-04T21:00:00Z,23.95,24.18,23.54,23.78,2906737,RAW,true,2025-03-04T21:15:00Z
bar-0010-20250304,1,inst_syn_0010,2025-03-04T14:30:00Z,2025-03-04T21:00:00Z,11.50,12.41,11.31,12.08,4974423,RAW,true,2025-03-04T21:15:00Z
bar-0011-20250304,1,inst_syn_0011,2025-03-04T14:30:00Z,2025-03-04T21:00:00Z,223.42,228.41,223.15,225.18,4130373,RAW,true,2025-03-04T21:15:00Z
bar-0012-20250304,1,inst_syn_0012,2025-03-04T14:30:00Z,2025-03-04T21:00:00Z,62.40,64.09,62.28,63.26,2757307,RAW,true,2025-03-04T21:15:00Z
bar-0001-20250305,1,inst_syn_0001,2025-03-05T14:30:00Z,2025-03-05T21:00:00Z,38.69,38.88,37.40,38.29,1355709,RAW,true,2025-03-05T21:15:00Z
bar-0002-20250305,1,inst_syn_0002,2025-03-05T14:30:00Z,2025-03-05T21:00:00Z,81.70,82.01,80.05,80.17,425019,RAW,true,2025-03-05T21:15:00Z
bar-0003-20250305,1,inst_syn_0003,2025-03-05T14:30:00Z,2025-03-05T21:00:00Z,40.37,40.47,38.75,39.09,3944893,RAW,true,2025-03-05T21:15:00Z
bar-0004-20250305,1,inst_syn_0004,2025-03-05T14:30:00Z,2025-03-05T21:00:00Z,49.43,51.20,49.14,50.21,2371371,RAW,true,2025-03-05T21:15:00Z
bar-0005-20250305,1,inst_syn_0005,2025-03-05T14:30:00Z,2025-03-05T21:00:00Z,80.45,81.49,79.81,80.01,1197311,RAW,true,2025-03-05T21:15:00Z
bar-0006-20250305,1,inst_syn_0006,2025-03-05T14:30:00Z,2025-03-05T21:00:00Z,278.46,278.80,262.40,269.39,627290,RAW,true,2025-03-05T21:15:00Z
bar-0007-20250305,1,inst_syn_0007,2025-03-05T14:30:00Z,2025-03-05T21:00:00Z,18.11,18.15,17.56,17.74,6052506,RAW,true,2025-03-05T21:15:00Z
bar-0008-20250305,1,inst_syn_0008,2025-03-05T14:30:00Z,2025-03-05T21:00:00Z,68.82,69.25,65.16,66.07,1142023,RAW,true,2025-03-05T21:15:00Z
bar-0009-20250305,1,inst_syn_0009,2025-03-05T14:30:00Z,2025-03-05T21:00:00Z,23.88,23.99,23.03,23.37,2546013,RAW,true,2025-03-05T21:15:00Z
bar-0010-20250305,1,inst_syn_0010,2025-03-05T14:30:00Z,2025-03-05T21:00:00Z,11.95,12.64,11.57,12.42,3252103,RAW,true,2025-03-05T21:15:00Z
bar-0011-20250305,1,inst_syn_0011,2025-03-05T14:30:00Z,2025-03-05T21:00:00Z,224.68,227.37,222.72,223.40,8457668,RAW,true,2025-03-05T21:15:00Z
bar-0012-20250305,1,inst_syn_0012,2025-03-05T14:30:00Z,2025-03-05T21:00:00Z,62.83,63.40,62.15,62.57,4333657,RAW,true,2025-03-05T21:15:00Z
bar-0001-20250306,1,inst_syn_0001,2025-03-06T14:30:00Z,2025-03-06T21:00:00Z,38.36,39.14,38.05,38.58,851274,RAW,true,2025-03-06T21:15:00Z
bar-0002-20250306,1,inst_syn_0002,2025-03-06T14:30:00Z,2025-03-06T21:00:00Z,79.63,80.36,76.58,77.29,919037,RAW,true,2025-03-06T21:15:00Z
bar-0003-20250306,1,inst_syn_0003,2025-03-06T14:30:00Z,2025-03-06T21:00:00Z,39.35,40.18,36.65,37.05,4020079,RAW,true,2025-03-06T21:15:00Z
bar-0004-20250306,1,inst_syn_0004,2025-03-06T14:30:00Z,2025-03-06T21:00:00Z,49.51,50.93,48.26,48.78,2378844,RAW,true,2025-03-06T21:15:00Z
bar-0005-20250306,1,inst_syn_0005,2025-03-06T14:30:00Z,2025-03-06T21:00:00Z,80.26,81.18,77.44,77.95,1002671,RAW,true,2025-03-06T21:15:00Z
bar-0006-20250306,1,inst_syn_0006,2025-03-06T14:30:00Z,2025-03-06T21:00:00Z,271.01,276.14,261.40,263.75,456045,RAW,true,2025-03-06T21:15:00Z
bar-0007-20250306,1,inst_syn_0007,2025-03-06T14:30:00Z,2025-03-06T21:00:00Z,18.14,18.58,16.76,16.99,6415629,RAW,true,2025-03-06T21:15:00Z
bar-0008-20250306,1,inst_syn_0008,2025-03-06T14:30:00Z,2025-03-06T21:00:00Z,65.51,66.25,62.97,63.01,1493067,RAW,true,2025-03-06T21:15:00Z
bar-0009-20250306,1,inst_syn_0009,2025-03-06T14:30:00Z,2025-03-06T21:00:00Z,23.07,23.89,22.08,22.14,3926041,RAW,true,2025-03-06T21:15:00Z
bar-0010-20250306,1,inst_syn_0010,2025-03-06T14:30:00Z,2025-03-06T21:00:00Z,12.40,12.61,12.08,12.49,5372547,RAW,true,2025-03-06T21:15:00Z
bar-0011-20250306,1,inst_syn_0011,2025-03-06T14:30:00Z,2025-03-06T21:00:00Z,225.23,228.54,217.33,217.37,12998324,RAW,true,2025-03-06T21:15:00Z
bar-0012-20250306,1,inst_syn_0012,2025-03-06T14:30:00Z,2025-03-06T21:00:00Z,62.35,62.91,59.50,60.32,2839040,RAW,true,2025-03-06T21:15:00Z
bar-0001-20250307,1,inst_syn_0001,2025-03-07T14:30:00Z,2025-03-07T21:00:00Z,38.62,39.08,38.14,38.16,1640741,RAW,true,2025-03-07T21:15:00Z
bar-0002-20250307,1,inst_syn_0002,2025-03-07T14:30:00Z,2025-03-07T21:00:00Z,76.10,77.91,76.08,76.40,598275,RAW,true,2025-03-07T21:15:00Z
bar-0003-20250307,1,inst_syn_0003,2025-03-07T14:30:00Z,2025-03-07T21:00:00Z,36.83,37.81,35.13,36.31,5505585,RAW,true,2025-03-07T21:15:00Z
bar-0004-20250307,1,inst_syn_0004,2025-03-07T14:30:00Z,2025-03-07T21:00:00Z,49.01,50.23,48.12,49.99,1443704,RAW,true,2025-03-07T21:15:00Z
bar-0005-20250307,1,inst_syn_0005,2025-03-07T14:30:00Z,2025-03-07T21:00:00Z,78.27,79.21,78.03,78.89,1335180,RAW,true,2025-03-07T21:15:00Z
bar-0006-20250307,1,inst_syn_0006,2025-03-07T14:30:00Z,2025-03-07T21:00:00Z,264.07,267.09,257.82,263.73,583475,RAW,true,2025-03-07T21:15:00Z
bar-0007-20250307,1,inst_syn_0007,2025-03-07T14:30:00Z,2025-03-07T21:00:00Z,16.57,16.77,15.91,15.92,8529621,RAW,true,2025-03-07T21:15:00Z
bar-0008-20250307,1,inst_syn_0008,2025-03-07T14:30:00Z,2025-03-07T21:00:00Z,63.02,64.43,61.18,64.07,1064321,RAW,true,2025-03-07T21:15:00Z
bar-0009-20250307,1,inst_syn_0009,2025-03-07T14:30:00Z,2025-03-07T21:00:00Z,22.30,22.37,21.30,21.69,3614866,RAW,true,2025-03-07T21:15:00Z
bar-0010-20250307,1,inst_syn_0010,2025-03-07T14:30:00Z,2025-03-07T21:00:00Z,12.50,12.78,12.48,12.69,3640067,RAW,true,2025-03-07T21:15:00Z
bar-0011-20250307,1,inst_syn_0011,2025-03-07T14:30:00Z,2025-03-07T21:00:00Z,216.57,220.32,216.41,220.06,7908343,RAW,true,2025-03-07T21:15:00Z
bar-0012-20250307,1,inst_syn_0012,2025-03-07T14:30:00Z,2025-03-07T21:00:00Z,59.87,61.25,59.65,61.23,3888082,RAW,true,2025-03-07T21:15:00Z
bar-0001-20250310,1,inst_syn_0001,2025-03-10T13:30:00Z,2025-03-10T20:00:00Z,38.07,38.94,35.73,36.06,1230501,RAW,true,2025-03-10T20:15:00Z
bar-0002-20250310,1,inst_syn_0002,2025-03-10T13:30:00Z,2025-03-10T20:00:00Z,76.09,76.48,72.60,73.43,814389,RAW,true,2025-03-10T20:15:00Z
bar-0003-20250310,1,inst_syn_0003,2025-03-10T13:30:00Z,2025-03-10T20:00:00Z,36.95,37.28,36.48,36.68,2754966,RAW,true,2025-03-10T20:15:00Z
bar-0004-20250310,1,inst_syn_0004,2025-03-10T13:30:00Z,2025-03-10T20:00:00Z,49.88,50.42,47.49,47.66,2882507,RAW,true,2025-03-10T20:15:00Z
bar-0005-20250310,1,inst_syn_0005,2025-03-10T13:30:00Z,2025-03-10T20:00:00Z,79.92,80.03,74.27,75.45,1106550,RAW,true,2025-03-10T20:15:00Z
bar-0006-20250310,1,inst_syn_0006,2025-03-10T13:30:00Z,2025-03-10T20:00:00Z,265.36,265.63,240.76,246.75,633525,RAW,true,2025-03-10T20:15:00Z
bar-0007-20250310,1,inst_syn_0007,2025-03-10T13:30:00Z,2025-03-10T20:00:00Z,16.24,16.55,14.48,15.04,3180361,RAW,true,2025-03-10T20:15:00Z
bar-0008-20250310,1,inst_syn_0008,2025-03-10T13:30:00Z,2025-03-10T20:00:00Z,63.39,63.68,62.34,62.64,762966,RAW,true,2025-03-10T20:15:00Z
bar-0009-20250310,1,inst_syn_0009,2025-03-10T13:30:00Z,2025-03-10T20:00:00Z,22.06,22.23,18.94,19.62,4649429,RAW,true,2025-03-10T20:15:00Z
bar-0010-20250310,1,inst_syn_0010,2025-03-10T13:30:00Z,2025-03-10T20:00:00Z,12.60,12.61,11.59,12.07,5466091,RAW,true,2025-03-10T20:15:00Z
bar-0011-20250310,1,inst_syn_0011,2025-03-10T13:30:00Z,2025-03-10T20:00:00Z,219.26,220.80,210.62,211.03,10779229,RAW,true,2025-03-10T20:15:00Z
bar-0012-20250310,1,inst_syn_0012,2025-03-10T13:30:00Z,2025-03-10T20:00:00Z,61.77,61.88,57.54,57.73,3411690,RAW,true,2025-03-10T20:15:00Z
bar-0001-20250311,1,inst_syn_0001,2025-03-11T13:30:00Z,2025-03-11T20:00:00Z,36.56,37.14,35.82,35.99,1734986,RAW,true,2025-03-11T20:15:00Z
bar-0002-20250311,1,inst_syn_0002,2025-03-11T13:30:00Z,2025-03-11T20:00:00Z,73.33,75.54,71.20,73.92,384339,RAW,true,2025-03-11T20:15:00Z
bar-0003-20250311,1,inst_syn_0003,2025-03-11T13:30:00Z,2025-03-11T20:00:00Z,36.35,36.62,35.35,35.94,4624248,RAW,true,2025-03-11T20:15:00Z
bar-0004-20250311,1,inst_syn_0004,2025-03-11T13:30:00Z,2025-03-11T20:00:00Z,48.06,48.15,47.70,48.06,2456015,RAW,true,2025-03-11T20:15:00Z
bar-0005-20250311,1,inst_syn_0005,2025-03-11T13:30:00Z,2025-03-11T20:00:00Z,75.51,77.49,73.74,74.02,1956055,RAW,true,2025-03-11T20:15:00Z
bar-0006-20250311,1,inst_syn_0006,2025-03-11T13:30:00Z,2025-03-11T20:00:00Z,246.23,251.29,242.76,245.37,424742,RAW,true,2025-03-11T20:15:00Z
bar-0007-20250311,1,inst_syn_0007,2025-03-11T13:30:00Z,2025-03-11T20:00:00Z,15.38,15.49,14.68,14.77,6191122,RAW,true,2025-03-11T20:15:00Z
bar-0008-20250311,1,inst_syn_0008,2025-03-11T13:30:00Z,2025-03-11T20:00:00Z,61.83,62.38,60.94,61.33,908012,RAW,true,2025-03-11T20:15:00Z
bar-0009-20250311,1,inst_syn_0009,2025-03-11T13:30:00Z,2025-03-11T20:00:00Z,19.45,21.49,18.73,20.59,3712423,RAW,true,2025-03-11T20:15:00Z
bar-0010-20250311,1,inst_syn_0010,2025-03-11T13:30:00Z,2025-03-11T20:00:00Z,11.75,12.60,11.55,12.58,6018819,RAW,true,2025-03-11T20:15:00Z
bar-0011-20250311,1,inst_syn_0011,2025-03-11T13:30:00Z,2025-03-11T20:00:00Z,209.60,212.85,208.48,212.57,8596503,RAW,true,2025-03-11T20:15:00Z
bar-0012-20250311,1,inst_syn_0012,2025-03-11T13:30:00Z,2025-03-11T20:00:00Z,57.59,58.28,56.72,57.78,3220832,RAW,true,2025-03-11T20:15:00Z
bar-0001-20250312,1,inst_syn_0001,2025-03-12T13:30:00Z,2025-03-12T20:00:00Z,36.08,36.37,35.32,35.98,1180473,RAW,true,2025-03-12T20:15:00Z
bar-0002-20250312,1,inst_syn_0002,2025-03-12T13:30:00Z,2025-03-12T20:00:00Z,72.53,73.60,72.50,73.18,869806,RAW,true,2025-03-12T20:15:00Z
bar-0003-20250312,1,inst_syn_0003,2025-03-12T13:30:00Z,2025-03-12T20:00:00Z,36.53,37.30,36.35,36.43,2567624,RAW,true,2025-03-12T20:15:00Z
bar-0004-20250312,1,inst_syn_0004,2025-03-12T13:30:00Z,2025-03-12T20:00:00Z,47.86,48.12,46.81,47.35,2021713,RAW,true,2025-03-12T20:15:00Z
bar-0005-20250312,1,inst_syn_0005,2025-03-12T13:30:00Z,2025-03-12T20:00:00Z,74.19,75.01,73.06,73.54,1400569,RAW,true,2025-03-12T20:15:00Z
bar-0006-20250312,1,inst_syn_0006,2025-03-12T13:30:00Z,2025-03-12T20:00:00Z,248.13,249.12,244.73,246.68,415675,RAW,true,2025-03-12T20:15:00Z
bar-0007-20250312,1,inst_syn_0007,2025-03-12T13:30:00Z,2025-03-12T20:00:00Z,15.20,16.03,14.74,15.58,5113202,RAW,true,2025-03-12T20:15:00Z
bar-0008-20250312,1,inst_syn_0008,2025-03-12T13:30:00Z,2025-03-12T20:00:00Z,60.93,63.56,60.65,62.76,1023903,RAW,true,2025-03-12T20:15:00Z
bar-0009-20250312,1,inst_syn_0009,2025-03-12T13:30:00Z,2025-03-12T20:00:00Z,20.61,21.52,19.69,21.17,3802749,RAW,true,2025-03-12T20:15:00Z
bar-0010-20250312,1,inst_syn_0010,2025-03-12T13:30:00Z,2025-03-12T20:00:00Z,12.64,12.84,11.83,12.26,3753488,RAW,true,2025-03-12T20:15:00Z
bar-0011-20250312,1,inst_syn_0011,2025-03-12T13:30:00Z,2025-03-12T20:00:00Z,211.39,219.07,207.58,218.01,8470395,RAW,true,2025-03-12T20:15:00Z
bar-0012-20250312,1,inst_syn_0012,2025-03-12T13:30:00Z,2025-03-12T20:00:00Z,57.94,60.55,57.93,59.34,2814511,RAW,true,2025-03-12T20:15:00Z
bar-0001-20250313,1,inst_syn_0001,2025-03-13T13:30:00Z,2025-03-13T20:00:00Z,36.06,36.42,35.18,35.29,771821,RAW,true,2025-03-13T20:15:00Z
bar-0002-20250313,1,inst_syn_0002,2025-03-13T13:30:00Z,2025-03-13T20:00:00Z,73.86,74.00,70.05,70.45,785236,RAW,true,2025-03-13T20:15:00Z
bar-0003-20250313,1,inst_syn_0003,2025-03-13T13:30:00Z,2025-03-13T20:00:00Z,36.11,36.49,35.10,35.54,4633620,RAW,true,2025-03-13T20:15:00Z
bar-0004-20250313,1,inst_syn_0004,2025-03-13T13:30:00Z,2025-03-13T20:00:00Z,47.55,48.34,46.40,46.60,1870720,RAW,true,2025-03-13T20:15:00Z
bar-0005-20250313,1,inst_syn_0005,2025-03-13T13:30:00Z,2025-03-13T20:00:00Z,72.44,74.36,71.72,72.90,998542,RAW,true,2025-03-13T20:15:00Z
bar-0006-20250313,1,inst_syn_0006,2025-03-13T13:30:00Z,2025-03-13T20:00:00Z,247.39,249.34,233.11,235.97,363102,RAW,true,2025-03-13T20:15:00Z
bar-0007-20250313,1,inst_syn_0007,2025-03-13T13:30:00Z,2025-03-13T20:00:00Z,15.72,16.06,14.23,14.32,7883686,RAW,true,2025-03-13T20:15:00Z
bar-0008-20250313,1,inst_syn_0008,2025-03-13T13:30:00Z,2025-03-13T20:00:00Z,62.64,63.85,60.22,60.84,1708199,RAW,true,2025-03-13T20:15:00Z
bar-0009-20250313,1,inst_syn_0009,2025-03-13T13:30:00Z,2025-03-13T20:00:00Z,21.68,22.64,19.40,19.60,3342151,RAW,true,2025-03-13T20:15:00Z
bar-0010-20250313,1,inst_syn_0010,2025-03-13T13:30:00Z,2025-03-13T20:00:00Z,12.21,12.25,10.79,11.05,6492540,RAW,true,2025-03-13T20:15:00Z
bar-0011-20250313,1,inst_syn_0011,2025-03-13T13:30:00Z,2025-03-13T20:00:00Z,217.58,219.56,211.80,212.36,8527743,RAW,true,2025-03-13T20:15:00Z
bar-0012-20250313,1,inst_syn_0012,2025-03-13T13:30:00Z,2025-03-13T20:00:00Z,58.49,58.75,56.87,57.61,4227183,RAW,true,2025-03-13T20:15:00Z
bar-0001-20250314,1,inst_syn_0001,2025-03-14T13:30:00Z,2025-03-14T20:00:00Z,35.21,35.65,35.13,35.40,1601487,RAW,true,2025-03-14T20:15:00Z
bar-0002-20250314,1,inst_syn_0002,2025-03-14T13:30:00Z,2025-03-14T20:00:00Z,70.10,70.91,69.29,69.63,1066264,RAW,true,2025-03-14T20:15:00Z
bar-0003-20250314,1,inst_syn_0003,2025-03-14T13:30:00Z,2025-03-14T20:00:00Z,36.13,36.97,34.05,34.72,5213797,RAW,true,2025-03-14T20:15:00Z
bar-0004-20250314,1,inst_syn_0004,2025-03-14T13:30:00Z,2025-03-14T20:00:00Z,47.59,47.72,45.31,45.99,1812894,RAW,true,2025-03-14T20:15:00Z
bar-0005-20250314,1,inst_syn_0005,2025-03-14T13:30:00Z,2025-03-14T20:00:00Z,71.70,71.84,70.72,71.78,739412,RAW,true,2025-03-14T20:15:00Z
bar-0006-20250314,1,inst_syn_0006,2025-03-14T13:30:00Z,2025-03-14T20:00:00Z,234.99,235.09,229.84,234.69,362301,RAW,true,2025-03-14T20:15:00Z
bar-0007-20250314,1,inst_syn_0007,2025-03-14T13:30:00Z,2025-03-14T20:00:00Z,14.61,14.72,14.14,14.60,6116241,RAW,true,2025-03-14T20:15:00Z
bar-0008-20250314,1,inst_syn_0008,2025-03-14T13:30:00Z,2025-03-14T20:00:00Z,60.90,61.19,60.32,61.09,842093,RAW,true,2025-03-14T20:15:00Z
bar-0009-20250314,1,inst_syn_0009,2025-03-14T13:30:00Z,2025-03-14T20:00:00Z,19.82,20.28,19.41,19.50,3077669,RAW,true,2025-03-14T20:15:00Z
bar-0010-20250314,1,inst_syn_0010,2025-03-14T13:30:00Z,2025-03-14T20:00:00Z,10.95,11.25,10.33,10.58,4462467,RAW,true,2025-03-14T20:15:00Z
bar-0011-20250314,1,inst_syn_0011,2025-03-14T13:30:00Z,2025-03-14T20:00:00Z,213.52,214.78,208.63,209.47,9108887,RAW,true,2025-03-14T20:15:00Z
bar-0012-20250314,1,inst_syn_0012,2025-03-14T13:30:00Z,2025-03-14T20:00:00Z,57.71,57.89,56.39,56.80,2926666,RAW,true,2025-03-14T20:15:00Z
bar-0001-20250317,1,inst_syn_0001,2025-03-17T13:30:00Z,2025-03-17T20:00:00Z,35.63,36.03,35.46,35.71,1093788,RAW,true,2025-03-17T20:15:00Z
bar-0002-20250317,1,inst_syn_0002,2025-03-17T13:30:00Z,2025-03-17T20:00:00Z,70.06,70.53,69.35,69.97,537208,RAW,true,2025-03-17T20:15:00Z
bar-0003-20250317,1,inst_syn_0003,2025-03-17T13:30:00Z,2025-03-17T20:00:00Z,35.05,36.07,34.81,36.03,2898611,RAW,true,2025-03-17T20:15:00Z
bar-0004-20250317,1,inst_syn_0004,2025-03-17T13:30:00Z,2025-03-17T20:00:00Z,46.29,46.76,45.19,45.68,898068,RAW,true,2025-03-17T20:15:00Z
bar-0005-20250317,1,inst_syn_0005,2025-03-17T13:30:00Z,2025-03-17T20:00:00Z,72.17,72.97,70.97,71.82,1031246,RAW,true,2025-03-17T20:15:00Z
bar-0006-20250317,1,inst_syn_0006,2025-03-17T13:30:00Z,2025-03-17T20:00:00Z,235.89,239.63,229.49,239.44,467947,RAW,true,2025-03-17T20:15:00Z
bar-0007-20250317,1,inst_syn_0007,2025-03-17T13:30:00Z,2025-03-17T20:00:00Z,14.56,15.04,14.30,14.87,6130573,RAW,true,2025-03-17T20:15:00Z
bar-0008-20250317,1,inst_syn_0008,2025-03-17T13:30:00Z,2025-03-17T20:00:00Z,60.65,61.58,59.97,61.30,538963,RAW,true,2025-03-17T20:15:00Z
bar-0009-20250317,1,inst_syn_0009,2025-03-17T13:30:00Z,2025-03-17T20:00:00Z,20.25,20.49,18.49,19.09,2888529,RAW,true,2025-03-17T20:15:00Z
bar-0010-20250317,1,inst_syn_0010,2025-03-17T13:30:00Z,2025-03-17T20:00:00Z,10.38,11.33,9.99,10.85,5301799,RAW,true,2025-03-17T20:15:00Z
bar-0011-20250317,1,inst_syn_0011,2025-03-17T13:30:00Z,2025-03-17T20:00:00Z,208.86,211.79,208.43,210.40,9249209,RAW,true,2025-03-17T20:15:00Z
bar-0012-20250317,1,inst_syn_0012,2025-03-17T13:30:00Z,2025-03-17T20:00:00Z,55.99,57.40,55.61,57.28,1780921,RAW,true,2025-03-17T20:15:00Z
bar-0001-20250318,1,inst_syn_0001,2025-03-18T13:30:00Z,2025-03-18T20:00:00Z,36.47,37.21,34.23,34.91,1350701,RAW,true,2025-03-18T20:15:00Z
bar-0002-20250318,1,inst_syn_0002,2025-03-18T13:30:00Z,2025-03-18T20:00:00Z,70.87,71.85,70.71,70.72,627583,RAW,true,2025-03-18T20:15:00Z
bar-0003-20250318,1,inst_syn_0003,2025-03-18T13:30:00Z,2025-03-18T20:00:00Z,36.55,36.65,33.81,34.97,3911514,RAW,true,2025-03-18T20:15:00Z
bar-0004-20250318,1,inst_syn_0004,2025-03-18T13:30:00Z,2025-03-18T20:00:00Z,45.22,48.02,45.10,47.09,993002,RAW,true,2025-03-18T20:15:00Z
bar-0005-20250318,1,inst_syn_0005,2025-03-18T13:30:00Z,2025-03-18T20:00:00Z,70.98,73.38,70.33,72.95,1125584,RAW,true,2025-03-18T20:15:00Z
bar-0006-20250318,1,inst_syn_0006,2025-03-18T13:30:00Z,2025-03-18T20:00:00Z,239.31,240.54,230.26,236.44,570658,RAW,true,2025-03-18T20:15:00Z
bar-0007-20250318,1,inst_syn_0007,2025-03-18T13:30:00Z,2025-03-18T20:00:00Z,14.68,15.08,13.89,14.96,4681575,RAW,true,2025-03-18T20:15:00Z
bar-0008-20250318,1,inst_syn_0008,2025-03-18T13:30:00Z,2025-03-18T20:00:00Z,61.97,62.88,61.40,62.27,1056464,RAW,true,2025-03-18T20:15:00Z
bar-0009-20250318,1,inst_syn_0009,2025-03-18T13:30:00Z,2025-03-18T20:00:00Z,19.32,19.37,18.56,18.93,2882454,RAW,true,2025-03-18T20:15:00Z
bar-0010-20250318,1,inst_syn_0010,2025-03-18T13:30:00Z,2025-03-18T20:00:00Z,10.70,11.07,10.37,10.39,7106782,RAW,true,2025-03-18T20:15:00Z
bar-0011-20250318,1,inst_syn_0011,2025-03-18T13:30:00Z,2025-03-18T20:00:00Z,212.46,212.54,207.39,210.17,10000429,RAW,true,2025-03-18T20:15:00Z
bar-0012-20250318,1,inst_syn_0012,2025-03-18T13:30:00Z,2025-03-18T20:00:00Z,57.33,58.48,56.91,56.94,2001376,RAW,true,2025-03-18T20:15:00Z
bar-0001-20250319,1,inst_syn_0001,2025-03-19T13:30:00Z,2025-03-19T20:00:00Z,35.43,35.86,34.94,35.25,1301760,RAW,true,2025-03-19T20:15:00Z
bar-0002-20250319,1,inst_syn_0002,2025-03-19T13:30:00Z,2025-03-19T20:00:00Z,70.72,71.34,70.14,70.53,630497,RAW,true,2025-03-19T20:15:00Z
bar-0003-20250319,1,inst_syn_0003,2025-03-19T13:30:00Z,2025-03-19T20:00:00Z,35.03,35.60,34.19,34.85,5027648,RAW,true,2025-03-19T20:15:00Z
bar-0004-20250319,1,inst_syn_0004,2025-03-19T13:30:00Z,2025-03-19T20:00:00Z,48.06,48.93,47.98,48.34,1470540,RAW,true,2025-03-19T20:15:00Z
bar-0005-20250319,1,inst_syn_0005,2025-03-19T13:30:00Z,2025-03-19T20:00:00Z,72.33,72.71,71.74,72.65,955142,RAW,true,2025-03-19T20:15:00Z
bar-0006-20250319,1,inst_syn_0006,2025-03-19T13:30:00Z,2025-03-19T20:00:00Z,240.48,243.96,236.41,241.23,401520,RAW,true,2025-03-19T20:15:00Z
bar-0007-20250319,1,inst_syn_0007,2025-03-19T13:30:00Z,2025-03-19T20:00:00Z,15.11,15.45,14.97,15.22,4102480,RAW,true,2025-03-19T20:15:00Z
bar-0008-20250319,1,inst_syn_0008,2025-03-19T13:30:00Z,2025-03-19T20:00:00Z,62.94,63.06,61.06,61.63,823653,RAW,true,2025-03-19T20:15:00Z
bar-0009-20250319,1,inst_syn_0009,2025-03-19T13:30:00Z,2025-03-19T20:00:00Z,19.16,19.24,18.44,18.80,3073362,RAW,true,2025-03-19T20:15:00Z
bar-0010-20250319,1,inst_syn_0010,2025-03-19T13:30:00Z,2025-03-19T20:00:00Z,10.13,10.84,10.02,10.46,5033492,RAW,true,2025-03-19T20:15:00Z
bar-0011-20250319,1,inst_syn_0011,2025-03-19T13:30:00Z,2025-03-19T20:00:00Z,209.48,214.47,206.75,212.40,5304246,RAW,true,2025-03-19T20:15:00Z
bar-0012-20250319,1,inst_syn_0012,2025-03-19T13:30:00Z,2025-03-19T20:00:00Z,57.31,58.02,56.90,58.00,3561675,RAW,true,2025-03-19T20:15:00Z
bar-0001-20250320,1,inst_syn_0001,2025-03-20T13:30:00Z,2025-03-20T20:00:00Z,35.01,35.40,34.71,34.83,1446556,RAW,true,2025-03-20T20:15:00Z
bar-0002-20250320,1,inst_syn_0002,2025-03-20T13:30:00Z,2025-03-20T20:00:00Z,69.39,72.90,69.09,71.48,597432,RAW,true,2025-03-20T20:15:00Z
bar-0003-20250320,1,inst_syn_0003,2025-03-20T13:30:00Z,2025-03-20T20:00:00Z,35.65,36.54,33.01,33.27,6954849,RAW,true,2025-03-20T20:15:00Z
bar-0004-20250320,1,inst_syn_0004,2025-03-20T13:30:00Z,2025-03-20T20:00:00Z,49.09,49.77,46.48,47.40,1833664,RAW,true,2025-03-20T20:15:00Z
bar-0005-20250320,1,inst_syn_0005,2025-03-20T13:30:00Z,2025-03-20T20:00:00Z,72.65,73.05,71.71,72.01,1019651,RAW,true,2025-03-20T20:15:00Z
bar-0006-20250320,1,inst_syn_0006,2025-03-20T13:30:00Z,2025-03-20T20:00:00Z,122.07,122.39,115.11,115.96,1254442,RAW,true,2025-03-20T20:15:00Z
bar-0007-20250320,1,inst_syn_0007,2025-03-20T13:30:00Z,2025-03-20T20:00:00Z,15.16,15.78,14.44,14.93,5220879,RAW,true,2025-03-20T20:15:00Z
bar-0008-20250320,1,inst_syn_0008,2025-03-20T13:30:00Z,2025-03-20T20:00:00Z,60.80,61.17,59.48,60.57,675915,RAW,true,2025-03-20T20:15:00Z
bar-0009-20250320,1,inst_syn_0009,2025-03-20T13:30:00Z,2025-03-20T20:00:00Z,18.77,18.90,17.85,18.07,4339901,RAW,true,2025-03-20T20:15:00Z
bar-0010-20250320,1,inst_syn_0010,2025-03-20T13:30:00Z,2025-03-20T20:00:00Z,10.47,11.36,10.34,11.09,4920893,RAW,true,2025-03-20T20:15:00Z
bar-0011-20250320,1,inst_syn_0011,2025-03-20T13:30:00Z,2025-03-20T20:00:00Z,211.19,212.07,208.78,209.10,6171943,RAW,true,2025-03-20T20:15:00Z
bar-0012-20250320,1,inst_syn_0012,2025-03-20T13:30:00Z,2025-03-20T20:00:00Z,57.43,57.50,56.51,56.70,3140442,RAW,true,2025-03-20T20:15:00Z
bar-0001-20250321,1,inst_syn_0001,2025-03-21T13:30:00Z,2025-03-21T20:00:00Z,34.58,35.05,33.28,33.48,2044873,RAW,true,2025-03-21T20:15:00Z
bar-0002-20250321,1,inst_syn_0002,2025-03-21T13:30:00Z,2025-03-21T20:00:00Z,71.53,72.47,70.12,70.39,548230,RAW,true,2025-03-21T20:15:00Z
bar-0003-20250321,1,inst_syn_0003,2025-03-21T13:30:00Z,2025-03-21T20:00:00Z,33.61,33.81,32.19,32.59,4283886,RAW,true,2025-03-21T20:15:00Z
bar-0004-20250321,1,inst_syn_0004,2025-03-21T13:30:00Z,2025-03-21T20:00:00Z,46.33,47.00,46.30,46.51,2283360,RAW,true,2025-03-21T20:15:00Z
bar-0005-20250321,1,inst_syn_0005,2025-03-21T13:30:00Z,2025-03-21T20:00:00Z,72.18,73.25,70.29,70.93,1098874,RAW,true,2025-03-21T20:15:00Z
bar-0006-20250321,1,inst_syn_0006,2025-03-21T13:30:00Z,2025-03-21T20:00:00Z,118.16,118.96,108.48,111.00,1098454,RAW,true,2025-03-21T20:15:00Z
bar-0007-20250321,1,inst_syn_0007,2025-03-21T13:30:00Z,2025-03-21T20:00:00Z,14.75,15.03,13.91,14.43,5079159,RAW,true,2025-03-21T20:15:00Z
bar-0008-20250321,1,inst_syn_0008,2025-03-21T13:30:00Z,2025-03-21T20:00:00Z,60.75,61.14,58.03,59.43,580796,RAW,true,2025-03-21T20:15:00Z
bar-0009-20250321,1,inst_syn_0009,2025-03-21T13:30:00Z,2025-03-21T20:00:00Z,17.61,18.48,16.73,17.75,3216751,RAW,true,2025-03-21T20:15:00Z
bar-0010-20250321,1,inst_syn_0010,2025-03-21T13:30:00Z,2025-03-21T20:00:00Z,11.12,11.18,10.55,10.62,5326065,RAW,true,2025-03-21T20:15:00Z
bar-0011-20250321,1,inst_syn_0011,2025-03-21T13:30:00Z,2025-03-21T20:00:00Z,210.20,210.53,201.24,203.62,8059327,RAW,true,2025-03-21T20:15:00Z
bar-0012-20250321,1,inst_syn_0012,2025-03-21T13:30:00Z,2025-03-21T20:00:00Z,56.87,57.10,55.23,55.45,4247449,RAW,true,2025-03-21T20:15:00Z
bar-0001-20250324,1,inst_syn_0001,2025-03-24T13:30:00Z,2025-03-24T20:00:00Z,33.09,33.24,32.16,32.20,1301505,RAW,true,2025-03-24T20:15:00Z
bar-0002-20250324,1,inst_syn_0002,2025-03-24T13:30:00Z,2025-03-24T20:00:00Z,70.63,71.60,70.12,70.93,369101,RAW,true,2025-03-24T20:15:00Z
bar-0003-20250324,1,inst_syn_0003,2025-03-24T13:30:00Z,2025-03-24T20:00:00Z,32.66,33.01,30.42,31.13,5657648,RAW,true,2025-03-24T20:15:00Z
bar-0004-20250324,1,inst_syn_0004,2025-03-24T13:30:00Z,2025-03-24T20:00:00Z,46.54,47.41,44.50,44.56,1746566,RAW,true,2025-03-24T20:15:00Z
bar-0005-20250324,1,inst_syn_0005,2025-03-24T13:30:00Z,2025-03-24T20:00:00Z,70.48,70.68,69.13,69.50,1331985,RAW,true,2025-03-24T20:15:00Z
bar-0006-20250324,1,inst_syn_0006,2025-03-24T13:30:00Z,2025-03-24T20:00:00Z,112.78,113.49,105.15,105.58,1200403,RAW,true,2025-03-24T20:15:00Z
bar-0007-20250324,1,inst_syn_0007,2025-03-24T13:30:00Z,2025-03-24T20:00:00Z,14.44,14.53,13.40,13.49,4843786,RAW,true,2025-03-24T20:15:00Z
bar-0008-20250324,1,inst_syn_0008,2025-03-24T13:30:00Z,2025-03-24T20:00:00Z,58.53,59.07,57.48,57.69,743453,RAW,true,2025-03-24T20:15:00Z
bar-0009-20250324,1,inst_syn_0009,2025-03-24T13:30:00Z,2025-03-24T20:00:00Z,17.49,17.86,16.55,16.85,3845711,RAW,true,2025-03-24T20:15:00Z
bar-0010-20250324,1,inst_syn_0010,2025-03-24T13:30:00Z,2025-03-24T20:00:00Z,10.36,10.45,9.67,9.71,7283436,RAW,true,2025-03-24T20:15:00Z
bar-0011-20250324,1,inst_syn_0011,2025-03-24T13:30:00Z,2025-03-24T20:00:00Z,202.96,203.41,197.59,198.23,7290710,RAW,true,2025-03-24T20:15:00Z
bar-0012-20250324,1,inst_syn_0012,2025-03-24T13:30:00Z,2025-03-24T20:00:00Z,54.85,55.33,52.51,53.33,2691112,RAW,true,2025-03-24T20:15:00Z
bar-0001-20250325,1,inst_syn_0001,2025-03-25T13:30:00Z,2025-03-25T20:00:00Z,32.16,32.46,31.84,32.41,1874551,RAW,true,2025-03-25T20:15:00Z
bar-0002-20250325,1,inst_syn_0002,2025-03-25T13:30:00Z,2025-03-25T20:00:00Z,71.06,71.27,70.49,71.00,653202,RAW,true,2025-03-25T20:15:00Z
bar-0003-20250325,1,inst_syn_0003,2025-03-25T13:30:00Z,2025-03-25T20:00:00Z,31.16,31.22,29.90,30.86,4061648,RAW,true,2025-03-25T20:15:00Z
bar-0004-20250325,1,inst_syn_0004,2025-03-25T13:30:00Z,2025-03-25T20:00:00Z,45.34,46.94,44.44,46.41,2043017,RAW,true,2025-03-25T20:15:00Z
bar-0005-20250325,1,inst_syn_0005,2025-03-25T13:30:00Z,2025-03-25T20:00:00Z,70.34,70.70,68.00,68.83,678504,RAW,true,2025-03-25T20:15:00Z
bar-0006-20250325,1,inst_syn_0006,2025-03-25T13:30:00Z,2025-03-25T20:00:00Z,105.80,105.83,104.82,104.83,1128536,RAW,true,2025-03-25T20:15:00Z
bar-0007-20250325,1,inst_syn_0007,2025-03-25T13:30:00Z,2025-03-25T20:00:00Z,13.25,13.97,13.00,13.96,5617676,RAW,true,2025-03-25T20:15:00Z
bar-0008-20250325,1,inst_syn_0008,2025-03-25T13:30:00Z,2025-03-25T20:00:00Z,57.47,60.01,56.77,59.57,943643,RAW,true,2025-03-25T20:15:00Z
bar-0009-20250325,1,inst_syn_0009,2025-03-25T13:30:00Z,2025-03-25T20:00:00Z,17.59,18.15,17.31,17.96,3287076,RAW,true,2025-03-25T20:15:00Z
bar-0010-20250325,1,inst_syn_0010,2025-03-25T13:30:00Z,2025-03-25T20:00:00Z,9.58,9.82,9.46,9.51,5677783,RAW,true,2025-03-25T20:15:00Z
bar-0011-20250325,1,inst_syn_0011,2025-03-25T13:30:00Z,2025-03-25T20:00:00Z,199.20,199.93,198.21,199.32,7820432,RAW,true,2025-03-25T20:15:00Z
bar-0012-20250325,1,inst_syn_0012,2025-03-25T13:30:00Z,2025-03-25T20:00:00Z,52.71,53.87,52.04,53.76,4069394,RAW,true,2025-03-25T20:15:00Z
bar-0001-20250326,1,inst_syn_0001,2025-03-26T13:30:00Z,2025-03-26T20:00:00Z,32.31,32.31,31.86,32.23,1286393,RAW,true,2025-03-26T20:15:00Z
bar-0002-20250326,1,inst_syn_0002,2025-03-26T13:30:00Z,2025-03-26T20:00:00Z,71.53,72.80,70.34,72.06,1011794,RAW,true,2025-03-26T20:15:00Z
bar-0003-20250326,1,inst_syn_0003,2025-03-26T13:30:00Z,2025-03-26T20:00:00Z,31.62,31.67,31.49,31.59,3442155,RAW,true,2025-03-26T20:15:00Z
bar-0004-20250326,1,inst_syn_0004,2025-03-26T13:30:00Z,2025-03-26T20:00:00Z,46.06,47.67,45.56,46.79,1968042,RAW,true,2025-03-26T20:15:00Z
bar-0005-20250326,1,inst_syn_0005,2025-03-26T13:30:00Z,2025-03-26T20:00:00Z,69.05,69.17,66.58,68.04,1457610,RAW,true,2025-03-26T20:15:00Z
bar-0006-20250326,1,inst_syn_0006,2025-03-26T13:30:00Z,2025-03-26T20:00:00Z,106.98,108.75,105.18,106.46,1118975,RAW,true,2025-03-26T20:15:00Z
bar-0007-20250326,1,inst_syn_0007,2025-03-26T13:30:00Z,2025-03-26T20:00:00Z,14.16,14.70,14.08,14.27,5290924,RAW,true,2025-03-26T20:15:00Z
bar-0008-20250326,1,inst_syn_0008,2025-03-26T13:30:00Z,2025-03-26T20:00:00Z,59.89,59.94,58.42,59.41,540773,RAW,true,2025-03-26T20:15:00Z
bar-0009-20250326,1,inst_syn_0009,2025-03-26T13:30:00Z,2025-03-26T20:00:00Z,18.08,18.25,17.30,17.92,2423324,RAW,true,2025-03-26T20:15:00Z
bar-0010-20250326,1,inst_syn_0010,2025-03-26T13:30:00Z,2025-03-26T20:00:00Z,9.60,9.71,8.72,9.05,3971329,RAW,true,2025-03-26T20:15:00Z
bar-0011-20250326,1,inst_syn_0011,2025-03-26T13:30:00Z,2025-03-26T20:00:00Z,200.04,201.18,198.07,200.32,9296686,RAW,true,2025-03-26T20:15:00Z
bar-0012-20250326,1,inst_syn_0012,2025-03-26T13:30:00Z,2025-03-26T20:00:00Z,54.02,54.41,53.62,53.73,3004508,RAW,true,2025-03-26T20:15:00Z
bar-0001-20250327,1,inst_syn_0001,2025-03-27T13:30:00Z,2025-03-27T20:00:00Z,32.03,32.36,31.32,31.34,1385776,RAW,true,2025-03-27T20:15:00Z
bar-0002-20250327,1,inst_syn_0002,2025-03-27T13:30:00Z,2025-03-27T20:00:00Z,71.12,71.32,70.14,70.36,511251,RAW,true,2025-03-27T20:15:00Z
bar-0003-20250327,1,inst_syn_0003,2025-03-27T13:30:00Z,2025-03-27T20:00:00Z,31.17,31.98,29.05,29.37,4185722,RAW,true,2025-03-27T20:15:00Z
bar-0004-20250327,1,inst_syn_0004,2025-03-27T13:30:00Z,2025-03-27T20:00:00Z,47.00,47.98,44.09,44.70,2376351,RAW,true,2025-03-27T20:15:00Z
bar-0005-20250327,1,inst_syn_0005,2025-03-27T13:30:00Z,2025-03-27T20:00:00Z,69.78,70.93,65.08,66.29,986125,RAW,true,2025-03-27T20:15:00Z
bar-0006-20250327,1,inst_syn_0006,2025-03-27T13:30:00Z,2025-03-27T20:00:00Z,106.90,110.27,103.23,104.29,642410,RAW,true,2025-03-27T20:15:00Z
bar-0007-20250327,1,inst_syn_0007,2025-03-27T13:30:00Z,2025-03-27T20:00:00Z,14.04,14.53,13.65,14.10,3996767,RAW,true,2025-03-27T20:15:00Z
bar-0008-20250327,1,inst_syn_0008,2025-03-27T13:30:00Z,2025-03-27T20:00:00Z,59.62,61.62,56.96,58.40,749141,RAW,true,2025-03-27T20:15:00Z
bar-0009-20250327,1,inst_syn_0009,2025-03-27T13:30:00Z,2025-03-27T20:00:00Z,18.00,18.80,17.43,17.58,2172045,RAW,true,2025-03-27T20:15:00Z
bar-0010-20250327,1,inst_syn_0010,2025-03-27T13:30:00Z,2025-03-27T20:00:00Z,9.25,9.61,8.65,8.78,3174443,RAW,true,2025-03-27T20:15:00Z
bar-0011-20250327,1,inst_syn_0011,2025-03-27T13:30:00Z,2025-03-27T20:00:00Z,199.00,199.69,195.48,197.62,8779881,RAW,true,2025-03-27T20:15:00Z
bar-0012-20250327,1,inst_syn_0012,2025-03-27T13:30:00Z,2025-03-27T20:00:00Z,53.36,53.77,52.21,52.53,3622895,RAW,true,2025-03-27T20:15:00Z
bar-0001-20250328,1,inst_syn_0001,2025-03-28T13:30:00Z,2025-03-28T20:00:00Z,31.63,32.48,31.16,32.07,1588518,RAW,true,2025-03-28T20:15:00Z
bar-0002-20250328,1,inst_syn_0002,2025-03-28T13:30:00Z,2025-03-28T20:00:00Z,70.32,71.18,69.58,69.59,528347,RAW,true,2025-03-28T20:15:00Z
bar-0003-20250328,1,inst_syn_0003,2025-03-28T13:30:00Z,2025-03-28T20:00:00Z,29.63,30.00,29.36,29.65,4070146,RAW,true,2025-03-28T20:15:00Z
bar-0004-20250328,1,inst_syn_0004,2025-03-28T13:30:00Z,2025-03-28T20:00:00Z,44.32,46.02,44.07,45.63,1751715,RAW,true,2025-03-28T20:15:00Z
bar-0005-20250328,1,inst_syn_0005,2025-03-28T13:30:00Z,2025-03-28T20:00:00Z,67.17,69.08,66.40,67.94,841456,RAW,true,2025-03-28T20:15:00Z
bar-0006-20250328,1,inst_syn_0006,2025-03-28T13:30:00Z,2025-03-28T20:00:00Z,105.66,105.67,102.67,102.75,983343,RAW,true,2025-03-28T20:15:00Z
bar-0007-20250328,1,inst_syn_0007,2025-03-28T13:30:00Z,2025-03-28T20:00:00Z,13.93,14.84,13.66,14.57,4808814,RAW,true,2025-03-28T20:15:00Z
bar-0008-20250328,1,inst_syn_0008,2025-03-28T13:30:00Z,2025-03-28T20:00:00Z,57.89,58.64,56.15,57.52,1110925,RAW,true,2025-03-28T20:15:00Z
bar-0009-20250328,1,inst_syn_0009,2025-03-28T13:30:00Z,2025-03-28T20:00:00Z,17.78,18.02,17.07,17.32,2683890,RAW,true,2025-03-28T20:15:00Z
bar-0010-20250328,1,inst_syn_0010,2025-03-28T13:30:00Z,2025-03-28T20:00:00Z,8.80,9.08,8.78,8.94,4170876,RAW,true,2025-03-28T20:15:00Z
bar-0011-20250328,1,inst_syn_0011,2025-03-28T13:30:00Z,2025-03-28T20:00:00Z,198.28,198.47,197.71,198.16,6201461,RAW,true,2025-03-28T20:15:00Z
bar-0012-20250328,1,inst_syn_0012,2025-03-28T13:30:00Z,2025-03-28T20:00:00Z,52.47,52.89,52.22,52.82,1464218,RAW,true,2025-03-28T20:15:00Z
bar-0001-20250331,1,inst_syn_0001,2025-03-31T13:30:00Z,2025-03-31T20:00:00Z,32.02,34.05,31.70,33.06,1070240,RAW,true,2025-03-31T20:15:00Z
bar-0002-20250331,1,inst_syn_0002,2025-03-31T13:30:00Z,2025-03-31T20:00:00Z,69.69,70.41,69.07,70.20,849602,RAW,true,2025-03-31T20:15:00Z
bar-0003-20250331,1,inst_syn_0003,2025-03-31T13:30:00Z,2025-03-31T20:00:00Z,29.51,29.54,28.25,28.76,5025365,RAW,true,2025-03-31T20:15:00Z
bar-0004-20250331,1,inst_syn_0004,2025-03-31T13:30:00Z,2025-03-31T20:00:00Z,44.70,46.18,44.00,45.97,1886047,RAW,true,2025-03-31T20:15:00Z
bar-0005-20250331,1,inst_syn_0005,2025-03-31T13:30:00Z,2025-03-31T20:00:00Z,67.81,68.87,65.23,65.77,667592,RAW,true,2025-03-31T20:15:00Z
bar-0006-20250331,1,inst_syn_0006,2025-03-31T13:30:00Z,2025-03-31T20:00:00Z,104.30,107.04,103.27,103.80,953787,RAW,true,2025-03-31T20:15:00Z
bar-0007-20250331,1,inst_syn_0007,2025-03-31T13:30:00Z,2025-03-31T20:00:00Z,14.64,14.79,14.06,14.42,6253603,RAW,true,2025-03-31T20:15:00Z
bar-0008-20250331,1,inst_syn_0008,2025-03-31T13:30:00Z,2025-03-31T20:00:00Z,58.28,59.44,57.06,58.61,966416,RAW,true,2025-03-31T20:15:00Z
bar-0009-20250331,1,inst_syn_0009,2025-03-31T13:30:00Z,2025-03-31T20:00:00Z,17.04,18.49,16.91,17.85,3050925,RAW,true,2025-03-31T20:15:00Z
bar-0010-20250331,1,inst_syn_0010,2025-03-31T13:30:00Z,2025-03-31T20:00:00Z,9.00,9.04,8.32,8.45,5153876,RAW,true,2025-03-31T20:15:00Z
bar-0011-20250331,1,inst_syn_0011,2025-03-31T13:30:00Z,2025-03-31T20:00:00Z,200.41,201.23,195.83,196.28,10829432,RAW,true,2025-03-31T20:15:00Z
bar-0012-20250331,1,inst_syn_0012,2025-03-31T13:30:00Z,2025-03-31T20:00:00Z,53.02,53.18,52.26,52.51,1764642,RAW,true,2025-03-31T20:15:00Z
bar-0001-20250401,1,inst_syn_0001,2025-04-01T13:30:00Z,2025-04-01T20:00:00Z,33.36,33.50,32.50,32.58,1524761,RAW,true,2025-04-01T20:15:00Z
bar-0002-20250401,1,inst_syn_0002,2025-04-01T13:30:00Z,2025-04-01T20:00:00Z,69.85,72.00,69.38,71.45,1082171,RAW,true,2025-04-01T20:15:00Z
bar-0003-20250401,1,inst_syn_0003,2025-04-01T13:30:00Z,2025-04-01T20:00:00Z,27.77,29.88,27.43,29.53,3977790,RAW,true,2025-04-01T20:15:00Z
bar-0004-20250401,1,inst_syn_0004,2025-04-01T13:30:00Z,2025-04-01T20:00:00Z,46.03,46.76,44.56,45.70,1769020,RAW,true,2025-04-01T20:15:00Z
bar-0005-20250401,1,inst_syn_0005,2025-04-01T13:30:00Z,2025-04-01T20:00:00Z,65.75,66.48,65.58,66.44,1636893,RAW,true,2025-04-01T20:15:00Z
bar-0006-20250401,1,inst_syn_0006,2025-04-01T13:30:00Z,2025-04-01T20:00:00Z,102.65,102.67,99.52,99.86,866445,RAW,true,2025-04-01T20:15:00Z
bar-0007-20250401,1,inst_syn_0007,2025-04-01T13:30:00Z,2025-04-01T20:00:00Z,14.46,14.67,14.22,14.39,6066668,RAW,true,2025-04-01T20:15:00Z
bar-0008-20250401,1,inst_syn_0008,2025-04-01T13:30:00Z,2025-04-01T20:00:00Z,57.88,58.52,56.88,58.47,700001,RAW,true,2025-04-01T20:15:00Z
bar-0009-20250401,1,inst_syn_0009,2025-04-01T13:30:00Z,2025-04-01T20:00:00Z,18.29,18.73,16.73,16.94,4540271,RAW,true,2025-04-01T20:15:00Z
bar-0010-20250401,1,inst_syn_0010,2025-04-01T13:30:00Z,2025-04-01T20:00:00Z,8.68,8.78,8.46,8.62,2214623,RAW,true,2025-04-01T20:15:00Z
bar-0011-20250401,1,inst_syn_0011,2025-04-01T13:30:00Z,2025-04-01T20:00:00Z,197.01,197.14,193.71,194.95,13137487,RAW,true,2025-04-01T20:15:00Z
bar-0012-20250401,1,inst_syn_0012,2025-04-01T13:30:00Z,2025-04-01T20:00:00Z,51.42,52.48,51.07,52.40,1546972,RAW,true,2025-04-01T20:15:00Z
bar-0001-20250402,1,inst_syn_0001,2025-04-02T13:30:00Z,2025-04-02T20:00:00Z,32.82,32.95,31.59,31.70,1584259,RAW,true,2025-04-02T20:15:00Z
bar-0002-20250402,1,inst_syn_0002,2025-04-02T13:30:00Z,2025-04-02T20:00:00Z,71.89,73.74,71.69,73.61,686313,RAW,true,2025-04-02T20:15:00Z
bar-0003-20250402,1,inst_syn_0003,2025-04-02T13:30:00Z,2025-04-02T20:00:00Z,29.76,29.80,28.87,28.99,3253750,RAW,true,2025-04-02T20:15:00Z
bar-0004-20250402,1,inst_syn_0004,2025-04-02T13:30:00Z,2025-04-02T20:00:00Z,46.40,48.23,46.04,46.85,1415862,RAW,true,2025-04-02T20:15:00Z
bar-0005-20250402,1,inst_syn_0005,2025-04-02T13:30:00Z,2025-04-02T20:00:00Z,67.06,68.22,65.43,67.35,763257,RAW,true,2025-04-02T20:15:00Z
bar-0006-20250402,1,inst_syn_0006,2025-04-02T13:30:00Z,2025-04-02T20:00:00Z,99.83,103.56,98.58,103.13,1414023,RAW,true,2025-04-02T20:15:00Z
bar-0007-20250402,1,inst_syn_0007,2025-04-02T13:30:00Z,2025-04-02T20:00:00Z,14.26,14.50,14.25,14.48,4754551,RAW,true,2025-04-02T20:15:00Z
bar-0008-20250402,1,inst_syn_0008,2025-04-02T13:30:00Z,2025-04-02T20:00:00Z,58.47,59.39,58.41,59.02,964727,RAW,true,2025-04-02T20:15:00Z
bar-0009-20250402,1,inst_syn_0009,2025-04-02T13:30:00Z,2025-04-02T20:00:00Z,16.81,17.27,16.32,17.21,3387085,RAW,true,2025-04-02T20:15:00Z
bar-0010-20250402,1,inst_syn_0010,2025-04-02T13:30:00Z,2025-04-02T20:00:00Z,8.63,8.70,8.36,8.51,3838940,RAW,true,2025-04-02T20:15:00Z
bar-0011-20250402,1,inst_syn_0011,2025-04-02T13:30:00Z,2025-04-02T20:00:00Z,195.67,195.69,192.96,194.37,8821109,RAW,true,2025-04-02T20:15:00Z
bar-0012-20250402,1,inst_syn_0012,2025-04-02T13:30:00Z,2025-04-02T20:00:00Z,51.88,52.94,51.80,52.48,3008642,RAW,true,2025-04-02T20:15:00Z
bar-0001-20250403,1,inst_syn_0001,2025-04-03T13:30:00Z,2025-04-03T20:00:00Z,32.48,32.89,31.32,31.48,1614677,RAW,true,2025-04-03T20:15:00Z
bar-0002-20250403,1,inst_syn_0002,2025-04-03T13:30:00Z,2025-04-03T20:00:00Z,73.67,75.04,73.39,73.89,321607,RAW,true,2025-04-03T20:15:00Z
bar-0003-20250403,1,inst_syn_0003,2025-04-03T13:30:00Z,2025-04-03T20:00:00Z,28.40,30.19,28.30,29.94,4248082,RAW,true,2025-04-03T20:15:00Z
bar-0004-20250403,1,inst_syn_0004,2025-04-03T13:30:00Z,2025-04-03T20:00:00Z,46.02,47.85,45.47,47.76,2316360,RAW,true,2025-04-03T20:15:00Z
bar-0005-20250403,1,inst_syn_0005,2025-04-03T13:30:00Z,2025-04-03T20:00:00Z,66.81,69.15,65.70,68.34,1072302,RAW,true,2025-04-03T20:15:00Z
bar-0006-20250403,1,inst_syn_0006,2025-04-03T13:30:00Z,2025-04-03T20:00:00Z,104.35,105.39,102.84,104.90,1157216,RAW,true,2025-04-03T20:15:00Z
bar-0007-20250403,1,inst_syn_0007,2025-04-03T13:30:00Z,2025-04-03T20:00:00Z,14.24,14.92,13.81,14.46,4472329,RAW,true,2025-04-03T20:15:00Z
bar-0008-20250403,1,inst_syn_0008,2025-04-03T13:30:00Z,2025-04-03T20:00:00Z,59.02,59.35,58.86,59.07,487843,RAW,true,2025-04-03T20:15:00Z
bar-0009-20250403,1,inst_syn_0009,2025-04-03T13:30:00Z,2025-04-03T20:00:00Z,16.98,18.05,16.62,17.44,2069411,RAW,true,2025-04-03T20:15:00Z
bar-0010-20250403,1,inst_syn_0010,2025-04-03T13:30:00Z,2025-04-03T20:00:00Z,8.31,8.36,8.04,8.33,5514991,RAW,true,2025-04-03T20:15:00Z
bar-0011-20250403,1,inst_syn_0011,2025-04-03T13:30:00Z,2025-04-03T20:00:00Z,194.02,197.87,193.33,196.18,9100740,RAW,true,2025-04-03T20:15:00Z
bar-0012-20250403,1,inst_syn_0012,2025-04-03T13:30:00Z,2025-04-03T20:00:00Z,52.68,53.28,52.53,53.01,1797574,RAW,true,2025-04-03T20:15:00Z
bar-0001-20250404,1,inst_syn_0001,2025-04-04T13:30:00Z,2025-04-04T20:00:00Z,31.08,31.35,30.31,30.59,1877840,RAW,true,2025-04-04T20:15:00Z
bar-0002-20250404,1,inst_syn_0002,2025-04-04T13:30:00Z,2025-04-04T20:00:00Z,73.63,73.66,72.73,72.88,746342,RAW,true,2025-04-04T20:15:00Z
bar-0003-20250404,1,inst_syn_0003,2025-04-04T13:30:00Z,2025-04-04T20:00:00Z,30.19,30.30,27.87,28.95,5265083,RAW,true,2025-04-04T20:15:00Z
bar-0004-20250404,1,inst_syn_0004,2025-04-04T13:30:00Z,2025-04-04T20:00:00Z,47.34,47.92,46.90,47.26,2446112,RAW,true,2025-04-04T20:15:00Z
bar-0005-20250404,1,inst_syn_0005,2025-04-04T13:30:00Z,2025-04-04T20:00:00Z,69.54,69.67,64.56,65.87,1387868,RAW,true,2025-04-04T20:15:00Z
bar-0006-20250404,1,inst_syn_0006,2025-04-04T13:30:00Z,2025-04-04T20:00:00Z,105.16,106.10,99.47,101.15,1208561,RAW,true,2025-04-04T20:15:00Z
bar-0007-20250404,1,inst_syn_0007,2025-04-04T13:30:00Z,2025-04-04T20:00:00Z,14.10,14.71,13.96,14.44,6106257,RAW,true,2025-04-04T20:15:00Z
bar-0008-20250404,1,inst_syn_0008,2025-04-04T13:30:00Z,2025-04-04T20:00:00Z,59.81,60.47,57.53,58.01,958294,RAW,true,2025-04-04T20:15:00Z
bar-0009-20250404,1,inst_syn_0009,2025-04-04T13:30:00Z,2025-04-04T20:00:00Z,17.89,17.93,16.79,16.89,3316366,RAW,true,2025-04-04T20:15:00Z
bar-0010-20250404,1,inst_syn_0010,2025-04-04T13:30:00Z,2025-04-04T20:00:00Z,8.36,8.73,7.64,7.77,6046925,RAW,true,2025-04-04T20:15:00Z
bar-0011-20250404,1,inst_syn_0011,2025-04-04T13:30:00Z,2025-04-04T20:00:00Z,196.21,198.12,189.99,191.74,6891730,RAW,true,2025-04-04T20:15:00Z
bar-0012-20250404,1,inst_syn_0012,2025-04-04T13:30:00Z,2025-04-04T20:00:00Z,52.88,53.47,50.91,51.33,3171291,RAW,true,2025-04-04T20:15:00Z
bar-0001-20250407,1,inst_syn_0001,2025-04-07T13:30:00Z,2025-04-07T20:00:00Z,30.86,31.46,29.96,30.03,1430983,RAW,true,2025-04-07T20:15:00Z
bar-0002-20250407,1,inst_syn_0002,2025-04-07T13:30:00Z,2025-04-07T20:00:00Z,72.64,74.77,72.38,73.63,619018,RAW,true,2025-04-07T20:15:00Z
bar-0003-20250407,1,inst_syn_0003,2025-04-07T13:30:00Z,2025-04-07T20:00:00Z,28.71,29.11,28.57,29.05,4115554,RAW,true,2025-04-07T20:15:00Z
bar-0004-20250407,1,inst_syn_0004,2025-04-07T13:30:00Z,2025-04-07T20:00:00Z,48.50,50.52,46.89,47.89,1719678,RAW,true,2025-04-07T20:15:00Z
bar-0005-20250407,1,inst_syn_0005,2025-04-07T13:30:00Z,2025-04-07T20:00:00Z,66.33,67.51,65.27,67.06,834937,RAW,true,2025-04-07T20:15:00Z
bar-0006-20250407,1,inst_syn_0006,2025-04-07T13:30:00Z,2025-04-07T20:00:00Z,100.29,101.91,97.94,101.54,1142637,RAW,true,2025-04-07T20:15:00Z
bar-0007-20250407,1,inst_syn_0007,2025-04-07T13:30:00Z,2025-04-07T20:00:00Z,14.52,15.16,14.04,14.90,5086142,RAW,true,2025-04-07T20:15:00Z
bar-0008-20250407,1,inst_syn_0008,2025-04-07T13:30:00Z,2025-04-07T20:00:00Z,59.00,59.28,56.93,57.25,560620,RAW,true,2025-04-07T20:15:00Z
bar-0009-20250407,1,inst_syn_0009,2025-04-07T13:30:00Z,2025-04-07T20:00:00Z,16.96,17.43,16.05,16.21,3021572,RAW,true,2025-04-07T20:15:00Z
bar-0010-20250407,1,inst_syn_0010,2025-04-07T13:30:00Z,2025-04-07T20:00:00Z,7.85,8.00,7.64,7.93,1995429,RAW,true,2025-04-07T20:15:00Z
bar-0011-20250407,1,inst_syn_0011,2025-04-07T13:30:00Z,2025-04-07T20:00:00Z,192.05,192.52,188.73,190.92,7623567,RAW,true,2025-04-07T20:15:00Z
bar-0012-20250407,1,inst_syn_0012,2025-04-07T13:30:00Z,2025-04-07T20:00:00Z,51.35,51.92,50.49,50.68,3072875,RAW,true,2025-04-07T20:15:00Z
bar-0001-20250408,1,inst_syn_0001,2025-04-08T13:30:00Z,2025-04-08T20:00:00Z,30.35,30.80,29.90,30.21,1015506,RAW,true,2025-04-08T20:15:00Z
bar-0002-20250408,1,inst_syn_0002,2025-04-08T13:30:00Z,2025-04-08T20:00:00Z,74.47,74.62,72.30,73.91,492506,RAW,true,2025-04-08T20:15:00Z
bar-0003-20250408,1,inst_syn_0003,2025-04-08T13:30:00Z,2025-04-08T20:00:00Z,29.61,29.76,27.19,27.72,3988993,RAW,true,2025-04-08T20:15:00Z
bar-0004-20250408,1,inst_syn_0004,2025-04-08T13:30:00Z,2025-04-08T20:00:00Z,47.86,48.73,46.19,46.31,2373717,RAW,true,2025-04-08T20:15:00Z
bar-0005-20250408,1,inst_syn_0005,2025-04-08T13:30:00Z,2025-04-08T20:00:00Z,67.06,67.58,65.14,65.98,1088209,RAW,true,2025-04-08T20:15:00Z
bar-0006-20250408,1,inst_syn_0006,2025-04-08T13:30:00Z,2025-04-08T20:00:00Z,100.28,102.52,100.17,102.30,1093876,RAW,true,2025-04-08T20:15:00Z
bar-0007-20250408,1,inst_syn_0007,2025-04-08T13:30:00Z,2025-04-08T20:00:00Z,14.55,14.58,14.17,14.36,5910289,RAW,true,2025-04-08T20:15:00Z
bar-0008-20250408,1,inst_syn_0008,2025-04-08T13:30:00Z,2025-04-08T20:00:00Z,56.81,58.58,56.70,57.95,769680,RAW,true,2025-04-08T20:15:00Z
bar-0009-20250408,1,inst_syn_0009,2025-04-08T13:30:00Z,2025-04-08T20:00:00Z,16.42,16.73,15.81,15.82,2581401,RAW,true,2025-04-08T20:15:00Z
bar-0010-20250408,1,inst_syn_0010,2025-04-08T13:30:00Z,2025-04-08T20:00:00Z,7.91,8.08,7.80,7.92,5522342,RAW,true,2025-04-08T20:15:00Z
bar-0011-20250408,1,inst_syn_0011,2025-04-08T13:30:00Z,2025-04-08T20:00:00Z,190.50,191.39,187.45,188.49,10387202,RAW,true,2025-04-08T20:15:00Z
bar-0012-20250408,1,inst_syn_0012,2025-04-08T13:30:00Z,2025-04-08T20:00:00Z,50.16,50.19,49.72,50.12,4055055,RAW,true,2025-04-08T20:15:00Z
bar-0001-20250409,1,inst_syn_0001,2025-04-09T13:30:00Z,2025-04-09T20:00:00Z,30.72,31.18,30.03,30.10,1473813,RAW,true,2025-04-09T20:15:00Z
bar-0002-20250409,1,inst_syn_0002,2025-04-09T13:30:00Z,2025-04-09T20:00:00Z,73.99,74.01,72.93,73.55,614099,RAW,true,2025-04-09T20:15:00Z
bar-0003-20250409,1,inst_syn_0003,2025-04-09T13:30:00Z,2025-04-09T20:00:00Z,28.20,29.06,27.19,27.38,4457625,RAW,true,2025-04-09T20:15:00Z
bar-0004-20250409,1,inst_syn_0004,2025-04-09T13:30:00Z,2025-04-09T20:00:00Z,45.65,45.86,44.32,45.70,1230845,RAW,true,2025-04-09T20:15:00Z
bar-0005-20250409,1,inst_syn_0005,2025-04-09T13:30:00Z,2025-04-09T20:00:00Z,66.58,66.64,63.61,64.52,885296,RAW,true,2025-04-09T20:15:00Z
bar-0006-20250409,1,inst_syn_0006,2025-04-09T13:30:00Z,2025-04-09T20:00:00Z,102.00,105.65,99.14,101.36,864956,RAW,true,2025-04-09T20:15:00Z
bar-0007-20250409,1,inst_syn_0007,2025-04-09T13:30:00Z,2025-04-09T20:00:00Z,14.13,14.35,14.05,14.11,5963837,RAW,true,2025-04-09T20:15:00Z
bar-0008-20250409,1,inst_syn_0008,2025-04-09T13:30:00Z,2025-04-09T20:00:00Z,58.11,58.12,57.46,57.58,586768,RAW,true,2025-04-09T20:15:00Z
bar-0009-20250409,1,inst_syn_0009,2025-04-09T13:30:00Z,2025-04-09T20:00:00Z,15.60,15.61,15.40,15.41,4448266,RAW,true,2025-04-09T20:15:00Z
bar-0010-20250409,1,inst_syn_0010,2025-04-09T13:30:00Z,2025-04-09T20:00:00Z,8.06,8.31,7.81,7.85,5222641,RAW,true,2025-04-09T20:15:00Z
bar-0011-20250409,1,inst_syn_0011,2025-04-09T13:30:00Z,2025-04-09T20:00:00Z,188.23,189.66,184.38,186.68,7584409,RAW,true,2025-04-09T20:15:00Z
bar-0012-20250409,1,inst_syn_0012,2025-04-09T13:30:00Z,2025-04-09T20:00:00Z,50.31,50.71,49.25,49.37,3743379,RAW,true,2025-04-09T20:15:00Z
bar-0001-20250410,1,inst_syn_0001,2025-04-10T13:30:00Z,2025-04-10T20:00:00Z,30.24,30.58,29.80,29.88,1508868,RAW,true,2025-04-10T20:15:00Z
bar-0002-20250410,1,inst_syn_0002,2025-04-10T13:30:00Z,2025-04-10T20:00:00Z,72.97,74.07,72.35,73.66,510731,RAW,true,2025-04-10T20:15:00Z
bar-0003-20250410,1,inst_syn_0003,2025-04-10T13:30:00Z,2025-04-10T20:00:00Z,27.40,29.04,26.49,28.61,5366489,RAW,true,2025-04-10T20:15:00Z
bar-0004-20250410,1,inst_syn_0004,2025-04-10T13:30:00Z,2025-04-10T20:00:00Z,45.23,45.64,44.84,45.33,2272740,RAW,true,2025-04-10T20:15:00Z
bar-0005-20250410,1,inst_syn_0005,2025-04-10T13:30:00Z,2025-04-10T20:00:00Z,64.76,65.22,64.68,65.16,758713,RAW,true,2025-04-10T20:15:00Z
bar-0006-20250410,1,inst_syn_0006,2025-04-10T13:30:00Z,2025-04-10T20:00:00Z,98.83,107.80,97.11,107.02,1073566,RAW,true,2025-04-10T20:15:00Z
bar-0007-20250410,1,inst_syn_0007,2025-04-10T13:30:00Z,2025-04-10T20:00:00Z,14.20,14.40,14.15,14.29,5411033,RAW,true,2025-04-10T20:15:00Z
bar-0008-20250410,1,inst_syn_0008,2025-04-10T13:30:00Z,2025-04-10T20:00:00Z,58.50,59.86,58.33,59.05,827470,RAW,true,2025-04-10T20:15:00Z
bar-0009-20250410,1,inst_syn_0009,2025-04-10T13:30:00Z,2025-04-10T20:00:00Z,15.22,15.36,14.91,15.27,2027689,RAW,true,2025-04-10T20:15:00Z
bar-0010-20250410,1,inst_syn_0010,2025-04-10T13:30:00Z,2025-04-10T20:00:00Z,7.77,8.26,7.66,8.13,5094990,RAW,true,2025-04-10T20:15:00Z
bar-0011-20250410,1,inst_syn_0011,2025-04-10T13:30:00Z,2025-04-10T20:00:00Z,187.64,190.44,187.37,189.30,9005719,RAW,true,2025-04-10T20:15:00Z
bar-0012-20250410,1,inst_syn_0012,2025-04-10T13:30:00Z,2025-04-10T20:00:00Z,49.13,50.14,48.75,49.99,4859041,RAW,true,2025-04-10T20:15:00Z
bar-0001-20250411,1,inst_syn_0001,2025-04-11T13:30:00Z,2025-04-11T20:00:00Z,29.88,30.12,29.63,30.11,1372067,RAW,true,2025-04-11T20:15:00Z
bar-0002-20250411,1,inst_syn_0002,2025-04-11T13:30:00Z,2025-04-11T20:00:00Z,73.35,77.21,72.92,77.06,767657,RAW,true,2025-04-11T20:15:00Z
bar-0003-20250411,1,inst_syn_0003,2025-04-11T13:30:00Z,2025-04-11T20:00:00Z,28.97,29.01,27.70,28.37,3032209,RAW,true,2025-04-11T20:15:00Z
bar-0004-20250411,1,inst_syn_0004,2025-04-11T13:30:00Z,2025-04-11T20:00:00Z,45.10,46.56,44.33,45.13,1239953,RAW,true,2025-04-11T20:15:00Z
bar-0005-20250411,1,inst_syn_0005,2025-04-11T13:30:00Z,2025-04-11T20:00:00Z,64.75,65.77,64.10,64.90,1175445,RAW,true,2025-04-11T20:15:00Z
bar-0006-20250411,1,inst_syn_0006,2025-04-11T13:30:00Z,2025-04-11T20:00:00Z,105.55,108.38,105.28,107.28,602596,RAW,true,2025-04-11T20:15:00Z
bar-0007-20250411,1,inst_syn_0007,2025-04-11T13:30:00Z,2025-04-11T20:00:00Z,14.42,14.46,14.23,14.40,6088097,RAW,true,2025-04-11T20:15:00Z
bar-0008-20250411,1,inst_syn_0008,2025-04-11T13:30:00Z,2025-04-11T20:00:00Z,59.76,61.56,59.60,60.47,846583,RAW,true,2025-04-11T20:15:00Z
bar-0009-20250411,1,inst_syn_0009,2025-04-11T13:30:00Z,2025-04-11T20:00:00Z,15.52,15.94,14.90,15.32,2833887,RAW,true,2025-04-11T20:15:00Z
bar-0010-20250411,1,inst_syn_0010,2025-04-11T13:30:00Z,2025-04-11T20:00:00Z,8.15,8.90,7.96,8.59,4494080,RAW,true,2025-04-11T20:15:00Z
bar-0011-20250411,1,inst_syn_0011,2025-04-11T13:30:00Z,2025-04-11T20:00:00Z,188.00,192.71,187.14,192.32,11069135,RAW,true,2025-04-11T20:15:00Z
bar-0012-20250411,1,inst_syn_0012,2025-04-11T13:30:00Z,2025-04-11T20:00:00Z,49.68,51.41,49.37,51.20,2899840,RAW,true,2025-04-11T20:15:00Z
bar-0001-20250414,1,inst_syn_0001,2025-04-14T13:30:00Z,2025-04-14T20:00:00Z,30.09,30.27,29.24,29.43,1322384,RAW,true,2025-04-14T20:15:00Z
bar-0002-20250414,1,inst_syn_0002,2025-04-14T13:30:00Z,2025-04-14T20:00:00Z,77.42,77.88,75.10,75.84,647311,RAW,true,2025-04-14T20:15:00Z
bar-0003-20250414,1,inst_syn_0003,2025-04-14T13:30:00Z,2025-04-14T20:00:00Z,28.33,28.58,27.17,27.61,3435820,RAW,true,2025-04-14T20:15:00Z
bar-0004-20250414,1,inst_syn_0004,2025-04-14T13:30:00Z,2025-04-14T20:00:00Z,44.64,44.87,43.92,44.82,1526902,RAW,true,2025-04-14T20:15:00Z
bar-0005-20250414,1,inst_syn_0005,2025-04-14T13:30:00Z,2025-04-14T20:00:00Z,64.16,64.32,61.72,63.00,1270296,RAW,true,2025-04-14T20:15:00Z
bar-0006-20250414,1,inst_syn_0006,2025-04-14T13:30:00Z,2025-04-14T20:00:00Z,106.41,109.14,106.28,108.74,889966,RAW,true,2025-04-14T20:15:00Z
bar-0007-20250414,1,inst_syn_0007,2025-04-14T13:30:00Z,2025-04-14T20:00:00Z,14.57,14.69,13.56,13.57,8492074,RAW,true,2025-04-14T20:15:00Z
bar-0008-20250414,1,inst_syn_0008,2025-04-14T13:30:00Z,2025-04-14T20:00:00Z,60.76,61.24,59.13,59.97,712971,RAW,true,2025-04-14T20:15:00Z
bar-0009-20250414,1,inst_syn_0009,2025-04-14T13:30:00Z,2025-04-14T20:00:00Z,15.25,15.69,15.07,15.26,3377388,RAW,true,2025-04-14T20:15:00Z
bar-0010-20250414,1,inst_syn_0010,2025-04-14T13:30:00Z,2025-04-14T20:00:00Z,8.72,8.89,8.54,8.88,2527301,RAW,true,2025-04-14T20:15:00Z
bar-0011-20250414,1,inst_syn_0011,2025-04-14T13:30:00Z,2025-04-14T20:00:00Z,193.66,195.63,189.16,189.45,8269547,RAW,true,2025-04-14T20:15:00Z
bar-0012-20250414,1,inst_syn_0012,2025-04-14T13:30:00Z,2025-04-14T20:00:00Z,50.91,51.00,50.29,50.41,3162157,RAW,true,2025-04-14T20:15:00Z
bar-0001-20250415,1,inst_syn_0001,2025-04-15T13:30:00Z,2025-04-15T20:00:00Z,29.85,29.98,29.17,29.47,1257271,RAW,true,2025-04-15T20:15:00Z
bar-0002-20250415,1,inst_syn_0002,2025-04-15T13:30:00Z,2025-04-15T20:00:00Z,76.27,76.67,76.11,76.53,1017267,RAW,true,2025-04-15T20:15:00Z
bar-0003-20250415,1,inst_syn_0003,2025-04-15T13:30:00Z,2025-04-15T20:00:00Z,27.81,28.83,27.67,28.50,6451826,RAW,true,2025-04-15T20:15:00Z
bar-0004-20250415,1,inst_syn_0004,2025-04-15T13:30:00Z,2025-04-15T20:00:00Z,44.66,48.69,44.60,47.68,1716690,RAW,true,2025-04-15T20:15:00Z
bar-0005-20250415,1,inst_syn_0005,2025-04-15T13:30:00Z,2025-04-15T20:00:00Z,63.51,64.54,62.86,63.10,961126,RAW,true,2025-04-15T20:15:00Z
bar-0006-20250415,1,inst_syn_0006,2025-04-15T13:30:00Z,2025-04-15T20:00:00Z,109.09,109.39,106.44,107.12,808047,RAW,true,2025-04-15T20:15:00Z
bar-0007-20250415,1,inst_syn_0007,2025-04-15T13:30:00Z,2025-04-15T20:00:00Z,13.48,14.59,13.14,13.94,5143284,RAW,true,2025-04-15T20:15:00Z
bar-0008-20250415,1,inst_syn_0008,2025-04-15T13:30:00Z,2025-04-15T20:00:00Z,60.45,60.83,57.94,58.91,714996,RAW,true,2025-04-15T20:15:00Z
bar-0009-20250415,1,inst_syn_0009,2025-04-15T13:30:00Z,2025-04-15T20:00:00Z,14.79,15.50,14.09,14.36,5275938,RAW,true,2025-04-15T20:15:00Z
bar-0010-20250415,1,inst_syn_0010,2025-04-15T13:30:00Z,2025-04-15T20:00:00Z,8.58,9.45,8.52,9.09,2199412,RAW,true,2025-04-15T20:15:00Z
bar-0011-20250415,1,inst_syn_0011,2025-04-15T13:30:00Z,2025-04-15T20:00:00Z,187.89,192.25,187.51,191.54,12587024,RAW,true,2025-04-15T20:15:00Z
bar-0012-20250415,1,inst_syn_0012,2025-04-15T13:30:00Z,2025-04-15T20:00:00Z,50.34,51.29,50.31,51.17,3753283,RAW,true,2025-04-15T20:15:00Z
bar-0001-20250416,1,inst_syn_0001,2025-04-16T13:30:00Z,2025-04-16T20:00:00Z,29.79,29.96,27.99,28.78,1621906,RAW,true,2025-04-16T20:15:00Z
bar-0002-20250416,1,inst_syn_0002,2025-04-16T13:30:00Z,2025-04-16T20:00:00Z,76.62,77.90,75.72,76.62,699728,RAW,true,2025-04-16T20:15:00Z
bar-0003-20250416,1,inst_syn_0003,2025-04-16T13:30:00Z,2025-04-16T20:00:00Z,28.50,28.94,26.71,27.56,3944374,RAW,true,2025-04-16T20:15:00Z
bar-0004-20250416,1,inst_syn_0004,2025-04-16T13:30:00Z,2025-04-16T20:00:00Z,47.43,47.87,46.20,46.82,1462201,RAW,true,2025-04-16T20:15:00Z
bar-0005-20250416,1,inst_syn_0005,2025-04-16T13:30:00Z,2025-04-16T20:00:00Z,63.47,64.21,59.89,60.97,1256306,RAW,true,2025-04-16T20:15:00Z
bar-0006-20250416,1,inst_syn_0006,2025-04-16T13:30:00Z,2025-04-16T20:00:00Z,107.29,108.82,103.44,105.24,1063558,RAW,true,2025-04-16T20:15:00Z
bar-0007-20250416,1,inst_syn_0007,2025-04-16T13:30:00Z,2025-04-16T20:00:00Z,13.97,14.59,13.85,14.26,4101608,RAW,true,2025-04-16T20:15:00Z
bar-0008-20250416,1,inst_syn_0008,2025-04-16T13:30:00Z,2025-04-16T20:00:00Z,59.16,60.73,58.53,60.41,782778,RAW,true,2025-04-16T20:15:00Z
bar-0009-20250416,1,inst_syn_0009,2025-04-16T13:30:00Z,2025-04-16T20:00:00Z,14.65,14.87,14.09,14.26,3232006,RAW,true,2025-04-16T20:15:00Z
bar-0010-20250416,1,inst_syn_0010,2025-04-16T13:30:00Z,2025-04-16T20:00:00Z,9.01,9.04,8.85,8.94,2687692,RAW,true,2025-04-16T20:15:00Z
bar-0011-20250416,1,inst_syn_0011,2025-04-16T13:30:00Z,2025-04-16T20:00:00Z,191.87,192.99,189.31,190.69,7252178,RAW,true,2025-04-16T20:15:00Z
bar-0012-20250416,1,inst_syn_0012,2025-04-16T13:30:00Z,2025-04-16T20:00:00Z,51.62,52.20,50.62,50.99,3592381,RAW,true,2025-04-16T20:15:00Z
bar-0001-20250417,1,inst_syn_0001,2025-04-17T13:30:00Z,2025-04-17T20:00:00Z,28.62,28.65,27.61,27.97,1087105,RAW,true,2025-04-17T20:15:00Z
bar-0002-20250417,1,inst_syn_0002,2025-04-17T13:30:00Z,2025-04-17T20:00:00Z,77.12,78.11,75.82,76.46,709381,RAW,true,2025-04-17T20:15:00Z
bar-0003-20250417,1,inst_syn_0003,2025-04-17T13:30:00Z,2025-04-17T20:00:00Z,27.53,28.05,27.24,27.45,3732107,RAW,true,2025-04-17T20:15:00Z
bar-0004-20250417,1,inst_syn_0004,2025-04-17T13:30:00Z,2025-04-17T20:00:00Z,45.87,48.07,45.35,47.36,1709107,RAW,true,2025-04-17T20:15:00Z
bar-0005-20250417,1,inst_syn_0005,2025-04-17T13:30:00Z,2025-04-17T20:00:00Z,61.05,61.17,60.95,61.15,942078,RAW,true,2025-04-17T20:15:00Z
bar-0006-20250417,1,inst_syn_0006,2025-04-17T13:30:00Z,2025-04-17T20:00:00Z,104.29,107.71,103.55,107.55,718271,RAW,true,2025-04-17T20:15:00Z
bar-0007-20250417,1,inst_syn_0007,2025-04-17T13:30:00Z,2025-04-17T20:00:00Z,14.23,15.20,14.15,14.49,5610108,RAW,true,2025-04-17T20:15:00Z
bar-0008-20250417,1,inst_syn_0008,2025-04-17T13:30:00Z,2025-04-17T20:00:00Z,60.43,61.50,59.36,60.75,1047995,RAW,true,2025-04-17T20:15:00Z
bar-0009-20250417,1,inst_syn_0009,2025-04-17T13:30:00Z,2025-04-17T20:00:00Z,14.38,14.98,14.13,14.53,3694357,RAW,true,2025-04-17T20:15:00Z
bar-0010-20250417,1,inst_syn_0010,2025-04-17T13:30:00Z,2025-04-17T20:00:00Z,8.92,9.12,8.55,8.59,2968022,RAW,true,2025-04-17T20:15:00Z
bar-0011-20250417,1,inst_syn_0011,2025-04-17T13:30:00Z,2025-04-17T20:00:00Z,189.83,190.87,188.91,190.57,6561093,RAW,true,2025-04-17T20:15:00Z
bar-0012-20250417,1,inst_syn_0012,2025-04-17T13:30:00Z,2025-04-17T20:00:00Z,50.38,52.08,50.26,51.40,3109413,RAW,true,2025-04-17T20:15:00Z
bar-0001-20250421,1,inst_syn_0001,2025-04-21T13:30:00Z,2025-04-21T20:00:00Z,27.46,27.73,26.66,27.08,1981592,RAW,true,2025-04-21T20:15:00Z
bar-0002-20250421,1,inst_syn_0002,2025-04-21T13:30:00Z,2025-04-21T20:00:00Z,76.52,77.87,75.63,76.30,957148,RAW,true,2025-04-21T20:15:00Z
bar-0003-20250421,1,inst_syn_0003,2025-04-21T13:30:00Z,2025-04-21T20:00:00Z,28.29,28.63,25.17,26.11,5191624,RAW,true,2025-04-21T20:15:00Z
bar-0004-20250421,1,inst_syn_0004,2025-04-21T13:30:00Z,2025-04-21T20:00:00Z,47.30,47.47,46.41,46.59,2079084,RAW,true,2025-04-21T20:15:00Z
bar-0005-20250421,1,inst_syn_0005,2025-04-21T13:30:00Z,2025-04-21T20:00:00Z,61.54,62.15,59.65,60.51,1628279,RAW,true,2025-04-21T20:15:00Z
bar-0006-20250421,1,inst_syn_0006,2025-04-21T13:30:00Z,2025-04-21T20:00:00Z,106.38,107.40,103.67,103.73,1201557,RAW,true,2025-04-21T20:15:00Z
bar-0007-20250421,1,inst_syn_0007,2025-04-21T13:30:00Z,2025-04-21T20:00:00Z,14.18,14.21,13.81,13.84,5580698,RAW,true,2025-04-21T20:15:00Z
bar-0008-20250421,1,inst_syn_0008,2025-04-21T13:30:00Z,2025-04-21T20:00:00Z,60.45,60.88,58.56,59.83,840479,RAW,true,2025-04-21T20:15:00Z
bar-0009-20250421,1,inst_syn_0009,2025-04-21T13:30:00Z,2025-04-21T20:00:00Z,14.92,15.26,13.66,13.71,3558468,RAW,true,2025-04-21T20:15:00Z
bar-0010-20250421,1,inst_syn_0010,2025-04-21T13:30:00Z,2025-04-21T20:00:00Z,8.47,8.71,8.36,8.61,5691368,RAW,true,2025-04-21T20:15:00Z
bar-0011-20250421,1,inst_syn_0011,2025-04-21T13:30:00Z,2025-04-21T20:00:00Z,191.41,191.91,186.07,186.27,6396900,RAW,true,2025-04-21T20:15:00Z
bar-0012-20250421,1,inst_syn_0012,2025-04-21T13:30:00Z,2025-04-21T20:00:00Z,52.01,52.39,49.01,49.56,4567216,RAW,true,2025-04-21T20:15:00Z
bar-0001-20250422,1,inst_syn_0001,2025-04-22T13:30:00Z,2025-04-22T20:00:00Z,26.71,27.26,26.47,27.20,787082,RAW,true,2025-04-22T20:15:00Z
bar-0002-20250422,1,inst_syn_0002,2025-04-22T13:30:00Z,2025-04-22T20:00:00Z,77.79,78.16,74.02,74.61,883181,RAW,true,2025-04-22T20:15:00Z
bar-0003-20250422,1,inst_syn_0003,2025-04-22T13:30:00Z,2025-04-22T20:00:00Z,25.83,26.49,25.50,26.44,4080590,RAW,true,2025-04-22T20:15:00Z
bar-0004-20250422,1,inst_syn_0004,2025-04-22T13:30:00Z,2025-04-22T20:00:00Z,47.00,47.11,46.18,46.87,1946367,RAW,true,2025-04-22T20:15:00Z
bar-0005-20250422,1,inst_syn_0005,2025-04-22T13:30:00Z,2025-04-22T20:00:00Z,60.01,61.12,59.30,60.68,649944,RAW,true,2025-04-22T20:15:00Z
bar-0006-20250422,1,inst_syn_0006,2025-04-22T13:30:00Z,2025-04-22T20:00:00Z,103.54,105.51,101.52,103.35,772133,RAW,true,2025-04-22T20:15:00Z
bar-0007-20250422,1,inst_syn_0007,2025-04-22T13:30:00Z,2025-04-22T20:00:00Z,13.42,13.84,13.12,13.51,5189037,RAW,true,2025-04-22T20:15:00Z
bar-0008-20250422,1,inst_syn_0008,2025-04-22T13:30:00Z,2025-04-22T20:00:00Z,59.77,59.97,59.28,59.52,615441,RAW,true,2025-04-22T20:15:00Z
bar-0009-20250422,1,inst_syn_0009,2025-04-22T13:30:00Z,2025-04-22T20:00:00Z,13.73,13.80,13.25,13.40,2476527,RAW,true,2025-04-22T20:15:00Z
bar-0010-20250422,1,inst_syn_0010,2025-04-22T13:30:00Z,2025-04-22T20:00:00Z,8.70,8.97,8.44,8.62,4840026,RAW,true,2025-04-22T20:15:00Z
bar-0011-20250422,1,inst_syn_0011,2025-04-22T13:30:00Z,2025-04-22T20:00:00Z,186.87,187.48,183.13,183.62,7919014,RAW,true,2025-04-22T20:15:00Z
bar-0012-20250422,1,inst_syn_0012,2025-04-22T13:30:00Z,2025-04-22T20:00:00Z,49.77,49.82,48.65,48.68,2616873,RAW,true,2025-04-22T20:15:00Z
bar-0001-20250423,1,inst_syn_0001,2025-04-23T13:30:00Z,2025-04-23T20:00:00Z,27.14,27.44,26.62,26.93,841494,RAW,true,2025-04-23T20:15:00Z
bar-0002-20250423,1,inst_syn_0002,2025-04-23T13:30:00Z,2025-04-23T20:00:00Z,74.66,74.73,72.90,73.62,720733,RAW,true,2025-04-23T20:15:00Z
bar-0003-20250423,1,inst_syn_0003,2025-04-23T13:30:00Z,2025-04-23T20:00:00Z,26.35,26.99,24.74,25.40,4195364,RAW,true,2025-04-23T20:15:00Z
bar-0004-20250423,1,inst_syn_0004,2025-04-23T13:30:00Z,2025-04-23T20:00:00Z,46.31,47.00,45.62,46.57,1738935,RAW,true,2025-04-23T20:15:00Z
bar-0005-20250423,1,inst_syn_0005,2025-04-23T13:30:00Z,2025-04-23T20:00:00Z,60.39,60.44,59.62,59.82,1132101,RAW,true,2025-04-23T20:15:00Z
bar-0006-20250423,1,inst_syn_0006,2025-04-23T13:30:00Z,2025-04-23T20:00:00Z,102.97,105.99,96.12,100.36,772533,RAW,true,2025-04-23T20:15:00Z
bar-0007-20250423,1,inst_syn_0007,2025-04-23T13:30:00Z,2025-04-23T20:00:00Z,13.70,13.92,13.55,13.68,4811739,RAW,true,2025-04-23T20:15:00Z
bar-0008-20250423,1,inst_syn_0008,2025-04-23T13:30:00Z,2025-04-23T20:00:00Z,59.05,59.23,57.95,59.07,900951,RAW,true,2025-04-23T20:15:00Z
bar-0009-20250423,1,inst_syn_0009,2025-04-23T13:30:00Z,2025-04-23T20:00:00Z,13.41,13.64,13.33,13.45,3118227,RAW,true,2025-04-23T20:15:00Z
bar-0010-20250423,1,inst_syn_0010,2025-04-23T13:30:00Z,2025-04-23T20:00:00Z,8.89,8.96,8.06,8.08,5349652,RAW,true,2025-04-23T20:15:00Z
bar-0011-20250423,1,inst_syn_0011,2025-04-23T13:30:00Z,2025-04-23T20:00:00Z,184.80,185.02,178.18,179.73,7756622,RAW,true,2025-04-23T20:15:00Z
bar-0012-20250423,1,inst_syn_0012,2025-04-23T13:30:00Z,2025-04-23T20:00:00Z,48.63,49.57,47.59,47.82,2082065,RAW,true,2025-04-23T20:15:00Z
bar-0001-20250424,1,inst_syn_0001,2025-04-24T13:30:00Z,2025-04-24T20:00:00Z,26.90,27.34,26.24,26.50,1408033,RAW,true,2025-04-24T20:15:00Z
bar-0002-20250424,1,inst_syn_0002,2025-04-24T13:30:00Z,2025-04-24T20:00:00Z,73.70,73.79,70.49,72.58,593187,RAW,true,2025-04-24T20:15:00Z
bar-0003-20250424,1,inst_syn_0003,2025-04-24T13:30:00Z,2025-04-24T20:00:00Z,25.06,26.39,24.41,26.33,3522062,RAW,true,2025-04-24T20:15:00Z
bar-0004-20250424,1,inst_syn_0004,2025-04-24T13:30:00Z,2025-04-24T20:00:00Z,46.73,47.30,44.22,45.50,2336289,RAW,true,2025-04-24T20:15:00Z
bar-0005-20250424,1,inst_syn_0005,2025-04-24T13:30:00Z,2025-04-24T20:00:00Z,60.08,60.20,57.90,58.35,1269000,RAW,true,2025-04-24T20:15:00Z
bar-0006-20250424,1,inst_syn_0006,2025-04-24T13:30:00Z,2025-04-24T20:00:00Z,101.67,102.06,100.53,100.62,842940,RAW,true,2025-04-24T20:15:00Z
bar-0007-20250424,1,inst_syn_0007,2025-04-24T13:30:00Z,2025-04-24T20:00:00Z,13.95,14.38,13.34,13.93,3133485,RAW,true,2025-04-24T20:15:00Z
bar-0008-20250424,1,inst_syn_0008,2025-04-24T13:30:00Z,2025-04-24T20:00:00Z,60.16,61.03,58.95,59.19,1017035,RAW,true,2025-04-24T20:15:00Z
bar-0009-20250424,1,inst_syn_0009,2025-04-24T13:30:00Z,2025-04-24T20:00:00Z,13.40,14.26,13.15,13.97,2057476,RAW,true,2025-04-24T20:15:00Z
bar-0010-20250424,1,inst_syn_0010,2025-04-24T13:30:00Z,2025-04-24T20:00:00Z,8.00,8.03,7.94,7.99,6053037,RAW,true,2025-04-24T20:15:00Z
bar-0011-20250424,1,inst_syn_0011,2025-04-24T13:30:00Z,2025-04-24T20:00:00Z,181.13,181.83,179.66,180.75,7606662,RAW,true,2025-04-24T20:15:00Z
bar-0012-20250424,1,inst_syn_0012,2025-04-24T13:30:00Z,2025-04-24T20:00:00Z,47.48,47.53,47.37,47.43,2982337,RAW,true,2025-04-24T20:15:00Z
bar-0001-20250425,1,inst_syn_0001,2025-04-25T13:30:00Z,2025-04-25T20:00:00Z,26.55,27.60,26.30,27.34,1181176,RAW,true,2025-04-25T20:15:00Z
bar-0002-20250425,1,inst_syn_0002,2025-04-25T13:30:00Z,2025-04-25T20:00:00Z,72.62,74.13,71.84,73.81,677523,RAW,true,2025-04-25T20:15:00Z
bar-0003-20250425,1,inst_syn_0003,2025-04-25T13:30:00Z,2025-04-25T20:00:00Z,26.38,27.34,25.92,26.84,2026444,RAW,true,2025-04-25T20:15:00Z
bar-0004-20250425,1,inst_syn_0004,2025-04-25T13:30:00Z,2025-04-25T20:00:00Z,45.67,46.83,45.35,46.62,1708613,RAW,true,2025-04-25T20:15:00Z
bar-0005-20250425,1,inst_syn_0005,2025-04-25T13:30:00Z,2025-04-25T20:00:00Z,58.28,59.18,57.41,58.23,775522,RAW,true,2025-04-25T20:15:00Z
bar-0006-20250425,1,inst_syn_0006,2025-04-25T13:30:00Z,2025-04-25T20:00:00Z,101.01,102.43,100.27,102.15,468864,RAW,true,2025-04-25T20:15:00Z
bar-0007-20250425,1,inst_syn_0007,2025-04-25T13:30:00Z,2025-04-25T20:00:00Z,14.24,14.42,13.72,13.84,3834085,RAW,true,2025-04-25T20:15:00Z
bar-0008-20250425,1,inst_syn_0008,2025-04-25T13:30:00Z,2025-04-25T20:00:00Z,58.52,60.42,58.03,60.18,871281,RAW,true,2025-04-25T20:15:00Z
bar-0009-20250425,1,inst_syn_0009,2025-04-25T13:30:00Z,2025-04-25T20:00:00Z,13.98,14.77,13.77,14.60,3221585,RAW,true,2025-04-25T20:15:00Z
bar-0010-20250425,1,inst_syn_0010,2025-04-25T13:30:00Z,2025-04-25T20:00:00Z,7.98,8.15,7.75,7.80,3521072,RAW,true,2025-04-25T20:15:00Z
bar-0011-20250425,1,inst_syn_0011,2025-04-25T13:30:00Z,2025-04-25T20:00:00Z,179.68,183.75,179.64,183.72,3607900,RAW,true,2025-04-25T20:15:00Z
bar-0012-20250425,1,inst_syn_0012,2025-04-25T13:30:00Z,2025-04-25T20:00:00Z,47.63,48.16,47.30,48.01,2159347,RAW,true,2025-04-25T20:15:00Z
bar-0001-20250428,1,inst_syn_0001,2025-04-28T13:30:00Z,2025-04-28T20:00:00Z,27.18,28.21,27.11,28.16,950306,RAW,true,2025-04-28T20:15:00Z
bar-0002-20250428,1,inst_syn_0002,2025-04-28T13:30:00Z,2025-04-28T20:00:00Z,74.30,74.78,73.51,73.89,193028,RAW,true,2025-04-28T20:15:00Z
bar-0003-20250428,1,inst_syn_0003,2025-04-28T13:30:00Z,2025-04-28T20:00:00Z,26.81,27.92,26.75,27.57,765791,RAW,true,2025-04-28T20:15:00Z
bar-0004-20250428,1,inst_syn_0004,2025-04-28T13:30:00Z,2025-04-28T20:00:00Z,46.06,48.16,45.62,47.96,1450001,RAW,true,2025-04-28T20:15:00Z
bar-0005-20250428,1,inst_syn_0005,2025-04-28T13:30:00Z,2025-04-28T20:00:00Z,57.98,59.22,57.60,59.05,759964,RAW,true,2025-04-28T20:15:00Z
bar-0006-20250428,1,inst_syn_0006,2025-04-28T13:30:00Z,2025-04-28T20:00:00Z,101.29,104.73,100.61,104.05,486614,RAW,true,2025-04-28T20:15:00Z
bar-0007-20250428,1,inst_syn_0007,2025-04-28T13:30:00Z,2025-04-28T20:00:00Z,13.84,14.83,13.78,14.50,3592432,RAW,true,2025-04-28T20:15:00Z
bar-0008-20250428,1,inst_syn_0008,2025-04-28T13:30:00Z,2025-04-28T20:00:00Z,59.99,60.71,59.74,60.63,603878,RAW,true,2025-04-28T20:15:00Z
bar-0010-20250428,1,inst_syn_0010,2025-04-28T13:30:00Z,2025-04-28T20:00:00Z,7.80,8.02,7.79,7.94,2037809,RAW,true,2025-04-28T20:15:00Z
bar-0011-20250428,1,inst_syn_0011,2025-04-28T13:30:00Z,2025-04-28T20:00:00Z,183.97,186.03,182.97,185.56,2849182,RAW,true,2025-04-28T20:15:00Z
bar-0012-20250428,1,inst_syn_0012,2025-04-28T13:30:00Z,2025-04-28T20:00:00Z,48.14,48.86,48.07,48.55,1670582,RAW,true,2025-04-28T20:15:00Z
bar-0001-20250429,1,inst_syn_0001,2025-04-29T13:30:00Z,2025-04-29T20:00:00Z,27.77,28.07,27.22,28.06,1126805,RAW,true,2025-04-29T20:15:00Z
bar-0002-20250429,1,inst_syn_0002,2025-04-29T13:30:00Z,2025-04-29T20:00:00Z,73.47,73.91,73.04,73.68,394996,RAW,true,2025-04-29T20:15:00Z
bar-0003-20250429,1,inst_syn_0003,2025-04-29T13:30:00Z,2025-04-29T20:00:00Z,27.28,27.91,27.04,27.63,1916478,RAW,true,2025-04-29T20:15:00Z
bar-0004-20250429,1,inst_syn_0004,2025-04-29T13:30:00Z,2025-04-29T20:00:00Z,48.32,50.17,48.01,49.54,1148774,RAW,true,2025-04-29T20:15:00Z
bar-0005-20250429,1,inst_syn_0005,2025-04-29T13:30:00Z,2025-04-29T20:00:00Z,59.21,60.46,58.93,59.51,578689,RAW,true,2025-04-29T20:15:00Z
bar-0006-20250429,1,inst_syn_0006,2025-04-29T13:30:00Z,2025-04-29T20:00:00Z,104.39,104.50,102.39,103.08,761645,RAW,true,2025-04-29T20:15:00Z
bar-0007-20250429,1,inst_syn_0007,2025-04-29T13:30:00Z,2025-04-29T20:00:00Z,14.52,14.84,14.48,14.81,3852242,RAW,true,2025-04-29T20:15:00Z
bar-0008-20250429,1,inst_syn_0008,2025-04-29T13:30:00Z,2025-04-29T20:00:00Z,61.04,61.84,60.54,61.72,429709,RAW,true,2025-04-29T20:15:00Z
bar-0010-20250429,1,inst_syn_0010,2025-04-29T13:30:00Z,2025-04-29T20:00:00Z,8.00,8.16,7.82,7.99,2249184,RAW,true,2025-04-29T20:15:00Z
bar-0011-20250429,1,inst_syn_0011,2025-04-29T13:30:00Z,2025-04-29T20:00:00Z,185.81,189.29,184.73,187.92,4691850,RAW,true,2025-04-29T20:15:00Z
bar-0012-20250429,1,inst_syn_0012,2025-04-29T13:30:00Z,2025-04-29T20:00:00Z,48.54,49.59,48.50,49.47,1809443,RAW,true,2025-04-29T20:15:00Z
bar-0001-20250430,1,inst_syn_0001,2025-04-30T13:30:00Z,2025-04-30T20:00:00Z,28.09,28.40,27.85,28.00,1045926,RAW,true,2025-04-30T20:15:00Z
bar-0002-20250430,1,inst_syn_0002,2025-04-30T13:30:00Z,2025-04-30T20:00:00Z,74.89,75.14,73.72,73.83,380028,RAW,true,2025-04-30T20:15:00Z
bar-0003-20250430,1,inst_syn_0003,2025-04-30T13:30:00Z,2025-04-30T20:00:00Z,27.07,28.06,26.44,27.86,2972231,RAW,true,2025-04-30T20:15:00Z
bar-0004-20250430,1,inst_syn_0004,2025-04-30T13:30:00Z,2025-04-30T20:00:00Z,50.47,50.76,49.49,49.68,1195954,RAW,true,2025-04-30T20:15:00Z
bar-0005-20250430,1,inst_syn_0005,2025-04-30T13:30:00Z,2025-04-30T20:00:00Z,59.50,61.17,59.36,60.40,720463,RAW,true,2025-04-30T20:15:00Z
bar-0006-20250430,1,inst_syn_0006,2025-04-30T13:30:00Z,2025-04-30T20:00:00Z,102.10,107.52,101.87,106.69,320535,RAW,true,2025-04-30T20:15:00Z
bar-0007-20250430,1,inst_syn_0007,2025-04-30T13:30:00Z,2025-04-30T20:00:00Z,14.69,14.82,14.41,14.76,2864733,RAW,true,2025-04-30T20:15:00Z
bar-0008-20250430,1,inst_syn_0008,2025-04-30T13:30:00Z,2025-04-30T20:00:00Z,61.46,61.80,61.37,61.59,312225,RAW,true,2025-04-30T20:15:00Z
bar-0010-20250430,1,inst_syn_0010,2025-04-30T13:30:00Z,2025-04-30T20:00:00Z,7.99,8.00,7.84,7.95,2140985,RAW,true,2025-04-30T20:15:00Z
bar-0011-20250430,1,inst_syn_0011,2025-04-30T13:30:00Z,2025-04-30T20:00:00Z,188.28,188.81,188.07,188.14,4343667,RAW,true,2025-04-30T20:15:00Z
bar-0012-20250430,1,inst_syn_0012,2025-04-30T13:30:00Z,2025-04-30T20:00:00Z,49.72,50.20,49.38,49.43,1880791,RAW,true,2025-04-30T20:15:00Z
bar-0001-20250501,1,inst_syn_0001,2025-05-01T13:30:00Z,2025-05-01T20:00:00Z,28.09,28.20,27.61,27.99,972368,RAW,true,2025-05-01T20:15:00Z
bar-0002-20250501,1,inst_syn_0002,2025-05-01T13:30:00Z,2025-05-01T20:00:00Z,74.72,74.77,72.39,72.60,438105,RAW,true,2025-05-01T20:15:00Z
bar-0003-20250501,1,inst_syn_0003,2025-05-01T13:30:00Z,2025-05-01T20:00:00Z,27.60,28.43,27.40,28.07,2216739,RAW,true,2025-05-01T20:15:00Z
bar-0004-20250501,1,inst_syn_0004,2025-05-01T13:30:00Z,2025-05-01T20:00:00Z,50.17,50.82,49.53,50.57,1521173,RAW,true,2025-05-01T20:15:00Z
bar-0005-20250501,1,inst_syn_0005,2025-05-01T13:30:00Z,2025-05-01T20:00:00Z,60.43,61.94,60.37,61.42,648679,RAW,true,2025-05-01T20:15:00Z
bar-0006-20250501,1,inst_syn_0006,2025-05-01T13:30:00Z,2025-05-01T20:00:00Z,106.62,107.76,104.61,105.97,603791,RAW,true,2025-05-01T20:15:00Z
bar-0007-20250501,1,inst_syn_0007,2025-05-01T13:30:00Z,2025-05-01T20:00:00Z,14.61,14.62,14.36,14.47,4870285,RAW,true,2025-05-01T20:15:00Z
bar-0008-20250501,1,inst_syn_0008,2025-05-01T13:30:00Z,2025-05-01T20:00:00Z,61.11,62.24,60.63,61.80,473138,RAW,true,2025-05-01T20:15:00Z
bar-0010-20250501,1,inst_syn_0010,2025-05-01T13:30:00Z,2025-05-01T20:00:00Z,8.07,8.23,8.04,8.16,2361876,RAW,true,2025-05-01T20:15:00Z
bar-0011-20250501,1,inst_syn_0011,2025-05-01T13:30:00Z,2025-05-01T20:00:00Z,188.25,188.49,187.77,188.38,3737717,RAW,true,2025-05-01T20:15:00Z
bar-0012-20250501,1,inst_syn_0012,2025-05-01T13:30:00Z,2025-05-01T20:00:00Z,49.76,50.01,48.91,49.63,1949794,RAW,true,2025-05-01T20:15:00Z
bar-0001-20250502,1,inst_syn_0001,2025-05-02T13:30:00Z,2025-05-02T20:00:00Z,28.03,28.30,27.60,27.76,711707,RAW,true,2025-05-02T20:15:00Z
bar-0002-20250502,1,inst_syn_0002,2025-05-02T13:30:00Z,2025-05-02T20:00:00Z,72.92,73.45,72.83,72.97,388888,RAW,true,2025-05-02T20:15:00Z
bar-0003-20250502,1,inst_syn_0003,2025-05-02T13:30:00Z,2025-05-02T20:00:00Z,28.43,28.96,27.64,28.19,2551802,RAW,true,2025-05-02T20:15:00Z
bar-0004-20250502,1,inst_syn_0004,2025-05-02T13:30:00Z,2025-05-02T20:00:00Z,50.29,50.60,49.94,50.38,1321629,RAW,true,2025-05-02T20:15:00Z
bar-0005-20250502,1,inst_syn_0005,2025-05-02T13:30:00Z,2025-05-02T20:00:00Z,61.30,62.25,60.77,61.95,891623,RAW,true,2025-05-02T20:15:00Z
bar-0006-20250502,1,inst_syn_0006,2025-05-02T13:30:00Z,2025-05-02T20:00:00Z,104.90,106.88,103.78,106.39,726307,RAW,true,2025-05-02T20:15:00Z
bar-0007-20250502,1,inst_syn_0007,2025-05-02T13:30:00Z,2025-05-02T20:00:00Z,14.20,14.97,14.12,14.77,4558000,RAW,true,2025-05-02T20:15:00Z
bar-0008-20250502,1,inst_syn_0008,2025-05-02T13:30:00Z,2025-05-02T20:00:00Z,62.38,62.43,61.43,61.75,158329,RAW,true,2025-05-02T20:15:00Z
bar-0010-20250502,1,inst_syn_0010,2025-05-02T13:30:00Z,2025-05-02T20:00:00Z,8.20,8.54,8.16,8.43,3708308,RAW,true,2025-05-02T20:15:00Z
bar-0011-20250502,1,inst_syn_0011,2025-05-02T13:30:00Z,2025-05-02T20:00:00Z,188.52,189.35,188.40,189.08,4882494,RAW,true,2025-05-02T20:15:00Z
bar-0012-20250502,1,inst_syn_0012,2025-05-02T13:30:00Z,2025-05-02T20:00:00Z,49.58,49.97,49.27,49.57,2373608,RAW,true,2025-05-02T20:15:00Z
bar-0001-20250505,1,inst_syn_0001,2025-05-05T13:30:00Z,2025-05-05T20:00:00Z,28.03,28.35,27.58,27.87,1384402,RAW,true,2025-05-05T20:15:00Z
bar-0002-20250505,1,inst_syn_0002,2025-05-05T13:30:00Z,2025-05-05T20:00:00Z,72.57,72.72,71.78,72.00,680914,RAW,true,2025-05-05T20:15:00Z
bar-0003-20250505,1,inst_syn_0003,2025-05-05T13:30:00Z,2025-05-05T20:00:00Z,28.28,28.45,27.99,28.35,2212399,RAW,true,2025-05-05T20:15:00Z
bar-0004-20250505,1,inst_syn_0004,2025-05-05T13:30:00Z,2025-05-05T20:00:00Z,50.15,50.25,49.68,50.20,1359070,RAW,true,2025-05-05T20:15:00Z
bar-0005-20250505,1,inst_syn_0005,2025-05-05T13:30:00Z,2025-05-05T20:00:00Z,62.03,63.00,61.35,62.41,683851,RAW,true,2025-05-05T20:15:00Z
bar-0006-20250505,1,inst_syn_0006,2025-05-05T13:30:00Z,2025-05-05T20:00:00Z,106.08,106.37,105.11,105.61,579270,RAW,true,2025-05-05T20:15:00Z
bar-0007-20250505,1,inst_syn_0007,2025-05-05T13:30:00Z,2025-05-05T20:00:00Z,14.90,15.32,14.74,14.91,3528169,RAW,true,2025-05-05T20:15:00Z
bar-0008-20250505,1,inst_syn_0008,2025-05-05T13:30:00Z,2025-05-05T20:00:00Z,61.82,63.87,61.24,62.96,469029,RAW,true,2025-05-05T20:15:00Z
bar-0010-20250505,1,inst_syn_0010,2025-05-05T13:30:00Z,2025-05-05T20:00:00Z,8.23,8.64,8.07,8.47,1865927,RAW,true,2025-05-05T20:15:00Z
bar-0011-20250505,1,inst_syn_0011,2025-05-05T13:30:00Z,2025-05-05T20:00:00Z,189.53,189.69,188.75,189.56,5541738,RAW,true,2025-05-05T20:15:00Z
bar-0012-20250505,1,inst_syn_0012,2025-05-05T13:30:00Z,2025-05-05T20:00:00Z,49.60,49.73,49.43,49.52,1673083,RAW,true,2025-05-05T20:15:00Z
bar-0001-20250506,1,inst_syn_0001,2025-05-06T13:30:00Z,2025-05-06T20:00:00Z,27.73,28.53,27.67,28.46,568892,RAW,true,2025-05-06T20:15:00Z
bar-0002-20250506,1,inst_syn_0002,2025-05-06T13:30:00Z,2025-05-06T20:00:00Z,71.56,72.55,70.36,72.45,205430,RAW,true,2025-05-06T20:15:00Z
bar-0003-20250506,1,inst_syn_0003,2025-05-06T13:30:00Z,2025-05-06T20:00:00Z,28.15,29.58,27.56,28.69,1750373,RAW,true,2025-05-06T20:15:00Z
bar-0004-20250506,1,inst_syn_0004,2025-05-06T13:30:00Z,2025-05-06T20:00:00Z,50.57,51.10,49.94,50.06,1066929,RAW,true,2025-05-06T20:15:00Z
bar-0005-20250506,1,inst_syn_0005,2025-05-06T13:30:00Z,2025-05-06T20:00:00Z,62.86,63.76,62.41,63.17,639197,RAW,true,2025-05-06T20:15:00Z
bar-0006-20250506,1,inst_syn_0006,2025-05-06T13:30:00Z,2025-05-06T20:00:00Z,106.14,106.40,103.86,105.12,664598,RAW,true,2025-05-06T20:15:00Z
bar-0007-20250506,1,inst_syn_0007,2025-05-06T13:30:00Z,2025-05-06T20:00:00Z,14.89,15.26,14.82,15.09,4725056,RAW,true,2025-05-06T20:15:00Z
bar-0008-20250506,1,inst_syn_0008,2025-05-06T13:30:00Z,2025-05-06T20:00:00Z,63.50,64.57,63.20,64.07,626758,RAW,true,2025-05-06T20:15:00Z
bar-0010-20250506,1,inst_syn_0010,2025-05-06T13:30:00Z,2025-05-06T20:00:00Z,8.43,8.53,8.31,8.44,2803000,RAW,true,2025-05-06T20:15:00Z
bar-0011-20250506,1,inst_syn_0011,2025-05-06T13:30:00Z,2025-05-06T20:00:00Z,187.95,190.75,187.31,190.70,5402844,RAW,true,2025-05-06T20:15:00Z
bar-0012-20250506,1,inst_syn_0012,2025-05-06T13:30:00Z,2025-05-06T20:00:00Z,49.58,50.45,49.47,49.76,2624943,RAW,true,2025-05-06T20:15:00Z
bar-0001-20250507,1,inst_syn_0001,2025-05-07T13:30:00Z,2025-05-07T20:00:00Z,28.04,28.38,27.62,28.11,1144041,RAW,true,2025-05-07T20:15:00Z
bar-0002-20250507,1,inst_syn_0002,2025-05-07T13:30:00Z,2025-05-07T20:00:00Z,72.49,72.90,71.03,72.08,396352,RAW,true,2025-05-07T20:15:00Z
bar-0003-20250507,1,inst_syn_0003,2025-05-07T13:30:00Z,2025-05-07T20:00:00Z,28.57,29.13,27.67,28.76,1699658,RAW,true,2025-05-07T20:15:00Z
bar-0004-20250507,1,inst_syn_0004,2025-05-07T13:30:00Z,2025-05-07T20:00:00Z,49.54,51.09,49.50,50.35,1067781,RAW,true,2025-05-07T20:15:00Z
bar-0005-20250507,1,inst_syn_0005,2025-05-07T13:30:00Z,2025-05-07T20:00:00Z,63.73,63.93,62.19,62.65,790188,RAW,true,2025-05-07T20:15:00Z
bar-0006-20250507,1,inst_syn_0006,2025-05-07T13:30:00Z,2025-05-07T20:00:00Z,105.36,107.66,105.20,106.07,846688,RAW,true,2025-05-07T20:15:00Z
bar-0007-20250507,1,inst_syn_0007,2025-05-07T13:30:00Z,2025-05-07T20:00:00Z,15.43,15.97,15.30,15.83,4668476,RAW,true,2025-05-07T20:15:00Z
bar-0008-20250507,1,inst_syn_0008,2025-05-07T13:30:00Z,2025-05-07T20:00:00Z,64.51,65.53,64.26,64.59,334666,RAW,true,2025-05-07T20:15:00Z
bar-0010-20250507,1,inst_syn_0010,2025-05-07T13:30:00Z,2025-05-07T20:00:00Z,8.41,8.66,8.31,8.59,2756763,RAW,true,2025-05-07T20:15:00Z
bar-0011-20250507,1,inst_syn_0011,2025-05-07T13:30:00Z,2025-05-07T20:00:00Z,191.11,191.17,190.08,190.50,5945966,RAW,true,2025-05-07T20:15:00Z
bar-0012-20250507,1,inst_syn_0012,2025-05-07T13:30:00Z,2025-05-07T20:00:00Z,49.95,50.27,49.44,49.65,1777138,RAW,true,2025-05-07T20:15:00Z
bar-0001-20250508,1,inst_syn_0001,2025-05-08T13:30:00Z,2025-05-08T20:00:00Z,28.08,28.40,27.33,27.85,1024683,RAW,true,2025-05-08T20:15:00Z
bar-0002-20250508,1,inst_syn_0002,2025-05-08T13:30:00Z,2025-05-08T20:00:00Z,72.05,73.38,71.84,72.74,583808,RAW,true,2025-05-08T20:15:00Z
bar-0003-20250508,1,inst_syn_0003,2025-05-08T13:30:00Z,2025-05-08T20:00:00Z,28.66,29.47,28.46,28.91,1509919,RAW,true,2025-05-08T20:15:00Z
bar-0004-20250508,1,inst_syn_0004,2025-05-08T13:30:00Z,2025-05-08T20:00:00Z,50.49,50.73,49.77,49.98,661716,RAW,true,2025-05-08T20:15:00Z
bar-0005-20250508,1,inst_syn_0005,2025-05-08T13:30:00Z,2025-05-08T20:00:00Z,63.15,63.61,62.37,63.00,603805,RAW,true,2025-05-08T20:15:00Z
bar-0006-20250508,1,inst_syn_0006,2025-05-08T13:30:00Z,2025-05-08T20:00:00Z,105.67,110.68,104.62,107.38,516878,RAW,true,2025-05-08T20:15:00Z
bar-0007-20250508,1,inst_syn_0007,2025-05-08T13:30:00Z,2025-05-08T20:00:00Z,15.54,15.75,15.31,15.40,3736110,RAW,true,2025-05-08T20:15:00Z
bar-0008-20250508,1,inst_syn_0008,2025-05-08T13:30:00Z,2025-05-08T20:00:00Z,64.74,65.07,63.60,63.70,340666,RAW,true,2025-05-08T20:15:00Z
bar-0010-20250508,1,inst_syn_0010,2025-05-08T13:30:00Z,2025-05-08T20:00:00Z,8.66,8.82,8.65,8.80,2600806,RAW,true,2025-05-08T20:15:00Z
bar-0011-20250508,1,inst_syn_0011,2025-05-08T13:30:00Z,2025-05-08T20:00:00Z,190.59,190.79,190.27,190.35,5608509,RAW,true,2025-05-08T20:15:00Z
bar-0012-20250508,1,inst_syn_0012,2025-05-08T13:30:00Z,2025-05-08T20:00:00Z,49.63,49.77,49.10,49.37,1838499,RAW,true,2025-05-08T20:15:00Z
bar-0001-20250509,1,inst_syn_0001,2025-05-09T13:30:00Z,2025-05-09T20:00:00Z,27.77,28.50,27.75,28.42,726439,RAW,true,2025-05-09T20:15:00Z
bar-0002-20250509,1,inst_syn_0002,2025-05-09T13:30:00Z,2025-05-09T20:00:00Z,72.14,72.64,71.51,71.72,446243,RAW,true,2025-05-09T20:15:00Z
bar-0003-20250509,1,inst_syn_0003,2025-05-09T13:30:00Z,2025-05-09T20:00:00Z,28.57,29.63,28.51,29.28,2403611,RAW,true,2025-05-09T20:15:00Z
bar-0004-20250509,1,inst_syn_0004,2025-05-09T13:30:00Z,2025-05-09T20:00:00Z,50.02,51.41,49.44,51.03,1398642,RAW,true,2025-05-09T20:15:00Z
bar-0005-20250509,1,inst_syn_0005,2025-05-09T13:30:00Z,2025-05-09T20:00:00Z,63.67,64.04,61.91,62.03,825595,RAW,true,2025-05-09T20:15:00Z
bar-0006-20250509,1,inst_syn_0006,2025-05-09T13:30:00Z,2025-05-09T20:00:00Z,105.97,110.39,104.19,109.54,670254,RAW,true,2025-05-09T20:15:00Z
bar-0007-20250509,1,inst_syn_0007,2025-05-09T13:30:00Z,2025-05-09T20:00:00Z,15.41,15.64,15.20,15.63,4011227,RAW,true,2025-05-09T20:15:00Z
bar-0008-20250509,1,inst_syn_0008,2025-05-09T13:30:00Z,2025-05-09T20:00:00Z,64.09,65.28,63.87,64.58,364383,RAW,true,2025-05-09T20:15:00Z
bar-0010-20250509,1,inst_syn_0010,2025-05-09T13:30:00Z,2025-05-09T20:00:00Z,8.90,9.08,8.76,8.93,3227640,RAW,true,2025-05-09T20:15:00Z
bar-0011-20250509,1,inst_syn_0011,2025-05-09T13:30:00Z,2025-05-09T20:00:00Z,191.32,192.44,190.80,192.06,7236575,RAW,true,2025-05-09T20:15:00Z
bar-0012-20250509,1,inst_syn_0012,2025-05-09T13:30:00Z,2025-05-09T20:00:00Z,49.17,50.51,48.70,50.39,1930376,RAW,true,2025-05-09T20:15:00Z
bar-0001-20250512,1,inst_syn_0001,2025-05-12T13:30:00Z,2025-05-12T20:00:00Z,28.24,29.07,27.91,28.56,982545,RAW,true,2025-05-12T20:15:00Z
bar-0002-20250512,1,inst_syn_0002,2025-05-12T13:30:00Z,2025-05-12T20:00:00Z,71.88,72.26,71.29,71.72,424193,RAW,true,2025-05-12T20:15:00Z
bar-0003-20250512,1,inst_syn_0003,2025-05-12T13:30:00Z,2025-05-12T20:00:00Z,28.91,30.17,28.49,29.42,1690587,RAW,true,2025-05-12T20:15:00Z
bar-0004-20250512,1,inst_syn_0004,2025-05-12T13:30:00Z,2025-05-12T20:00:00Z,51.59,52.02,50.96,51.24,1005482,RAW,true,2025-05-12T20:15:00Z
bar-0005-20250512,1,inst_syn_0005,2025-05-12T13:30:00Z,2025-05-12T20:00:00Z,61.56,62.21,61.53,61.69,915332,RAW,true,2025-05-12T20:15:00Z
bar-0006-20250512,1,inst_syn_0006,2025-05-12T13:30:00Z,2025-05-12T20:00:00Z,108.79,111.93,108.61,110.68,606793,RAW,true,2025-05-12T20:15:00Z
bar-0007-20250512,1,inst_syn_0007,2025-05-12T13:30:00Z,2025-05-12T20:00:00Z,15.56,16.21,15.46,16.06,3234997,RAW,true,2025-05-12T20:15:00Z
bar-0008-20250512,1,inst_syn_0008,2025-05-12T13:30:00Z,2025-05-12T20:00:00Z,64.50,64.66,62.61,63.42,628594,RAW,true,2025-05-12T20:15:00Z
bar-0010-20250512,1,inst_syn_0010,2025-05-12T13:30:00Z,2025-05-12T20:00:00Z,8.76,9.21,8.74,9.14,3625340,RAW,true,2025-05-12T20:15:00Z
bar-0011-20250512,1,inst_syn_0011,2025-05-12T13:30:00Z,2025-05-12T20:00:00Z,191.82,194.15,190.73,193.47,6450252,RAW,true,2025-05-12T20:15:00Z
bar-0012-20250512,1,inst_syn_0012,2025-05-12T13:30:00Z,2025-05-12T20:00:00Z,50.56,51.13,50.32,51.06,2075687,RAW,true,2025-05-12T20:15:00Z
bar-0001-20250513,1,inst_syn_0001,2025-05-13T13:30:00Z,2025-05-13T20:00:00Z,28.74,29.06,28.60,29.00,1042561,RAW,true,2025-05-13T20:15:00Z
bar-0002-20250513,1,inst_syn_0002,2025-05-13T13:30:00Z,2025-05-13T20:00:00Z,71.89,72.33,71.44,72.31,456498,RAW,true,2025-05-13T20:15:00Z
bar-0003-20250513,1,inst_syn_0003,2025-05-13T13:30:00Z,2025-05-13T20:00:00Z,29.49,29.83,29.48,29.76,1483592,RAW,true,2025-05-13T20:15:00Z
bar-0004-20250513,1,inst_syn_0004,2025-05-13T13:30:00Z,2025-05-13T20:00:00Z,51.15,54.35,50.97,53.60,1662732,RAW,true,2025-05-13T20:15:00Z
bar-0005-20250513,1,inst_syn_0005,2025-05-13T13:30:00Z,2025-05-13T20:00:00Z,61.60,62.65,61.54,62.16,744382,RAW,true,2025-05-13T20:15:00Z
bar-0006-20250513,1,inst_syn_0006,2025-05-13T13:30:00Z,2025-05-13T20:00:00Z,110.91,113.92,109.89,112.61,630683,RAW,true,2025-05-13T20:15:00Z
bar-0007-20250513,1,inst_syn_0007,2025-05-13T13:30:00Z,2025-05-13T20:00:00Z,16.08,16.29,15.72,15.74,2993581,RAW,true,2025-05-13T20:15:00Z
bar-0008-20250513,1,inst_syn_0008,2025-05-13T13:30:00Z,2025-05-13T20:00:00Z,62.40,65.19,61.49,64.84,609059,RAW,true,2025-05-13T20:15:00Z
bar-0010-20250513,1,inst_syn_0010,2025-05-13T13:30:00Z,2025-05-13T20:00:00Z,9.19,9.22,8.92,9.05,1717095,RAW,true,2025-05-13T20:15:00Z
bar-0011-20250513,1,inst_syn_0011,2025-05-13T13:30:00Z,2025-05-13T20:00:00Z,192.52,195.73,191.86,194.91,4267473,RAW,true,2025-05-13T20:15:00Z
bar-0012-20250513,1,inst_syn_0012,2025-05-13T13:30:00Z,2025-05-13T20:00:00Z,50.86,52.09,50.84,51.85,2063020,RAW,true,2025-05-13T20:15:00Z
bar-0001-20250514,1,inst_syn_0001,2025-05-14T13:30:00Z,2025-05-14T20:00:00Z,28.97,29.61,28.59,29.49,859579,RAW,true,2025-05-14T20:15:00Z
bar-0002-20250514,1,inst_syn_0002,2025-05-14T13:30:00Z,2025-05-14T20:00:00Z,72.86,72.98,71.40,71.78,363320,RAW,true,2025-05-14T20:15:00Z
bar-0003-20250514,1,inst_syn_0003,2025-05-14T13:30:00Z,2025-05-14T20:00:00Z,29.49,29.62,29.14,29.18,2869717,RAW,true,2025-05-14T20:15:00Z
bar-0004-20250514,1,inst_syn_0004,2025-05-14T13:30:00Z,2025-05-14T20:00:00Z,53.38,53.78,52.49,52.75,1763209,RAW,true,2025-05-14T20:15:00Z
bar-0005-20250514,1,inst_syn_0005,2025-05-14T13:30:00Z,2025-05-14T20:00:00Z,62.36,62.73,61.40,61.69,752073,RAW,true,2025-05-14T20:15:00Z
bar-0006-20250514,1,inst_syn_0006,2025-05-14T13:30:00Z,2025-05-14T20:00:00Z,111.50,113.66,109.98,111.78,399350,RAW,true,2025-05-14T20:15:00Z
bar-0007-20250514,1,inst_syn_0007,2025-05-14T13:30:00Z,2025-05-14T20:00:00Z,15.37,15.59,15.14,15.47,3547736,RAW,true,2025-05-14T20:15:00Z
bar-0008-20250514,1,inst_syn_0008,2025-05-14T13:30:00Z,2025-05-14T20:00:00Z,65.45,65.80,62.36,63.69,530565,RAW,true,2025-05-14T20:15:00Z
bar-0010-20250514,1,inst_syn_0010,2025-05-14T13:30:00Z,2025-05-14T20:00:00Z,9.16,9.19,8.68,8.69,2852219,RAW,true,2025-05-14T20:15:00Z
bar-0011-20250514,1,inst_syn_0011,2025-05-14T13:30:00Z,2025-05-14T20:00:00Z,195.01,196.40,192.85,194.18,8014367,RAW,true,2025-05-14T20:15:00Z
bar-0012-20250514,1,inst_syn_0012,2025-05-14T13:30:00Z,2025-05-14T20:00:00Z,51.97,51.99,51.20,51.52,2231192,RAW,true,2025-05-14T20:15:00Z
bar-0001-20250515,1,inst_syn_0001,2025-05-15T13:30:00Z,2025-05-15T20:00:00Z,29.28,30.96,28.85,30.33,1086991,RAW,true,2025-05-15T20:15:00Z
bar-0002-20250515,1,inst_syn_0002,2025-05-15T13:30:00Z,2025-05-15T20:00:00Z,72.27,72.57,71.00,71.46,620043,RAW,true,2025-05-15T20:15:00Z
bar-0003-20250515,1,inst_syn_0003,2025-05-15T13:30:00Z,2025-05-15T20:00:00Z,28.49,29.63,28.35,29.00,2807659,RAW,true,2025-05-15T20:15:00Z
bar-0004-20250515,1,inst_syn_0004,2025-05-15T13:30:00Z,2025-05-15T20:00:00Z,52.94,53.15,51.21,51.67,1830137,RAW,true,2025-05-15T20:15:00Z
bar-0005-20250515,1,inst_syn_0005,2025-05-15T13:30:00Z,2025-05-15T20:00:00Z,62.01,62.48,61.46,61.57,711270,RAW,true,2025-05-15T20:15:00Z
bar-0006-20250515,1,inst_syn_0006,2025-05-15T13:30:00Z,2025-05-15T20:00:00Z,111.68,113.27,110.66,112.87,710582,RAW,true,2025-05-15T20:15:00Z
bar-0007-20250515,1,inst_syn_0007,2025-05-15T13:30:00Z,2025-05-15T20:00:00Z,15.57,15.77,15.15,15.40,3420844,RAW,true,2025-05-15T20:15:00Z
bar-0008-20250515,1,inst_syn_0008,2025-05-15T13:30:00Z,2025-05-15T20:00:00Z,64.40,64.65,62.31,63.13,151368,RAW,true,2025-05-15T20:15:00Z
bar-0010-20250515,1,inst_syn_0010,2025-05-15T13:30:00Z,2025-05-15T20:00:00Z,8.57,8.89,8.49,8.75,1560776,RAW,true,2025-05-15T20:15:00Z
bar-0011-20250515,1,inst_syn_0011,2025-05-15T13:30:00Z,2025-05-15T20:00:00Z,194.05,194.31,192.23,193.84,4089336,RAW,true,2025-05-15T20:15:00Z
bar-0012-20250515,1,inst_syn_0012,2025-05-15T13:30:00Z,2025-05-15T20:00:00Z,51.33,51.73,51.19,51.35,1567843,RAW,true,2025-05-15T20:15:00Z
bar-0001-20250516,1,inst_syn_0001,2025-05-16T13:30:00Z,2025-05-16T20:00:00Z,30.27,30.60,29.99,30.35,583706,RAW,true,2025-05-16T20:15:00Z
bar-0002-20250516,1,inst_syn_0002,2025-05-16T13:30:00Z,2025-05-16T20:00:00Z,71.60,72.52,71.39,71.67,662628,RAW,true,2025-05-16T20:15:00Z
bar-0003-20250516,1,inst_syn_0003,2025-05-16T13:30:00Z,2025-05-16T20:00:00Z,29.17,29.48,27.87,28.08,2516010,RAW,true,2025-05-16T20:15:00Z
bar-0004-20250516,1,inst_syn_0004,2025-05-16T13:30:00Z,2025-05-16T20:00:00Z,50.76,50.81,49.78,50.15,946580,RAW,true,2025-05-16T20:15:00Z
bar-0005-20250516,1,inst_syn_0005,2025-05-16T13:30:00Z,2025-05-16T20:00:00Z,62.17,62.48,60.67,60.72,693010,RAW,true,2025-05-16T20:15:00Z
bar-0006-20250516,1,inst_syn_0006,2025-05-16T13:30:00Z,2025-05-16T20:00:00Z,113.79,116.02,112.12,112.23,465076,RAW,true,2025-05-16T20:15:00Z
bar-0007-20250516,1,inst_syn_0007,2025-05-16T13:30:00Z,2025-05-16T20:00:00Z,15.21,15.45,15.18,15.23,3705771,RAW,true,2025-05-16T20:15:00Z
bar-0008-20250516,1,inst_syn_0008,2025-05-16T13:30:00Z,2025-05-16T20:00:00Z,63.30,63.38,61.25,62.34,574649,RAW,true,2025-05-16T20:15:00Z
bar-0010-20250516,1,inst_syn_0010,2025-05-16T13:30:00Z,2025-05-16T20:00:00Z,8.84,8.96,8.47,8.61,3591211,RAW,true,2025-05-16T20:15:00Z
bar-0011-20250516,1,inst_syn_0011,2025-05-16T13:30:00Z,2025-05-16T20:00:00Z,193.69,194.09,192.75,193.70,6290310,RAW,true,2025-05-16T20:15:00Z
bar-0012-20250516,1,inst_syn_0012,2025-05-16T13:30:00Z,2025-05-16T20:00:00Z,51.45,51.74,51.14,51.65,1961975,RAW,true,2025-05-16T20:15:00Z
bar-0001-20250519,1,inst_syn_0001,2025-05-19T13:30:00Z,2025-05-19T20:00:00Z,30.54,30.78,30.33,30.34,667476,RAW,true,2025-05-19T20:15:00Z
bar-0002-20250519,1,inst_syn_0002,2025-05-19T13:30:00Z,2025-05-19T20:00:00Z,71.71,72.86,71.42,72.38,281207,RAW,true,2025-05-19T20:15:00Z
bar-0003-20250519,1,inst_syn_0003,2025-05-19T13:30:00Z,2025-05-19T20:00:00Z,27.79,27.97,26.74,27.15,1332895,RAW,true,2025-05-19T20:15:00Z
bar-0004-20250519,1,inst_syn_0004,2025-05-19T13:30:00Z,2025-05-19T20:00:00Z,50.40,50.40,49.04,49.63,1433747,RAW,true,2025-05-19T20:15:00Z
bar-0005-20250519,1,inst_syn_0005,2025-05-19T13:30:00Z,2025-05-19T20:00:00Z,60.85,61.18,60.41,60.95,664777,RAW,true,2025-05-19T20:15:00Z
bar-0006-20250519,1,inst_syn_0006,2025-05-19T13:30:00Z,2025-05-19T20:00:00Z,112.31,115.65,111.72,115.62,947861,RAW,true,2025-05-19T20:15:00Z
bar-0007-20250519,1,inst_syn_0007,2025-05-19T13:30:00Z,2025-05-19T20:00:00Z,15.18,15.85,15.14,15.43,3895000,RAW,true,2025-05-19T20:15:00Z
bar-0008-20250519,1,inst_syn_0008,2025-05-19T13:30:00Z,2025-05-19T20:00:00Z,62.67,62.71,61.98,62.19,457642,RAW,true,2025-05-19T20:15:00Z
bar-0010-20250519,1,inst_syn_0010,2025-05-19T13:30:00Z,2025-05-19T20:00:00Z,8.71,8.83,8.64,8.64,2473891,RAW,true,2025-05-19T20:15:00Z
bar-0011-20250519,1,inst_syn_0011,2025-05-19T13:30:00Z,2025-05-19T20:00:00Z,193.61,194.46,193.36,194.34,4991033,RAW,true,2025-05-19T20:15:00Z
bar-0012-20250519,1,inst_syn_0012,2025-05-19T13:30:00Z,2025-05-19T20:00:00Z,51.51,51.99,51.31,51.82,2225175,RAW,true,2025-05-19T20:15:00Z
bar-0001-20250520,1,inst_syn_0001,2025-05-20T13:30:00Z,2025-05-20T20:00:00Z,30.23,30.56,30.14,30.49,693778,RAW,true,2025-05-20T20:15:00Z
bar-0002-20250520,1,inst_syn_0002,2025-05-20T13:30:00Z,2025-05-20T20:00:00Z,72.79,73.32,71.09,71.15,533756,RAW,true,2025-05-20T20:15:00Z
bar-0003-20250520,1,inst_syn_0003,2025-05-20T13:30:00Z,2025-05-20T20:00:00Z,26.63,28.31,26.57,28.19,1441372,RAW,true,2025-05-20T20:15:00Z
bar-0004-20250520,1,inst_syn_0004,2025-05-20T13:30:00Z,2025-05-20T20:00:00Z,49.16,51.74,48.76,51.44,1250549,RAW,true,2025-05-20T20:15:00Z
bar-0005-20250520,1,inst_syn_0005,2025-05-20T13:30:00Z,2025-05-20T20:00:00Z,60.71,61.37,60.20,60.25,405910,RAW,true,2025-05-20T20:15:00Z
bar-0006-20250520,1,inst_syn_0006,2025-05-20T13:30:00Z,2025-05-20T20:00:00Z,116.55,118.72,115.71,117.44,324819,RAW,true,2025-05-20T20:15:00Z
bar-0007-20250520,1,inst_syn_0007,2025-05-20T13:30:00Z,2025-05-20T20:00:00Z,15.66,15.69,15.07,15.16,4076944,RAW,true,2025-05-20T20:15:00Z
bar-0008-20250520,1,inst_syn_0008,2025-05-20T13:30:00Z,2025-05-20T20:00:00Z,62.58,62.58,61.25,62.00,497651,RAW,true,2025-05-20T20:15:00Z
bar-0010-20250520,1,inst_syn_0010,2025-05-20T13:30:00Z,2025-05-20T20:00:00Z,8.56,8.80,8.55,8.65,2482054,RAW,true,2025-05-20T20:15:00Z
bar-0011-20250520,1,inst_syn_0011,2025-05-20T13:30:00Z,2025-05-20T20:00:00Z,194.76,195.15,193.61,193.71,4569797,RAW,true,2025-05-20T20:15:00Z
bar-0012-20250520,1,inst_syn_0012,2025-05-20T13:30:00Z,2025-05-20T20:00:00Z,51.65,51.90,51.40,51.60,1499750,RAW,true,2025-05-20T20:15:00Z
bar-0001-20250521,1,inst_syn_0001,2025-05-21T13:30:00Z,2025-05-21T20:00:00Z,30.51,31.20,30.47,31.02,717819,RAW,true,2025-05-21T20:15:00Z
bar-0002-20250521,1,inst_syn_0002,2025-05-21T13:30:00Z,2025-05-21T20:00:00Z,71.82,71.90,70.06,70.10,390826,RAW,true,2025-05-21T20:15:00Z
bar-0003-20250521,1,inst_syn_0003,2025-05-21T13:30:00Z,2025-05-21T20:00:00Z,28.45,29.40,28.19,29.35,1876463,RAW,true,2025-05-21T20:15:00Z
bar-0004-20250521,1,inst_syn_0004,2025-05-21T13:30:00Z,2025-05-21T20:00:00Z,51.58,52.50,50.54,51.03,1192457,RAW,true,2025-05-21T20:15:00Z
bar-0005-20250521,1,inst_syn_0005,2025-05-21T13:30:00Z,2025-05-21T20:00:00Z,60.87,60.96,60.19,60.27,584274,RAW,true,2025-05-21T20:15:00Z
bar-0006-20250521,1,inst_syn_0006,2025-05-21T13:30:00Z,2025-05-21T20:00:00Z,117.45,118.36,115.56,116.59,160654,RAW,true,2025-05-21T20:15:00Z
bar-0007-20250521,1,inst_syn_0007,2025-05-21T13:30:00Z,2025-05-21T20:00:00Z,15.10,15.60,14.88,15.48,3556183,RAW,true,2025-05-21T20:15:00Z
bar-0008-20250521,1,inst_syn_0008,2025-05-21T13:30:00Z,2025-05-21T20:00:00Z,61.72,61.94,61.52,61.86,654959,RAW,true,2025-05-21T20:15:00Z
bar-0010-20250521,1,inst_syn_0010,2025-05-21T13:30:00Z,2025-05-21T20:00:00Z,8.69,8.72,8.27,8.42,3283296,RAW,true,2025-05-21T20:15:00Z
bar-0011-20250521,1,inst_syn_0011,2025-05-21T13:30:00Z,2025-05-21T20:00:00Z,193.42,195.67,193.27,195.07,6595721,RAW,true,2025-05-21T20:15:00Z
bar-0012-20250521,1,inst_syn_0012,2025-05-21T13:30:00Z,2025-05-21T20:00:00Z,51.97,52.00,51.57,51.96,1718730,RAW,true,2025-05-21T20:15:00Z
bar-0001-20250522,1,inst_syn_0001,2025-05-22T13:30:00Z,2025-05-22T20:00:00Z,30.86,31.20,30.50,30.97,659539,RAW,true,2025-05-22T20:15:00Z
bar-0002-20250522,1,inst_syn_0002,2025-05-22T13:30:00Z,2025-05-22T20:00:00Z,70.44,71.05,70.01,70.75,463460,RAW,true,2025-05-22T20:15:00Z
bar-0003-20250522,1,inst_syn_0003,2025-05-22T13:30:00Z,2025-05-22T20:00:00Z,29.52,29.87,28.42,28.86,3431143,RAW,true,2025-05-22T20:15:00Z
bar-0004-20250522,1,inst_syn_0004,2025-05-22T13:30:00Z,2025-05-22T20:00:00Z,50.56,51.33,49.10,51.26,998730,RAW,true,2025-05-22T20:15:00Z
bar-0005-20250522,1,inst_syn_0005,2025-05-22T13:30:00Z,2025-05-22T20:00:00Z,60.41,60.83,59.97,60.19,498514,RAW,true,2025-05-22T20:15:00Z
bar-0006-20250522,1,inst_syn_0006,2025-05-22T13:30:00Z,2025-05-22T20:00:00Z,116.57,117.86,115.25,117.39,535167,RAW,true,2025-05-22T20:15:00Z
bar-0007-20250522,1,inst_syn_0007,2025-05-22T13:30:00Z,2025-05-22T20:00:00Z,15.50,16.14,15.40,16.05,3179723,RAW,true,2025-05-22T20:15:00Z
bar-0008-20250522,1,inst_syn_0008,2025-05-22T13:30:00Z,2025-05-22T20:00:00Z,61.46,63.58,60.93,63.45,825819,RAW,true,2025-05-22T20:15:00Z
bar-0010-20250522,1,inst_syn_0010,2025-05-22T13:30:00Z,2025-05-22T20:00:00Z,8.43,8.87,8.19,8.85,2761496,RAW,true,2025-05-22T20:15:00Z
bar-0011-20250522,1,inst_syn_0011,2025-05-22T13:30:00Z,2025-05-22T20:00:00Z,194.69,197.45,194.31,196.44,3685287,RAW,true,2025-05-22T20:15:00Z
bar-0012-20250522,1,inst_syn_0012,2025-05-22T13:30:00Z,2025-05-22T20:00:00Z,51.80,52.55,51.78,52.29,1005454,RAW,true,2025-05-22T20:15:00Z
bar-0001-20250523,1,inst_syn_0001,2025-05-23T13:30:00Z,2025-05-23T20:00:00Z,30.86,31.17,30.53,30.98,690295,RAW,true,2025-05-23T20:15:00Z
bar-0002-20250523,1,inst_syn_0002,2025-05-23T13:30:00Z,2025-05-23T20:00:00Z,71.09,71.33,70.21,71.08,648017,RAW,true,2025-05-23T20:15:00Z
bar-0003-20250523,1,inst_syn_0003,2025-05-23T13:30:00Z,2025-05-23T20:00:00Z,28.72,29.05,28.66,28.68,2640453,RAW,true,2025-05-23T20:15:00Z
bar-0004-20250523,1,inst_syn_0004,2025-05-23T13:30:00Z,2025-05-23T20:00:00Z,50.95,51.40,50.70,51.22,1329422,RAW,true,2025-05-23T20:15:00Z
bar-0005-20250523,1,inst_syn_0005,2025-05-23T13:30:00Z,2025-05-23T20:00:00Z,60.25,61.75,60.21,61.39,731139,RAW,true,2025-05-23T20:15:00Z
bar-0006-20250523,1,inst_syn_0006,2025-05-23T13:30:00Z,2025-05-23T20:00:00Z,117.22,118.42,114.59,114.97,573981,RAW,true,2025-05-23T20:15:00Z
bar-0007-20250523,1,inst_syn_0007,2025-05-23T13:30:00Z,2025-05-23T20:00:00Z,16.05,16.70,15.92,16.41,3556208,RAW,true,2025-05-23T20:15:00Z
bar-0008-20250523,1,inst_syn_0008,2025-05-23T13:30:00Z,2025-05-23T20:00:00Z,63.16,63.43,62.87,63.23,456321,RAW,true,2025-05-23T20:15:00Z
bar-0010-20250523,1,inst_syn_0010,2025-05-23T13:30:00Z,2025-05-23T20:00:00Z,8.85,9.02,8.63,8.65,2344623,RAW,true,2025-05-23T20:15:00Z
bar-0011-20250523,1,inst_syn_0011,2025-05-23T13:30:00Z,2025-05-23T20:00:00Z,196.92,196.94,196.01,196.27,3643456,RAW,true,2025-05-23T20:15:00Z
bar-0012-20250523,1,inst_syn_0012,2025-05-23T13:30:00Z,2025-05-23T20:00:00Z,52.39,52.45,52.38,52.42,2477708,RAW,true,2025-05-23T20:15:00Z
bar-0001-20250527,1,inst_syn_0001,2025-05-27T13:30:00Z,2025-05-27T20:00:00Z,31.21,31.30,30.90,31.10,959085,RAW,true,2025-05-27T20:15:00Z
bar-0002-20250527,1,inst_syn_0002,2025-05-27T13:30:00Z,2025-05-27T20:00:00Z,70.42,70.76,69.45,69.46,351656,RAW,true,2025-05-27T20:15:00Z
bar-0003-20250527,1,inst_syn_0003,2025-05-27T13:30:00Z,2025-05-27T20:00:00Z,28.75,28.90,28.12,28.19,3313929,RAW,true,2025-05-27T20:15:00Z
bar-0004-20250527,1,inst_syn_0004,2025-05-27T13:30:00Z,2025-05-27T20:00:00Z,51.46,51.50,50.23,51.18,1226888,RAW,true,2025-05-27T20:15:00Z
bar-0005-20250527,1,inst_syn_0005,2025-05-27T13:30:00Z,2025-05-27T20:00:00Z,61.16,61.34,60.41,60.65,491571,RAW,true,2025-05-27T20:15:00Z
bar-0006-20250527,1,inst_syn_0006,2025-05-27T13:30:00Z,2025-05-27T20:00:00Z,115.81,116.07,114.52,114.95,675755,RAW,true,2025-05-27T20:15:00Z
bar-0007-20250527,1,inst_syn_0007,2025-05-27T13:30:00Z,2025-05-27T20:00:00Z,16.12,16.52,16.09,16.32,2832818,RAW,true,2025-05-27T20:15:00Z
bar-0008-20250527,1,inst_syn_0008,2025-05-27T13:30:00Z,2025-05-27T20:00:00Z,63.03,63.63,61.08,61.79,827572,RAW,true,2025-05-27T20:15:00Z
bar-0010-20250527,1,inst_syn_0010,2025-05-27T13:30:00Z,2025-05-27T20:00:00Z,8.69,8.72,8.63,8.67,2068280,RAW,true,2025-05-27T20:15:00Z
bar-0011-20250527,1,inst_syn_0011,2025-05-27T13:30:00Z,2025-05-27T20:00:00Z,196.59,196.70,194.36,195.45,4204248,RAW,true,2025-05-27T20:15:00Z
bar-0012-20250527,1,inst_syn_0012,2025-05-27T13:30:00Z,2025-05-27T20:00:00Z,52.24,52.71,52.14,52.37,2172169,RAW,true,2025-05-27T20:15:00Z
bar-0001-20250528,1,inst_syn_0001,2025-05-28T13:30:00Z,2025-05-28T20:00:00Z,31.43,31.56,30.88,31.09,651515,RAW,true,2025-05-28T20:15:00Z
bar-0002-20250528,1,inst_syn_0002,2025-05-28T13:30:00Z,2025-05-28T20:00:00Z,70.00,70.23,67.76,68.21,471693,RAW,true,2025-05-28T20:15:00Z
bar-0003-20250528,1,inst_syn_0003,2025-05-28T13:30:00Z,2025-05-28T20:00:00Z,27.94,29.90,27.65,29.06,4278109,RAW,true,2025-05-28T20:15:00Z
bar-0004-20250528,1,inst_syn_0004,2025-05-28T13:30:00Z,2025-05-28T20:00:00Z,51.49,52.15,49.86,51.19,673827,RAW,true,2025-05-28T20:15:00Z
bar-0005-20250528,1,inst_syn_0005,2025-05-28T13:30:00Z,2025-05-28T20:00:00Z,60.50,61.42,59.92,61.17,648479,RAW,true,2025-05-28T20:15:00Z
bar-0006-20250528,1,inst_syn_0006,2025-05-28T13:30:00Z,2025-05-28T20:00:00Z,114.70,116.18,113.47,115.69,613147,RAW,true,2025-05-28T20:15:00Z
bar-0007-20250528,1,inst_syn_0007,2025-05-28T13:30:00Z,2025-05-28T20:00:00Z,16.36,16.77,16.05,16.21,3110860,RAW,true,2025-05-28T20:15:00Z
bar-0008-20250528,1,inst_syn_0008,2025-05-28T13:30:00Z,2025-05-28T20:00:00Z,61.62,62.95,61.48,62.38,597791,RAW,true,2025-05-28T20:15:00Z
bar-0010-20250528,1,inst_syn_0010,2025-05-28T13:30:00Z,2025-05-28T20:00:00Z,8.79,8.81,8.44,8.69,1692257,RAW,true,2025-05-28T20:15:00Z
bar-0011-20250528,1,inst_syn_0011,2025-05-28T13:30:00Z,2025-05-28T20:00:00Z,196.46,197.62,196.36,196.45,3834452,RAW,true,2025-05-28T20:15:00Z
bar-0012-20250528,1,inst_syn_0012,2025-05-28T13:30:00Z,2025-05-28T20:00:00Z,52.45,52.68,51.95,52.14,2389039,RAW,true,2025-05-28T20:15:00Z
bar-0001-20250529,1,inst_syn_0001,2025-05-29T13:30:00Z,2025-05-29T20:00:00Z,31.18,31.52,30.93,31.03,1042179,RAW,true,2025-05-29T20:15:00Z
bar-0002-20250529,1,inst_syn_0002,2025-05-29T13:30:00Z,2025-05-29T20:00:00Z,67.75,69.15,67.54,69.03,460405,RAW,true,2025-05-29T20:15:00Z
bar-0003-20250529,1,inst_syn_0003,2025-05-29T13:30:00Z,2025-05-29T20:00:00Z,29.20,29.60,28.92,29.15,2422852,RAW,true,2025-05-29T20:15:00Z
bar-0004-20250529,1,inst_syn_0004,2025-05-29T13:30:00Z,2025-05-29T20:00:00Z,51.15,52.25,50.75,51.49,832762,RAW,true,2025-05-29T20:15:00Z
bar-0005-20250529,1,inst_syn_0005,2025-05-29T13:30:00Z,2025-05-29T20:00:00Z,61.22,61.84,61.02,61.43,470237,RAW,true,2025-05-29T20:15:00Z
bar-0006-20250529,1,inst_syn_0006,2025-05-29T13:30:00Z,2025-05-29T20:00:00Z,115.44,116.16,113.52,114.32,723467,RAW,true,2025-05-29T20:15:00Z
bar-0007-20250529,1,inst_syn_0007,2025-05-29T13:30:00Z,2025-05-29T20:00:00Z,16.41,16.48,16.36,16.42,5332626,RAW,true,2025-05-29T20:15:00Z
bar-0008-20250529,1,inst_syn_0008,2025-05-29T13:30:00Z,2025-05-29T20:00:00Z,62.52,62.76,61.52,62.67,415165,RAW,true,2025-05-29T20:15:00Z
bar-0010-20250529,1,inst_syn_0010,2025-05-29T13:30:00Z,2025-05-29T20:00:00Z,8.73,8.78,8.37,8.50,2437463,RAW,true,2025-05-29T20:15:00Z
bar-0011-20250529,1,inst_syn_0011,2025-05-29T13:30:00Z,2025-05-29T20:00:00Z,197.05,198.55,196.97,197.52,3795980,RAW,true,2025-05-29T20:15:00Z
bar-0012-20250529,1,inst_syn_0012,2025-05-29T13:30:00Z,2025-05-29T20:00:00Z,52.12,52.94,52.00,52.77,1721594,RAW,true,2025-05-29T20:15:00Z
bar-0001-20250530,1,inst_syn_0001,2025-05-30T13:30:00Z,2025-05-30T20:00:00Z,31.05,31.08,29.87,30.18,980056,RAW,true,2025-05-30T20:15:00Z
bar-0002-20250530,1,inst_syn_0002,2025-05-30T13:30:00Z,2025-05-30T20:00:00Z,69.18,69.98,68.78,69.35,433979,RAW,true,2025-05-30T20:15:00Z
bar-0003-20250530,1,inst_syn_0003,2025-05-30T13:30:00Z,2025-05-30T20:00:00Z,28.33,29.08,27.98,28.59,3147244,RAW,true,2025-05-30T20:15:00Z
bar-0004-20250530,1,inst_syn_0004,2025-05-30T13:30:00Z,2025-05-30T20:00:00Z,51.48,51.76,50.92,51.46,898222,RAW,true,2025-05-30T20:15:00Z
bar-0005-20250530,1,inst_syn_0005,2025-05-30T13:30:00Z,2025-05-30T20:00:00Z,61.46,61.59,60.52,60.85,476481,RAW,true,2025-05-30T20:15:00Z
bar-0006-20250530,1,inst_syn_0006,2025-05-30T13:30:00Z,2025-05-30T20:00:00Z,114.85,115.38,110.00,111.11,437220,RAW,true,2025-05-30T20:15:00Z
bar-0007-20250530,1,inst_syn_0007,2025-05-30T13:30:00Z,2025-05-30T20:00:00Z,16.44,16.75,16.14,16.31,3291727,RAW,true,2025-05-30T20:15:00Z
bar-0008-20250530,1,inst_syn_0008,2025-05-30T13:30:00Z,2025-05-30T20:00:00Z,62.49,63.50,62.33,62.98,358060,RAW,true,2025-05-30T20:15:00Z
bar-0010-20250530,1,inst_syn_0010,2025-05-30T13:30:00Z,2025-05-30T20:00:00Z,8.30,8.73,8.24,8.50,2025191,RAW,true,2025-05-30T20:15:00Z
bar-0011-20250530,1,inst_syn_0011,2025-05-30T13:30:00Z,2025-05-30T20:00:00Z,198.13,198.32,195.84,196.83,5535794,RAW,true,2025-05-30T20:15:00Z
bar-0012-20250530,1,inst_syn_0012,2025-05-30T13:30:00Z,2025-05-30T20:00:00Z,53.29,53.75,52.51,52.61,1349834,RAW,true,2025-05-30T20:15:00Z
bar-0001-20250602,1,inst_syn_0001,2025-06-02T13:30:00Z,2025-06-02T20:00:00Z,30.14,30.70,30.11,30.61,391867,RAW,true,2025-06-02T20:15:00Z
bar-0002-20250602,1,inst_syn_0002,2025-06-02T13:30:00Z,2025-06-02T20:00:00Z,69.24,69.65,68.82,69.39,543412,RAW,true,2025-06-02T20:15:00Z
bar-0003-20250602,1,inst_syn_0003,2025-06-02T13:30:00Z,2025-06-02T20:00:00Z,28.76,28.88,28.07,28.08,1542737,RAW,true,2025-06-02T20:15:00Z
bar-0004-20250602,1,inst_syn_0004,2025-06-02T13:30:00Z,2025-06-02T20:00:00Z,50.60,52.07,50.24,51.63,1362686,RAW,true,2025-06-02T20:15:00Z
bar-0005-20250602,1,inst_syn_0005,2025-06-02T13:30:00Z,2025-06-02T20:00:00Z,60.47,61.43,60.07,61.33,842044,RAW,true,2025-06-02T20:15:00Z
bar-0006-20250602,1,inst_syn_0006,2025-06-02T13:30:00Z,2025-06-02T20:00:00Z,110.89,113.13,109.42,112.04,770349,RAW,true,2025-06-02T20:15:00Z
bar-0007-20250602,1,inst_syn_0007,2025-06-02T13:30:00Z,2025-06-02T20:00:00Z,16.38,17.44,16.32,16.98,5249430,RAW,true,2025-06-02T20:15:00Z
bar-0008-20250602,1,inst_syn_0008,2025-06-02T13:30:00Z,2025-06-02T20:00:00Z,62.86,62.99,61.99,62.64,278264,RAW,true,2025-06-02T20:15:00Z
bar-0010-20250602,1,inst_syn_0010,2025-06-02T13:30:00Z,2025-06-02T20:00:00Z,8.57,8.74,8.05,8.19,3617244,RAW,true,2025-06-02T20:15:00Z
bar-0011-20250602,1,inst_syn_0011,2025-06-02T13:30:00Z,2025-06-02T20:00:00Z,197.02,199.08,196.24,198.61,6335234,RAW,true,2025-06-02T20:15:00Z
bar-0012-20250602,1,inst_syn_0012,2025-06-02T13:30:00Z,2025-06-02T20:00:00Z,52.52,53.28,51.83,53.25,989790,RAW,true,2025-06-02T20:15:00Z
bar-0001-20250603,1,inst_syn_0001,2025-06-03T13:30:00Z,2025-06-03T20:00:00Z,30.72,30.80,30.42,30.68,682641,RAW,true,2025-06-03T20:15:00Z
bar-0002-20250603,1,inst_syn_0002,2025-06-03T13:30:00Z,2025-06-03T20:00:00Z,69.33,71.07,69.22,70.47,514728,RAW,true,2025-06-03T20:15:00Z
bar-0003-20250603,1,inst_syn_0003,2025-06-03T13:30:00Z,2025-06-03T20:00:00Z,28.32,28.66,27.65,27.90,1359186,RAW,true,2025-06-03T20:15:00Z
bar-0004-20250603,1,inst_syn_0004,2025-06-03T13:30:00Z,2025-06-03T20:00:00Z,51.66,51.97,49.98,50.39,1517448,RAW,true,2025-06-03T20:15:00Z
bar-0005-20250603,1,inst_syn_0005,2025-06-03T13:30:00Z,2025-06-03T20:00:00Z,61.55,62.20,61.31,61.63,559824,RAW,true,2025-06-03T20:15:00Z
bar-0006-20250603,1,inst_syn_0006,2025-06-03T13:30:00Z,2025-06-03T20:00:00Z,111.20,112.77,109.84,112.50,584414,RAW,true,2025-06-03T20:15:00Z
bar-0007-20250603,1,inst_syn_0007,2025-06-03T13:30:00Z,2025-06-03T20:00:00Z,17.07,17.21,16.90,17.02,3790851,RAW,true,2025-06-03T20:15:00Z
bar-0008-20250603,1,inst_syn_0008,2025-06-03T13:30:00Z,2025-06-03T20:00:00Z,62.83,63.09,62.33,62.98,724147,RAW,true,2025-06-03T20:15:00Z
bar-0010-20250603,1,inst_syn_0010,2025-06-03T13:30:00Z,2025-06-03T20:00:00Z,8.35,8.47,7.96,8.02,2355400,RAW,true,2025-06-03T20:15:00Z
bar-0011-20250603,1,inst_syn_0011,2025-06-03T13:30:00Z,2025-06-03T20:00:00Z,198.34,202.23,198.05,200.99,4632710,RAW,true,2025-06-03T20:15:00Z
bar-0012-20250603,1,inst_syn_0012,2025-06-03T13:30:00Z,2025-06-03T20:00:00Z,53.15,54.12,52.63,53.93,1972218,RAW,true,2025-06-03T20:15:00Z
bar-0001-20250604,1,inst_syn_0001,2025-06-04T13:30:00Z,2025-06-04T20:00:00Z,30.56,30.73,29.42,29.75,494256,RAW,true,2025-06-04T20:15:00Z
bar-0002-20250604,1,inst_syn_0002,2025-06-04T13:30:00Z,2025-06-04T20:00:00Z,69.68,69.78,68.91,68.94,351042,RAW,true,2025-06-04T20:15:00Z
bar-0003-20250604,1,inst_syn_0003,2025-06-04T13:30:00Z,2025-06-04T20:00:00Z,27.69,27.94,27.08,27.55,2706575,RAW,true,2025-06-04T20:15:00Z
bar-0004-20250604,1,inst_syn_0004,2025-06-04T13:30:00Z,2025-06-04T20:00:00Z,50.49,50.76,49.98,50.11,1385527,RAW,true,2025-06-04T20:15:00Z
bar-0005-20250604,1,inst_syn_0005,2025-06-04T13:30:00Z,2025-06-04T20:00:00Z,62.44,62.55,61.70,61.94,660729,RAW,true,2025-06-04T20:15:00Z
bar-0006-20250604,1,inst_syn_0006,2025-06-04T13:30:00Z,2025-06-04T20:00:00Z,114.15,114.29,111.03,111.39,525281,RAW,true,2025-06-04T20:15:00Z
bar-0007-20250604,1,inst_syn_0007,2025-06-04T13:30:00Z,2025-06-04T20:00:00Z,17.03,17.42,16.74,17.25,3597376,RAW,true,2025-06-04T20:15:00Z
bar-0008-20250604,1,inst_syn_0008,2025-06-04T13:30:00Z,2025-06-04T20:00:00Z,63.39,63.65,62.78,62.93,453846,RAW,true,2025-06-04T20:15:00Z
bar-0010-20250604,1,inst_syn_0010,2025-06-04T13:30:00Z,2025-06-04T20:00:00Z,7.81,8.11,7.78,8.08,2906953,RAW,true,2025-06-04T20:15:00Z
bar-0011-20250604,1,inst_syn_0011,2025-06-04T13:30:00Z,2025-06-04T20:00:00Z,201.48,202.95,199.12,200.90,4309950,RAW,true,2025-06-04T20:15:00Z
bar-0012-20250604,1,inst_syn_0012,2025-06-04T13:30:00Z,2025-06-04T20:00:00Z,53.93,54.19,53.72,53.82,2492234,RAW,true,2025-06-04T20:15:00Z
bar-0001-20250605,1,inst_syn_0001,2025-06-05T13:30:00Z,2025-06-05T20:00:00Z,29.59,29.64,28.97,29.31,650272,RAW,true,2025-06-05T20:15:00Z
bar-0002-20250605,1,inst_syn_0002,2025-06-05T13:30:00Z,2025-06-05T20:00:00Z,68.47,69.31,68.32,69.07,509314,RAW,true,2025-06-05T20:15:00Z
bar-0003-20250605,1,inst_syn_0003,2025-06-05T13:30:00Z,2025-06-05T20:00:00Z,27.54,28.31,27.10,27.17,497485,RAW,true,2025-06-05T20:15:00Z
bar-0004-20250605,1,inst_syn_0004,2025-06-05T13:30:00Z,2025-06-05T20:00:00Z,49.83,50.31,48.69,49.05,1199372,RAW,true,2025-06-05T20:15:00Z
bar-0005-20250605,1,inst_syn_0005,2025-06-05T13:30:00Z,2025-06-05T20:00:00Z,62.40,62.68,61.17,61.39,683216,RAW,true,2025-06-05T20:15:00Z
bar-0006-20250605,1,inst_syn_0006,2025-06-05T13:30:00Z,2025-06-05T20:00:00Z,110.24,111.35,108.89,111.02,841437,RAW,true,2025-06-05T20:15:00Z
bar-0007-20250605,1,inst_syn_0007,2025-06-05T13:30:00Z,2025-06-05T20:00:00Z,17.53,17.75,16.18,16.54,5051953,RAW,true,2025-06-05T20:15:00Z
bar-0008-20250605,1,inst_syn_0008,2025-06-05T13:30:00Z,2025-06-05T20:00:00Z,62.87,63.32,62.32,62.44,377569,RAW,true,2025-06-05T20:15:00Z
bar-0010-20250605,1,inst_syn_0010,2025-06-05T13:30:00Z,2025-06-05T20:00:00Z,8.04,8.06,7.45,7.58,4013239,RAW,true,2025-06-05T20:15:00Z
bar-0011-20250605,1,inst_syn_0011,2025-06-05T13:30:00Z,2025-06-05T20:00:00Z,200.95,201.22,199.71,200.92,6475022,RAW,true,2025-06-05T20:15:00Z
bar-0012-20250605,1,inst_syn_0012,2025-06-05T13:30:00Z,2025-06-05T20:00:00Z,54.04,54.21,53.64,53.70,2880154,RAW,true,2025-06-05T20:15:00Z
bar-0001-20250606,1,inst_syn_0001,2025-06-06T13:30:00Z,2025-06-06T20:00:00Z,29.32,29.55,28.45,28.81,637507,RAW,true,2025-06-06T20:15:00Z
bar-0002-20250606,1,inst_syn_0002,2025-06-06T13:30:00Z,2025-06-06T20:00:00Z,69.39,69.53,68.39,68.56,495035,RAW,true,2025-06-06T20:15:00Z
bar-0003-20250606,1,inst_syn_0003,2025-06-06T13:30:00Z,2025-06-06T20:00:00Z,27.22,27.82,26.47,26.77,1758274,RAW,true,2025-06-06T20:15:00Z
bar-0004-20250606,1,inst_syn_0004,2025-06-06T13:30:00Z,2025-06-06T20:00:00Z,49.37,50.02,47.63,48.34,669467,RAW,true,2025-06-06T20:15:00Z
bar-0005-20250606,1,inst_syn_0005,2025-06-06T13:30:00Z,2025-06-06T20:00:00Z,61.34,61.52,59.80,59.97,859619,RAW,true,2025-06-06T20:15:00Z
bar-0006-20250606,1,inst_syn_0006,2025-06-06T13:30:00Z,2025-06-06T20:00:00Z,110.31,111.81,108.51,110.72,569016,RAW,true,2025-06-06T20:15:00Z
bar-0007-20250606,1,inst_syn_0007,2025-06-06T13:30:00Z,2025-06-06T20:00:00Z,16.38,16.73,15.84,15.85,3057867,RAW,true,2025-06-06T20:15:00Z
bar-0008-20250606,1,inst_syn_0008,2025-06-06T13:30:00Z,2025-06-06T20:00:00Z,63.06,63.11,61.34,62.02,622505,RAW,true,2025-06-06T20:15:00Z
bar-0010-20250606,1,inst_syn_0010,2025-06-06T13:30:00Z,2025-06-06T20:00:00Z,7.53,7.68,7.25,7.43,2515728,RAW,true,2025-06-06T20:15:00Z
bar-0011-20250606,1,inst_syn_0011,2025-06-06T13:30:00Z,2025-06-06T20:00:00Z,201.04,201.51,199.58,199.72,4841920,RAW,true,2025-06-06T20:15:00Z
bar-0012-20250606,1,inst_syn_0012,2025-06-06T13:30:00Z,2025-06-06T20:00:00Z,54.00,54.16,52.90,53.23,1953523,RAW,true,2025-06-06T20:15:00Z
bar-0001-20250609,1,inst_syn_0001,2025-06-09T13:30:00Z,2025-06-09T20:00:00Z,28.53,29.75,28.37,29.38,960936,RAW,true,2025-06-09T20:15:00Z
bar-0002-20250609,1,inst_syn_0002,2025-06-09T13:30:00Z,2025-06-09T20:00:00Z,68.45,69.67,68.17,68.77,383495,RAW,true,2025-06-09T20:15:00Z
bar-0003-20250609,1,inst_syn_0003,2025-06-09T13:30:00Z,2025-06-09T20:00:00Z,26.94,27.44,26.74,26.77,3379537,RAW,true,2025-06-09T20:15:00Z
bar-0004-20250609,1,inst_syn_0004,2025-06-09T13:30:00Z,2025-06-09T20:00:00Z,49.11,49.99,49.06,49.87,1333653,RAW,true,2025-06-09T20:15:00Z
bar-0005-20250609,1,inst_syn_0005,2025-06-09T13:30:00Z,2025-06-09T20:00:00Z,59.46,60.72,59.40,60.24,792036,RAW,true,2025-06-09T20:15:00Z
bar-0006-20250609,1,inst_syn_0006,2025-06-09T13:30:00Z,2025-06-09T20:00:00Z,111.74,112.65,108.69,109.67,388437,RAW,true,2025-06-09T20:15:00Z
bar-0007-20250609,1,inst_syn_0007,2025-06-09T13:30:00Z,2025-06-09T20:00:00Z,15.97,16.25,15.16,15.92,3581728,RAW,true,2025-06-09T20:15:00Z
bar-0008-20250609,1,inst_syn_0008,2025-06-09T13:30:00Z,2025-06-09T20:00:00Z,62.01,64.21,61.97,63.68,691121,RAW,true,2025-06-09T20:15:00Z
bar-0010-20250609,1,inst_syn_0010,2025-06-09T13:30:00Z,2025-06-09T20:00:00Z,7.35,7.62,7.31,7.46,1938158,RAW,true,2025-06-09T20:15:00Z
bar-0011-20250609,1,inst_syn_0011,2025-06-09T13:30:00Z,2025-06-09T20:00:00Z,200.35,200.55,198.64,199.74,7442384,RAW,true,2025-06-09T20:15:00Z
bar-0012-20250609,1,inst_syn_0012,2025-06-09T13:30:00Z,2025-06-09T20:00:00Z,53.70,54.39,53.26,53.38,2313378,RAW,true,2025-06-09T20:15:00Z
bar-0001-20250610,1,inst_syn_0001,2025-06-10T13:30:00Z,2025-06-10T20:00:00Z,29.17,29.67,28.80,29.42,908601,RAW,true,2025-06-10T20:15:00Z
bar-0002-20250610,1,inst_syn_0002,2025-06-10T13:30:00Z,2025-06-10T20:00:00Z,68.48,69.48,68.40,69.17,486019,RAW,true,2025-06-10T20:15:00Z
bar-0003-20250610,1,inst_syn_0003,2025-06-10T13:30:00Z,2025-06-10T20:00:00Z,26.82,27.87,26.77,27.54,2181785,RAW,true,2025-06-10T20:15:00Z
bar-0004-20250610,1,inst_syn_0004,2025-06-10T13:30:00Z,2025-06-10T20:00:00Z,49.85,50.43,49.48,49.96,1467506,RAW,true,2025-06-10T20:15:00Z
bar-0005-20250610,1,inst_syn_0005,2025-06-10T13:30:00Z,2025-06-10T20:00:00Z,60.17,61.41,59.89,61.06,647165,RAW,true,2025-06-10T20:15:00Z
bar-0006-20250610,1,inst_syn_0006,2025-06-10T13:30:00Z,2025-06-10T20:00:00Z,111.05,111.62,108.87,109.80,605967,RAW,true,2025-06-10T20:15:00Z
bar-0007-20250610,1,inst_syn_0007,2025-06-10T13:30:00Z,2025-06-10T20:00:00Z,15.94,16.42,15.68,16.19,3816887,RAW,true,2025-06-10T20:15:00Z
bar-0008-20250610,1,inst_syn_0008,2025-06-10T13:30:00Z,2025-06-10T20:00:00Z,63.17,64.85,63.15,64.22,397784,RAW,true,2025-06-10T20:15:00Z
bar-0010-20250610,1,inst_syn_0010,2025-06-10T13:30:00Z,2025-06-10T20:00:00Z,7.61,7.84,7.29,7.46,2116861,RAW,true,2025-06-10T20:15:00Z
bar-0011-20250610,1,inst_syn_0011,2025-06-10T13:30:00Z,2025-06-10T20:00:00Z,199.16,200.66,198.75,200.08,7609805,RAW,true,2025-06-10T20:15:00Z
bar-0012-20250610,1,inst_syn_0012,2025-06-10T13:30:00Z,2025-06-10T20:00:00Z,53.15,53.78,52.72,53.62,2400019,RAW,true,2025-06-10T20:15:00Z
bar-0001-20250611,1,inst_syn_0001,2025-06-11T13:30:00Z,2025-06-11T20:00:00Z,29.12,29.41,29.03,29.28,1018207,RAW,true,2025-06-11T20:15:00Z
bar-0002-20250611,1,inst_syn_0002,2025-06-11T13:30:00Z,2025-06-11T20:00:00Z,69.33,69.35,68.51,68.54,454061,RAW,true,2025-06-11T20:15:00Z
bar-0003-20250611,1,inst_syn_0003,2025-06-11T13:30:00Z,2025-06-11T20:00:00Z,27.66,28.51,27.58,27.86,1603144,RAW,true,2025-06-11T20:15:00Z
bar-0004-20250611,1,inst_syn_0004,2025-06-11T13:30:00Z,2025-06-11T20:00:00Z,50.35,50.83,48.23,48.25,1355870,RAW,true,2025-06-11T20:15:00Z
bar-0005-20250611,1,inst_syn_0005,2025-06-11T13:30:00Z,2025-06-11T20:00:00Z,61.74,62.79,60.56,60.70,346130,RAW,true,2025-06-11T20:15:00Z
bar-0006-20250611,1,inst_syn_0006,2025-06-11T13:30:00Z,2025-06-11T20:00:00Z,108.51,110.20,107.50,109.99,606100,RAW,true,2025-06-11T20:15:00Z
bar-0007-20250611,1,inst_syn_0007,2025-06-11T13:30:00Z,2025-06-11T20:00:00Z,16.27,16.74,15.94,16.67,4582444,RAW,true,2025-06-11T20:15:00Z
bar-0008-20250611,1,inst_syn_0008,2025-06-11T13:30:00Z,2025-06-11T20:00:00Z,64.52,65.08,63.20,63.40,485423,RAW,true,2025-06-11T20:15:00Z
bar-0010-20250611,1,inst_syn_0010,2025-06-11T13:30:00Z,2025-06-11T20:00:00Z,7.49,7.78,7.27,7.73,2698279,RAW,true,2025-06-11T20:15:00Z
bar-0011-20250611,1,inst_syn_0011,2025-06-11T13:30:00Z,2025-06-11T20:00:00Z,199.01,200.27,198.66,200.06,5712422,RAW,true,2025-06-11T20:15:00Z
bar-0012-20250611,1,inst_syn_0012,2025-06-11T13:30:00Z,2025-06-11T20:00:00Z,53.82,54.17,52.76,53.07,2111420,RAW,true,2025-06-11T20:15:00Z
bar-0001-20250612,1,inst_syn_0001,2025-06-12T13:30:00Z,2025-06-12T20:00:00Z,29.17,29.42,28.54,28.82,767929,RAW,true,2025-06-12T20:15:00Z
bar-0002-20250612,1,inst_syn_0002,2025-06-12T13:30:00Z,2025-06-12T20:00:00Z,68.93,69.46,66.07,66.75,590506,RAW,true,2025-06-12T20:15:00Z
bar-0003-20250612,1,inst_syn_0003,2025-06-12T13:30:00Z,2025-06-12T20:00:00Z,27.37,29.08,27.13,29.04,3251414,RAW,true,2025-06-12T20:15:00Z
bar-0004-20250612,1,inst_syn_0004,2025-06-12T13:30:00Z,2025-06-12T20:00:00Z,48.06,48.24,46.42,46.84,1159928,RAW,true,2025-06-12T20:15:00Z
bar-0005-20250612,1,inst_syn_0005,2025-06-12T13:30:00Z,2025-06-12T20:00:00Z,60.68,60.83,59.81,60.15,689202,RAW,true,2025-06-12T20:15:00Z
bar-0006-20250612,1,inst_syn_0006,2025-06-12T13:30:00Z,2025-06-12T20:00:00Z,108.02,110.90,107.37,110.07,863074,RAW,true,2025-06-12T20:15:00Z
bar-0007-20250612,1,inst_syn_0007,2025-06-12T13:30:00Z,2025-06-12T20:00:00Z,16.73,17.42,16.48,17.30,3466143,RAW,true,2025-06-12T20:15:00Z
bar-0008-20250612,1,inst_syn_0008,2025-06-12T13:30:00Z,2025-06-12T20:00:00Z,63.30,64.84,62.94,63.67,420068,RAW,true,2025-06-12T20:15:00Z
bar-0010-20250612,1,inst_syn_0010,2025-06-12T13:30:00Z,2025-06-12T20:00:00Z,7.65,7.70,7.40,7.62,2521736,RAW,true,2025-06-12T20:15:00Z
bar-0011-20250612,1,inst_syn_0011,2025-06-12T13:30:00Z,2025-06-12T20:00:00Z,201.15,201.38,198.57,199.09,4805671,RAW,true,2025-06-12T20:15:00Z
bar-0012-20250612,1,inst_syn_0012,2025-06-12T13:30:00Z,2025-06-12T20:00:00Z,52.73,52.76,52.65,52.66,1519327,RAW,true,2025-06-12T20:15:00Z
bar-0001-20250613,1,inst_syn_0001,2025-06-13T13:30:00Z,2025-06-13T20:00:00Z,28.97,29.21,28.15,28.36,723976,RAW,true,2025-06-13T20:15:00Z
bar-0002-20250613,1,inst_syn_0002,2025-06-13T13:30:00Z,2025-06-13T20:00:00Z,66.09,66.49,65.87,66.01,285813,RAW,true,2025-06-13T20:15:00Z
bar-0003-20250613,1,inst_syn_0003,2025-06-13T13:30:00Z,2025-06-13T20:00:00Z,29.12,29.34,28.06,28.44,1999944,RAW,true,2025-06-13T20:15:00Z
bar-0004-20250613,1,inst_syn_0004,2025-06-13T13:30:00Z,2025-06-13T20:00:00Z,46.96,47.43,46.76,46.77,993807,RAW,true,2025-06-13T20:15:00Z
bar-0005-20250613,1,inst_syn_0005,2025-06-13T13:30:00Z,2025-06-13T20:00:00Z,59.54,61.35,59.44,60.51,573916,RAW,true,2025-06-13T20:15:00Z
bar-0006-20250613,1,inst_syn_0006,2025-06-13T13:30:00Z,2025-06-13T20:00:00Z,109.14,109.44,106.82,108.76,678048,RAW,true,2025-06-13T20:15:00Z
bar-0007-20250613,1,inst_syn_0007,2025-06-13T13:30:00Z,2025-06-13T20:00:00Z,17.78,17.79,16.57,16.68,5183672,RAW,true,2025-06-13T20:15:00Z
bar-0008-20250613,1,inst_syn_0008,2025-06-13T13:30:00Z,2025-06-13T20:00:00Z,64.39,64.96,62.54,62.97,427126,RAW,true,2025-06-13T20:15:00Z
bar-0010-20250613,1,inst_syn_0010,2025-06-13T13:30:00Z,2025-06-13T20:00:00Z,7.74,7.86,7.69,7.73,2964113,RAW,true,2025-06-13T20:15:00Z
bar-0011-20250613,1,inst_syn_0011,2025-06-13T13:30:00Z,2025-06-13T20:00:00Z,199.39,199.46,196.21,196.33,6342031,RAW,true,2025-06-13T20:15:00Z
bar-0012-20250613,1,inst_syn_0012,2025-06-13T13:30:00Z,2025-06-13T20:00:00Z,52.75,52.82,52.20,52.24,1558111,RAW,true,2025-06-13T20:15:00Z
bar-0001-20250616,1,inst_syn_0001,2025-06-16T13:30:00Z,2025-06-16T20:00:00Z,28.34,28.39,28.09,28.28,1061853,RAW,true,2025-06-16T20:15:00Z
bar-0002-20250616,1,inst_syn_0002,2025-06-16T13:30:00Z,2025-06-16T20:00:00Z,66.04,66.55,65.50,66.10,642741,RAW,true,2025-06-16T20:15:00Z
bar-0003-20250616,1,inst_syn_0003,2025-06-16T13:30:00Z,2025-06-16T20:00:00Z,28.52,28.83,28.40,28.78,3929001,RAW,true,2025-06-16T20:15:00Z
bar-0004-20250616,1,inst_syn_0004,2025-06-16T13:30:00Z,2025-06-16T20:00:00Z,46.65,46.70,45.73,46.08,1150722,RAW,true,2025-06-16T20:15:00Z
bar-0005-20250616,1,inst_syn_0005,2025-06-16T13:30:00Z,2025-06-16T20:00:00Z,60.96,60.99,60.09,60.41,619624,RAW,true,2025-06-16T20:15:00Z
bar-0006-20250616,1,inst_syn_0006,2025-06-16T13:30:00Z,2025-06-16T20:00:00Z,109.01,110.38,108.70,110.08,539208,RAW,true,2025-06-16T20:15:00Z
bar-0007-20250616,1,inst_syn_0007,2025-06-16T13:30:00Z,2025-06-16T20:00:00Z,16.61,17.19,16.58,17.11,4897762,RAW,true,2025-06-16T20:15:00Z
bar-0008-20250616,1,inst_syn_0008,2025-06-16T13:30:00Z,2025-06-16T20:00:00Z,62.73,64.92,62.51,64.33,558591,RAW,true,2025-06-16T20:15:00Z
bar-0010-20250616,1,inst_syn_0010,2025-06-16T13:30:00Z,2025-06-16T20:00:00Z,7.76,7.83,7.54,7.57,2203252,RAW,true,2025-06-16T20:15:00Z
bar-0011-20250616,1,inst_syn_0011,2025-06-16T13:30:00Z,2025-06-16T20:00:00Z,196.72,196.79,196.29,196.32,6132104,RAW,true,2025-06-16T20:15:00Z
bar-0012-20250616,1,inst_syn_0012,2025-06-16T13:30:00Z,2025-06-16T20:00:00Z,52.23,52.43,51.90,51.91,2631241,RAW,true,2025-06-16T20:15:00Z
bar-0001-20250617,1,inst_syn_0001,2025-06-17T13:30:00Z,2025-06-17T20:00:00Z,28.27,28.32,28.25,28.26,432977,RAW,true,2025-06-17T20:15:00Z
bar-0002-20250617,1,inst_syn_0002,2025-06-17T13:30:00Z,2025-06-17T20:00:00Z,66.16,66.24,65.67,65.93,481703,RAW,true,2025-06-17T20:15:00Z
bar-0003-20250617,1,inst_syn_0003,2025-06-17T13:30:00Z,2025-06-17T20:00:00Z,28.84,28.98,28.35,28.64,2570136,RAW,true,2025-06-17T20:15:00Z
bar-0004-20250617,1,inst_syn_0004,2025-06-17T13:30:00Z,2025-06-17T20:00:00Z,45.47,46.46,44.95,46.28,1201624,RAW,true,2025-06-17T20:15:00Z
bar-0005-20250617,1,inst_syn_0005,2025-06-17T13:30:00Z,2025-06-17T20:00:00Z,60.32,60.85,59.71,59.92,649594,RAW,true,2025-06-17T20:15:00Z
bar-0006-20250617,1,inst_syn_0006,2025-06-17T13:30:00Z,2025-06-17T20:00:00Z,109.68,111.73,109.27,110.82,709650,RAW,true,2025-06-17T20:15:00Z
bar-0007-20250617,1,inst_syn_0007,2025-06-17T13:30:00Z,2025-06-17T20:00:00Z,17.11,18.59,17.04,18.00,4002983,RAW,true,2025-06-17T20:15:00Z
bar-0008-20250617,1,inst_syn_0008,2025-06-17T13:30:00Z,2025-06-17T20:00:00Z,64.32,65.24,63.82,64.62,443829,RAW,true,2025-06-17T20:15:00Z
bar-0010-20250617,1,inst_syn_0010,2025-06-17T13:30:00Z,2025-06-17T20:00:00Z,7.59,7.87,7.58,7.73,3837528,RAW,true,2025-06-17T20:15:00Z
bar-0011-20250617,1,inst_syn_0011,2025-06-17T13:30:00Z,2025-06-17T20:00:00Z,196.13,197.81,195.63,197.28,4546891,RAW,true,2025-06-17T20:15:00Z
bar-0012-20250617,1,inst_syn_0012,2025-06-17T13:30:00Z,2025-06-17T20:00:00Z,51.64,52.46,51.51,52.22,1291929,RAW,true,2025-06-17T20:15:00Z
bar-0001-20250618,1,inst_syn_0001,2025-06-18T13:30:00Z,2025-06-18T20:00:00Z,28.51,28.78,28.29,28.60,868876,RAW,true,2025-06-18T20:15:00Z
bar-0002-20250618,1,inst_syn_0002,2025-06-18T13:30:00Z,2025-06-18T20:00:00Z,65.86,66.81,65.09,65.64,397698,RAW,true,2025-06-18T20:15:00Z
bar-0003-20250618,1,inst_syn_0003,2025-06-18T13:30:00Z,2025-06-18T20:00:00Z,28.72,28.74,28.24,28.33,3167005,RAW,true,2025-06-18T20:15:00Z
bar-0004-20250618,1,inst_syn_0004,2025-06-18T13:30:00Z,2025-06-18T20:00:00Z,46.55,47.82,45.87,47.67,1837284,RAW,true,2025-06-18T20:15:00Z
bar-0005-20250618,1,inst_syn_0005,2025-06-18T13:30:00Z,2025-06-18T20:00:00Z,60.23,60.45,59.10,59.36,556579,RAW,true,2025-06-18T20:15:00Z
bar-0006-20250618,1,inst_syn_0006,2025-06-18T13:30:00Z,2025-06-18T20:00:00Z,110.69,112.89,110.06,111.44,900316,RAW,true,2025-06-18T20:15:00Z
bar-0007-20250618,1,inst_syn_0007,2025-06-18T13:30:00Z,2025-06-18T20:00:00Z,17.89,19.04,17.68,18.83,3015963,RAW,true,2025-06-18T20:15:00Z
bar-0008-20250618,1,inst_syn_0008,2025-06-18T13:30:00Z,2025-06-18T20:00:00Z,64.59,65.39,64.16,64.94,727414,RAW,true,2025-06-18T20:15:00Z
bar-0010-20250618,1,inst_syn_0010,2025-06-18T13:30:00Z,2025-06-18T20:00:00Z,7.69,7.70,7.19,7.23,4329010,RAW,true,2025-06-18T20:15:00Z
bar-0011-20250618,1,inst_syn_0011,2025-06-18T13:30:00Z,2025-06-18T20:00:00Z,196.44,199.32,196.27,199.01,4447723,RAW,true,2025-06-18T20:15:00Z
bar-0012-20250618,1,inst_syn_0012,2025-06-18T13:30:00Z,2025-06-18T20:00:00Z,52.24,53.26,52.21,52.89,1626499,RAW,true,2025-06-18T20:15:00Z
bar-0001-20250620,1,inst_syn_0001,2025-06-20T13:30:00Z,2025-06-20T20:00:00Z,28.54,28.73,28.13,28.62,1162815,RAW,true,2025-06-20T20:15:00Z
bar-0002-20250620,1,inst_syn_0002,2025-06-20T13:30:00Z,2025-06-20T20:00:00Z,65.47,67.47,64.36,67.22,366115,RAW,true,2025-06-20T20:15:00Z
bar-0003-20250620,1,inst_syn_0003,2025-06-20T13:30:00Z,2025-06-20T20:00:00Z,28.38,28.56,28.17,28.18,2401162,RAW,true,2025-06-20T20:15:00Z
bar-0004-20250620,1,inst_syn_0004,2025-06-20T13:30:00Z,2025-06-20T20:00:00Z,47.26,47.83,46.59,46.87,1070840,RAW,true,2025-06-20T20:15:00Z
bar-0005-20250620,1,inst_syn_0005,2025-06-20T13:30:00Z,2025-06-20T20:00:00Z,59.74,59.91,58.51,58.73,493015,RAW,true,2025-06-20T20:15:00Z
bar-0006-20250620,1,inst_syn_0006,2025-06-20T13:30:00Z,2025-06-20T20:00:00Z,112.09,114.66,111.88,113.02,520987,RAW,true,2025-06-20T20:15:00Z
bar-0007-20250620,1,inst_syn_0007,2025-06-20T13:30:00Z,2025-06-20T20:00:00Z,18.99,19.02,17.94,18.23,3652440,RAW,true,2025-06-20T20:15:00Z
bar-0008-20250620,1,inst_syn_0008,2025-06-20T13:30:00Z,2025-06-20T20:00:00Z,65.03,65.30,64.71,64.80,660416,RAW,true,2025-06-20T20:15:00Z
bar-0010-20250620,1,inst_syn_0010,2025-06-20T13:30:00Z,2025-06-20T20:00:00Z,7.21,7.28,6.99,7.05,4154274,RAW,true,2025-06-20T20:15:00Z
bar-0011-20250620,1,inst_syn_0011,2025-06-20T13:30:00Z,2025-06-20T20:00:00Z,198.41,199.48,197.98,198.56,2504775,RAW,true,2025-06-20T20:15:00Z
bar-0012-20250620,1,inst_syn_0012,2025-06-20T13:30:00Z,2025-06-20T20:00:00Z,52.48,53.13,51.71,52.39,1571469,RAW,true,2025-06-20T20:15:00Z
bar-0001-20250623,1,inst_syn_0001,2025-06-23T13:30:00Z,2025-06-23T20:00:00Z,28.45,28.53,27.91,28.13,717221,RAW,true,2025-06-23T20:15:00Z
bar-0002-20250623,1,inst_syn_0002,2025-06-23T13:30:00Z,2025-06-23T20:00:00Z,67.12,67.28,65.37,65.72,637587,RAW,true,2025-06-23T20:15:00Z
bar-0003-20250623,1,inst_syn_0003,2025-06-23T13:30:00Z,2025-06-23T20:00:00Z,28.48,28.52,28.32,28.40,3689532,RAW,true,2025-06-23T20:15:00Z
bar-0004-20250623,1,inst_syn_0004,2025-06-23T13:30:00Z,2025-06-23T20:00:00Z,46.66,47.49,46.47,47.31,1057585,RAW,true,2025-06-23T20:15:00Z
bar-0005-20250623,1,inst_syn_0005,2025-06-23T13:30:00Z,2025-06-23T20:00:00Z,59.10,60.06,59.08,59.90,907185,RAW,true,2025-06-23T20:15:00Z
bar-0006-20250623,1,inst_syn_0006,2025-06-23T13:30:00Z,2025-06-23T20:00:00Z,111.79,114.02,111.08,113.27,667016,RAW,true,2025-06-23T20:15:00Z
bar-0007-20250623,1,inst_syn_0007,2025-06-23T13:30:00Z,2025-06-23T20:00:00Z,18.19,18.81,18.10,18.53,3827774,RAW,true,2025-06-23T20:15:00Z
bar-0008-20250623,1,inst_syn_0008,2025-06-23T13:30:00Z,2025-06-23T20:00:00Z,65.49,66.38,64.77,66.09,903780,RAW,true,2025-06-23T20:15:00Z
bar-0010-20250623,1,inst_syn_0010,2025-06-23T13:30:00Z,2025-06-23T20:00:00Z,6.96,7.16,6.78,7.02,2341317,RAW,true,2025-06-23T20:15:00Z
bar-0011-20250623,1,inst_syn_0011,2025-06-23T13:30:00Z,2025-06-23T20:00:00Z,197.83,200.94,197.12,199.80,7821637,RAW,true,2025-06-23T20:15:00Z
bar-0012-20250623,1,inst_syn_0012,2025-06-23T13:30:00Z,2025-06-23T20:00:00Z,52.09,52.79,51.64,52.51,1781872,RAW,true,2025-06-23T20:15:00Z
bar-0001-20250624,1,inst_syn_0001,2025-06-24T13:30:00Z,2025-06-24T20:00:00Z,28.19,28.34,27.30,27.73,1072160,RAW,true,2025-06-24T20:15:00Z
bar-0002-20250624,1,inst_syn_0002,2025-06-24T13:30:00Z,2025-06-24T20:00:00Z,64.92,67.20,64.78,66.95,432256,RAW,true,2025-06-24T20:15:00Z
bar-0003-20250624,1,inst_syn_0003,2025-06-24T13:30:00Z,2025-06-24T20:00:00Z,28.19,28.67,27.75,27.92,1990967,RAW,true,2025-06-24T20:15:00Z
bar-0004-20250624,1,inst_syn_0004,2025-06-24T13:30:00Z,2025-06-24T20:00:00Z,47.49,47.62,47.21,47.39,1024411,RAW,true,2025-06-24T20:15:00Z
bar-0005-20250624,1,inst_syn_0005,2025-06-24T13:30:00Z,2025-06-24T20:00:00Z,60.12,60.92,59.50,60.01,739519,RAW,true,2025-06-24T20:15:00Z
bar-0006-20250624,1,inst_syn_0006,2025-06-24T13:30:00Z,2025-06-24T20:00:00Z,111.43,115.38,110.49,114.82,598678,RAW,true,2025-06-24T20:15:00Z
bar-0007-20250624,1,inst_syn_0007,2025-06-24T13:30:00Z,2025-06-24T20:00:00Z,18.61,19.12,18.56,18.83,3228978,RAW,true,2025-06-24T20:15:00Z
bar-0008-20250624,1,inst_syn_0008,2025-06-24T13:30:00Z,2025-06-24T20:00:00Z,65.30,67.25,64.68,67.13,633786,RAW,true,2025-06-24T20:15:00Z
bar-0010-20250624,1,inst_syn_0010,2025-06-24T13:30:00Z,2025-06-24T20:00:00Z,7.06,7.07,6.93,6.97,2991910,RAW,true,2025-06-24T20:15:00Z
bar-0011-20250624,1,inst_syn_0011,2025-06-24T13:30:00Z,2025-06-24T20:00:00Z,198.65,201.47,197.86,200.61,4181820,RAW,true,2025-06-24T20:15:00Z
bar-0012-20250624,1,inst_syn_0012,2025-06-24T13:30:00Z,2025-06-24T20:00:00Z,52.29,53.26,52.14,52.93,1797764,RAW,true,2025-06-24T20:15:00Z
bar-0001-20250625,1,inst_syn_0001,2025-06-25T13:30:00Z,2025-06-25T20:00:00Z,27.84,28.25,27.80,28.08,855422,RAW,true,2025-06-25T20:15:00Z
bar-0002-20250625,1,inst_syn_0002,2025-06-25T13:30:00Z,2025-06-25T20:00:00Z,67.00,68.33,66.89,67.17,451839,RAW,true,2025-06-25T20:15:00Z
bar-0003-20250625,1,inst_syn_0003,2025-06-25T13:30:00Z,2025-06-25T20:00:00Z,27.81,28.38,27.29,28.35,2061526,RAW,true,2025-06-25T20:15:00Z
bar-0004-20250625,1,inst_syn_0004,2025-06-25T13:30:00Z,2025-06-25T20:00:00Z,47.47,47.71,47.06,47.17,1310521,RAW,true,2025-06-25T20:15:00Z
bar-0005-20250625,1,inst_syn_0005,2025-06-25T13:30:00Z,2025-06-25T20:00:00Z,59.89,61.99,59.75,61.57,718909,RAW,true,2025-06-25T20:15:00Z
bar-0006-20250625,1,inst_syn_0006,2025-06-25T13:30:00Z,2025-06-25T20:00:00Z,114.41,115.51,112.32,112.77,870364,RAW,true,2025-06-25T20:15:00Z
bar-0007-20250625,1,inst_syn_0007,2025-06-25T13:30:00Z,2025-06-25T20:00:00Z,18.88,18.98,18.53,18.68,4274150,RAW,true,2025-06-25T20:15:00Z
bar-0008-20250625,1,inst_syn_0008,2025-06-25T13:30:00Z,2025-06-25T20:00:00Z,67.45,68.18,67.06,67.72,443863,RAW,true,2025-06-25T20:15:00Z
bar-0010-20250625,1,inst_syn_0010,2025-06-25T13:30:00Z,2025-06-25T20:00:00Z,7.02,7.19,7.00,7.16,2102255,RAW,true,2025-06-25T20:15:00Z
bar-0011-20250625,1,inst_syn_0011,2025-06-25T13:30:00Z,2025-06-25T20:00:00Z,200.97,201.13,200.34,200.92,5345428,RAW,true,2025-06-25T20:15:00Z
bar-0012-20250625,1,inst_syn_0012,2025-06-25T13:30:00Z,2025-06-25T20:00:00Z,53.06,53.86,52.98,53.43,2547064,RAW,true,2025-06-25T20:15:00Z
bar-0001-20250626,1,inst_syn_0001,2025-06-26T13:30:00Z,2025-06-26T20:00:00Z,28.35,28.62,28.04,28.20,908737,RAW,true,2025-06-26T20:15:00Z
bar-0002-20250626,1,inst_syn_0002,2025-06-26T13:30:00Z,2025-06-26T20:00:00Z,67.31,68.48,67.30,68.18,511666,RAW,true,2025-06-26T20:15:00Z
bar-0003-20250626,1,inst_syn_0003,2025-06-26T13:30:00Z,2025-06-26T20:00:00Z,28.51,28.79,26.94,27.00,3145698,RAW,true,2025-06-26T20:15:00Z
bar-0004-20250626,1,inst_syn_0004,2025-06-26T13:30:00Z,2025-06-26T20:00:00Z,46.96,47.62,46.93,47.08,1425360,RAW,true,2025-06-26T20:15:00Z
bar-0005-20250626,1,inst_syn_0005,2025-06-26T13:30:00Z,2025-06-26T20:00:00Z,62.05,62.20,60.90,61.31,593159,RAW,true,2025-06-26T20:15:00Z
bar-0006-20250626,1,inst_syn_0006,2025-06-26T13:30:00Z,2025-06-26T20:00:00Z,110.94,113.47,110.67,112.19,779780,RAW,true,2025-06-26T20:15:00Z
bar-0007-20250626,1,inst_syn_0007,2025-06-26T13:30:00Z,2025-06-26T20:00:00Z,18.65,19.07,18.50,18.85,3263392,RAW,true,2025-06-26T20:15:00Z
bar-0008-20250626,1,inst_syn_0008,2025-06-26T13:30:00Z,2025-06-26T20:00:00Z,67.96,68.17,65.63,65.91,667716,RAW,true,2025-06-26T20:15:00Z
bar-0010-20250626,1,inst_syn_0010,2025-06-26T13:30:00Z,2025-06-26T20:00:00Z,7.26,7.36,6.88,6.90,5552920,RAW,true,2025-06-26T20:15:00Z
bar-0011-20250626,1,inst_syn_0011,2025-06-26T13:30:00Z,2025-06-26T20:00:00Z,200.26,201.50,199.57,201.06,3235539,RAW,true,2025-06-26T20:15:00Z
bar-0012-20250626,1,inst_syn_0012,2025-06-26T13:30:00Z,2025-06-26T20:00:00Z,52.97,53.17,52.86,52.99,1646357,RAW,true,2025-06-26T20:15:00Z
bar-0001-20250627,1,inst_syn_0001,2025-06-27T13:30:00Z,2025-06-27T20:00:00Z,28.37,28.72,27.38,27.62,1124376,RAW,true,2025-06-27T20:15:00Z
bar-0002-20250627,1,inst_syn_0002,2025-06-27T13:30:00Z,2025-06-27T20:00:00Z,66.86,68.73,66.77,68.57,608214,RAW,true,2025-06-27T20:15:00Z
bar-0003-20250627,1,inst_syn_0003,2025-06-27T13:30:00Z,2025-06-27T20:00:00Z,26.90,27.57,26.86,27.08,831858,RAW,true,2025-06-27T20:15:00Z
bar-0004-20250627,1,inst_syn_0004,2025-06-27T13:30:00Z,2025-06-27T20:00:00Z,47.55,48.15,45.54,45.67,1609189,RAW,true,2025-06-27T20:15:00Z
bar-0005-20250627,1,inst_syn_0005,2025-06-27T13:30:00Z,2025-06-27T20:00:00Z,61.27,61.58,59.62,60.78,691746,RAW,true,2025-06-27T20:15:00Z
bar-0006-20250627,1,inst_syn_0006,2025-06-27T13:30:00Z,2025-06-27T20:00:00Z,110.73,112.98,110.37,111.72,379922,RAW,true,2025-06-27T20:15:00Z
bar-0007-20250627,1,inst_syn_0007,2025-06-27T13:30:00Z,2025-06-27T20:00:00Z,19.05,19.13,18.84,18.87,4432679,RAW,true,2025-06-27T20:15:00Z
bar-0010-20250627,1,inst_syn_0010,2025-06-27T13:30:00Z,2025-06-27T20:00:00Z,6.92,7.13,6.72,6.78,2382379,RAW,true,2025-06-27T20:15:00Z
bar-0011-20250627,1,inst_syn_0011,2025-06-27T13:30:00Z,2025-06-27T20:00:00Z,200.19,201.32,197.39,198.77,4673189,RAW,true,2025-06-27T20:15:00Z
bar-0012-20250627,1,inst_syn_0012,2025-06-27T13:30:00Z,2025-06-27T20:00:00Z,53.12,53.16,52.52,52.64,1840159,RAW,true,2025-06-27T20:15:00Z
bar-0001-20250630,1,inst_syn_0001,2025-06-30T13:30:00Z,2025-06-30T20:00:00Z,27.94,28.25,27.63,27.99,1037980,RAW,true,2025-06-30T20:15:00Z
bar-0002-20250630,1,inst_syn_0002,2025-06-30T13:30:00Z,2025-06-30T20:00:00Z,68.23,69.10,68.18,68.58,341845,RAW,true,2025-06-30T20:15:00Z
bar-0003-20250630,1,inst_syn_0003,2025-06-30T13:30:00Z,2025-06-30T20:00:00Z,26.84,27.22,25.55,26.06,3405733,RAW,true,2025-06-30T20:15:00Z
bar-0004-20250630,1,inst_syn_0004,2025-06-30T13:30:00Z,2025-06-30T20:00:00Z,45.81,45.86,44.54,45.44,728384,RAW,true,2025-06-30T20:15:00Z
bar-0005-20250630,1,inst_syn_0005,2025-06-30T13:30:00Z,2025-06-30T20:00:00Z,61.19,61.27,60.36,60.44,683145,RAW,true,2025-06-30T20:15:00Z
bar-0006-20250630,1,inst_syn_0006,2025-06-30T13:30:00Z,2025-06-30T20:00:00Z,111.32,114.04,111.13,112.45,671477,RAW,true,2025-06-30T20:15:00Z
bar-0007-20250630,1,inst_syn_0007,2025-06-30T13:30:00Z,2025-06-30T20:00:00Z,18.75,18.95,18.13,18.48,5369738,RAW,true,2025-06-30T20:15:00Z
bar-0010-20250630,1,inst_syn_0010,2025-06-30T13:30:00Z,2025-06-30T20:00:00Z,6.91,7.00,6.38,6.46,3766310,RAW,true,2025-06-30T20:15:00Z
bar-0011-20250630,1,inst_syn_0011,2025-06-30T13:30:00Z,2025-06-30T20:00:00Z,199.48,200.01,195.77,197.98,5477786,RAW,true,2025-06-30T20:15:00Z
bar-0012-20250630,1,inst_syn_0012,2025-06-30T13:30:00Z,2025-06-30T20:00:00Z,52.79,52.91,52.23,52.45,2059111,RAW,true,2025-06-30T20:15:00Z
bar-0001-20250701,1,inst_syn_0001,2025-07-01T13:30:00Z,2025-07-01T20:00:00Z,28.17,28.21,28.05,28.08,865033,RAW,true,2025-07-01T20:15:00Z
bar-0002-20250701,1,inst_syn_0002,2025-07-01T13:30:00Z,2025-07-01T20:00:00Z,68.40,69.06,68.33,68.97,396071,RAW,true,2025-07-01T20:15:00Z
bar-0003-20250701,1,inst_syn_0003,2025-07-01T13:30:00Z,2025-07-01T20:00:00Z,26.10,26.11,25.07,25.69,2824329,RAW,true,2025-07-01T20:15:00Z
bar-0004-20250701,1,inst_syn_0004,2025-07-01T13:30:00Z,2025-07-01T20:00:00Z,45.00,45.39,44.61,44.77,1530112,RAW,true,2025-07-01T20:15:00Z
bar-0005-20250701,1,inst_syn_0005,2025-07-01T13:30:00Z,2025-07-01T20:00:00Z,60.48,61.42,59.71,61.17,916890,RAW,true,2025-07-01T20:15:00Z
bar-0006-20250701,1,inst_syn_0006,2025-07-01T13:30:00Z,2025-07-01T20:00:00Z,112.21,112.73,110.56,111.93,429004,RAW,true,2025-07-01T20:15:00Z
bar-0007-20250701,1,inst_syn_0007,2025-07-01T13:30:00Z,2025-07-01T20:00:00Z,18.73,19.15,18.06,18.16,3430103,RAW,true,2025-07-01T20:15:00Z
bar-0010-20250701,1,inst_syn_0010,2025-07-01T13:30:00Z,2025-07-01T20:00:00Z,6.34,6.76,6.27,6.66,2168236,RAW,true,2025-07-01T20:15:00Z
bar-0011-20250701,1,inst_syn_0011,2025-07-01T13:30:00Z,2025-07-01T20:00:00Z,198.37,198.65,196.43,196.80,6045226,RAW,true,2025-07-01T20:15:00Z
bar-0012-20250701,1,inst_syn_0012,2025-07-01T13:30:00Z,2025-07-01T20:00:00Z,52.49,52.56,52.22,52.41,2556869,RAW,true,2025-07-01T20:15:00Z
bar-0001-20250702,1,inst_syn_0001,2025-07-02T13:30:00Z,2025-07-02T20:00:00Z,28.26,28.34,27.81,28.09,979756,RAW,true,2025-07-02T20:15:00Z
bar-0002-20250702,1,inst_syn_0002,2025-07-02T13:30:00Z,2025-07-02T20:00:00Z,68.62,69.71,68.23,69.53,538569,RAW,true,2025-07-02T20:15:00Z
bar-0003-20250702,1,inst_syn_0003,2025-07-02T13:30:00Z,2025-07-02T20:00:00Z,25.80,25.84,25.27,25.63,2047776,RAW,true,2025-07-02T20:15:00Z
bar-0004-20250702,1,inst_syn_0004,2025-07-02T13:30:00Z,2025-07-02T20:00:00Z,45.23,45.35,44.27,45.08,802652,RAW,true,2025-07-02T20:15:00Z
bar-0005-20250702,1,inst_syn_0005,2025-07-02T13:30:00Z,2025-07-02T20:00:00Z,61.01,61.30,60.14,60.75,548269,RAW,true,2025-07-02T20:15:00Z
bar-0006-20250702,1,inst_syn_0006,2025-07-02T13:30:00Z,2025-07-02T20:00:00Z,112.30,113.41,109.95,110.78,543866,RAW,true,2025-07-02T20:15:00Z
bar-0007-20250702,1,inst_syn_0007,2025-07-02T13:30:00Z,2025-07-02T20:00:00Z,18.17,18.44,17.62,17.67,3577637,RAW,true,2025-07-02T20:15:00Z
bar-0010-20250702,1,inst_syn_0010,2025-07-02T13:30:00Z,2025-07-02T20:00:00Z,6.57,6.60,6.53,6.56,2621079,RAW,true,2025-07-02T20:15:00Z
bar-0011-20250702,1,inst_syn_0011,2025-07-02T13:30:00Z,2025-07-02T20:00:00Z,196.90,197.23,196.33,196.52,4382046,RAW,true,2025-07-02T20:15:00Z
bar-0012-20250702,1,inst_syn_0012,2025-07-02T13:30:00Z,2025-07-02T20:00:00Z,52.04,52.62,51.89,52.61,786394,RAW,true,2025-07-02T20:15:00Z
bar-0001-20250703,1,inst_syn_0001,2025-07-03T13:30:00Z,2025-07-03T20:00:00Z,28.19,28.53,27.92,28.03,751050,RAW,true,2025-07-03T20:15:00Z
bar-0002-20250703,1,inst_syn_0002,2025-07-03T13:30:00Z,2025-07-03T20:00:00Z,69.11,70.85,68.84,70.09,424529,RAW,true,2025-07-03T20:15:00Z
bar-0003-20250703,1,inst_syn_0003,2025-07-03T13:30:00Z,2025-07-03T20:00:00Z,26.16,26.61,26.06,26.18,2578271,RAW,true,2025-07-03T20:15:00Z
bar-0004-20250703,1,inst_syn_0004,2025-07-03T13:30:00Z,2025-07-03T20:00:00Z,44.31,45.74,43.97,45.37,1504826,RAW,true,2025-07-03T20:15:00Z
bar-0005-20250703,1,inst_syn_0005,2025-07-03T13:30:00Z,2025-07-03T20:00:00Z,61.45,62.61,61.12,61.64,424446,RAW,true,2025-07-03T20:15:00Z
bar-0006-20250703,1,inst_syn_0006,2025-07-03T13:30:00Z,2025-07-03T20:00:00Z,110.04,114.54,108.49,114.46,886010,RAW,true,2025-07-03T20:15:00Z
bar-0007-20250703,1,inst_syn_0007,2025-07-03T13:30:00Z,2025-07-03T20:00:00Z,17.92,18.14,17.49,17.71,2387312,RAW,true,2025-07-03T20:15:00Z
bar-0010-20250703,1,inst_syn_0010,2025-07-03T13:30:00Z,2025-07-03T20:00:00Z,6.65,6.76,6.57,6.73,2398932,RAW,true,2025-07-03T20:15:00Z
bar-0011-20250703,1,inst_syn_0011,2025-07-03T13:30:00Z,2025-07-03T20:00:00Z,196.44,200.19,196.21,199.17,3547024,RAW,true,2025-07-03T20:15:00Z
bar-0012-20250703,1,inst_syn_0012,2025-07-03T13:30:00Z,2025-07-03T20:00:00Z,52.63,53.34,52.06,53.16,2641901,RAW,true,2025-07-03T20:15:00Z
bar-0001-20250707,1,inst_syn_0001,2025-07-07T13:30:00Z,2025-07-07T20:00:00Z,27.97,27.99,27.58,27.91,1480665,RAW,true,2025-07-07T20:15:00Z
bar-0002-20250707,1,inst_syn_0002,2025-07-07T13:30:00Z,2025-07-07T20:00:00Z,70.27,70.79,69.85,70.31,246921,RAW,true,2025-07-07T20:15:00Z
bar-0003-20250707,1,inst_syn_0003,2025-07-07T13:30:00Z,2025-07-07T20:00:00Z,26.41,26.72,25.75,26.39,2347329,RAW,true,2025-07-07T20:15:00Z
bar-0004-20250707,1,inst_syn_0004,2025-07-07T13:30:00Z,2025-07-07T20:00:00Z,45.15,46.30,44.95,46.22,1219765,RAW,true,2025-07-07T20:15:00Z
bar-0005-20250707,1,inst_syn_0005,2025-07-07T13:30:00Z,2025-07-07T20:00:00Z,61.66,64.04,60.82,63.55,709724,RAW,true,2025-07-07T20:15:00Z
bar-0006-20250707,1,inst_syn_0006,2025-07-07T13:30:00Z,2025-07-07T20:00:00Z,114.73,116.20,114.51,116.16,536465,RAW,true,2025-07-07T20:15:00Z
bar-0007-20250707,1,inst_syn_0007,2025-07-07T13:30:00Z,2025-07-07T20:00:00Z,17.87,18.07,17.72,17.94,2452526,RAW,true,2025-07-07T20:15:00Z
bar-0010-20250707,1,inst_syn_0010,2025-07-07T13:30:00Z,2025-07-07T20:00:00Z,6.56,7.03,6.39,6.99,4167796,RAW,true,2025-07-07T20:15:00Z
bar-0011-20250707,1,inst_syn_0011,2025-07-07T13:30:00Z,2025-07-07T20:00:00Z,199.77,201.41,199.48,200.18,6516937,RAW,true,2025-07-07T20:15:00Z
bar-0012-20250707,1,inst_syn_0012,2025-07-07T13:30:00Z,2025-07-07T20:00:00Z,53.56,54.20,53.22,53.97,2386041,RAW,true,2025-07-07T20:15:00Z
bar-0001-20250708,1,inst_syn_0001,2025-07-08T13:30:00Z,2025-07-08T20:00:00Z,28.13,28.38,27.08,27.15,1012283,RAW,true,2025-07-08T20:15:00Z
bar-0002-20250708,1,inst_syn_0002,2025-07-08T13:30:00Z,2025-07-08T20:00:00Z,70.53,71.04,69.88,70.36,557325,RAW,true,2025-07-08T20:15:00Z
bar-0003-20250708,1,inst_syn_0003,2025-07-08T13:30:00Z,2025-07-08T20:00:00Z,26.59,27.36,26.43,26.81,2068413,RAW,true,2025-07-08T20:15:00Z
bar-0004-20250708,1,inst_syn_0004,2025-07-08T13:30:00Z,2025-07-08T20:00:00Z,46.31,46.37,44.87,45.47,1092230,RAW,true,2025-07-08T20:15:00Z
bar-0005-20250708,1,inst_syn_0005,2025-07-08T13:30:00Z,2025-07-08T20:00:00Z,63.55,65.13,62.92,64.74,715599,RAW,true,2025-07-08T20:15:00Z
bar-0006-20250708,1,inst_syn_0006,2025-07-08T13:30:00Z,2025-07-08T20:00:00Z,116.00,118.29,113.36,115.30,436005,RAW,true,2025-07-08T20:15:00Z
bar-0007-20250708,1,inst_syn_0007,2025-07-08T13:30:00Z,2025-07-08T20:00:00Z,17.79,18.35,17.56,18.32,4995022,RAW,true,2025-07-08T20:15:00Z
bar-0010-20250708,1,inst_syn_0010,2025-07-08T13:30:00Z,2025-07-08T20:00:00Z,7.04,7.05,6.43,6.59,2799024,RAW,true,2025-07-08T20:15:00Z
bar-0011-20250708,1,inst_syn_0011,2025-07-08T13:30:00Z,2025-07-08T20:00:00Z,199.65,201.13,199.62,200.56,4775588,RAW,true,2025-07-08T20:15:00Z
bar-0012-20250708,1,inst_syn_0012,2025-07-08T13:30:00Z,2025-07-08T20:00:00Z,54.22,54.54,53.43,53.79,1479173,RAW,true,2025-07-08T20:15:00Z
